ID,Nation,Baujahr,Leistung,Gewicht,Motor,Antrieb,Index
252,Denmark,2009,315,890,V8,RWD,150
258,Germany,2013,570 BHP,860 KG,"3,4L V8",RWD,55
,,,,,,,
,,,,,,,
,,,,,,,
,,,,,,,#N/A
Grand Prix,France,,38,"3,793",Europe,,TC
Bridge,France,,38,"3,840",Europe,,TC
Classic,France,,38,"3,628",Europe,,TC
Classic Sprint,France,,38,"3,356",Europe,,TC
National,France,,38,"3,604",Europe,,TC
,,,,,,,
,,,,,,,
,,,,,,,
,,,,,,,
,,,,,,,
,,,,,,,
,,,,,,,
,,,,,,,
,,,,,,,
,,,,,,,
,,,,,,,
,,,,,,,
,,,,,,,
,,,,,,,
,,,,,,,
,,,,,,,
,,,,,,,
,,,,,,,
,,,,,,,
,,,,,,,
,,,,,,,
,,,,,,,
,,,,,,,
,,,,,,,
,,,,,,,
,,,,,,,
,,,,,,,
,,,,,,,
,,,,,,,
,,,,,,,
,,,,,,,
,,,,,,,
,,,,,,,
,,,,,,,
,,,,,,,
,,,,,,,
,,,,,,,
,,,,,,,
,,,,,,,
,,,,,,,
,,,,,,,
,,,,,,,
,,,,,,,
,,,,,,,
,,,,,,,
,,,,,,,
,,,,,,,
,,,,,,,
,,,,,,,
,,,,,,,
,,,,,,,
,,,,,,,
,,,,,,,
,,,,,,,
,,,,,,,
,,,,,,,
,,,,,,,
,,,,,,,
,,,,,,,
,,,,,,,
,,,,,,,
,,,,,,,
,,,,,,,
,,,,,,,
,,,,,,,
,,,,,,,
,,,,,,,
,,,,,,,
,,,,,,,
,,,,,,,
,,,,,,,
,,,,,,,
,,,,,,,
,,,,,,,
,,,,,,,
,,,,,,,
,,,,,,,
,,,,,,,
,,,,,,,
,,,,,,,
,,,,,,,
,,,,,,,
,,,,,,,
,,,,,,,
,,,,,,,
,,,,,,,
,,,,,,,
,,,,,,,
,,,,,,,
,,,,,,,
,,,,,,,
,,,,,,,
,,,,,,,
,,,,,,,
,,,,,,,
,,,,,,,
,,,,,,,
,,,,,,,
,,,,,,,
,,,,,,,
,,,,,,,
,,,,,,,
,,,,,,,
,,,,,,,
,,,,,,,
,,,,,,,
,,,,,,,
,,,,,,,
,,,,,,,
,,,,,,,
,,,,,,,
,,,,,,,
,,,,,,,
,,,,,,,
,,,,,,,
,,,,,,,
,,,,,,,
,,,,,,,
,,,,,,,
,,,,,,,
,,,,,,,
,,,,,,,
,,,,,,,
,,,,,,,
,,,,,,,
,,,,,,,
,,,,,,,
,,,,,,,
,,,,,,,
,,,,,,,
,,,,,,,
,,,,,,,
,,,,,,,
,,,,,,,
,,,,,,,
,,,,,,,
,,,,,,,
,,,,,,,
,,,,,,,
,,,,,,,
,,,,,,,
,,,,,,,
,,,,,,,
,,,,,,,
,,,,,,,
,,,,,,,
,,,,,,,
,,,,,,,
,,,,,,,
,,,,,,,
,,,,,,,
,,,,,,,
,,,,,,,
,,,,,,,
,,,,,,,
,,,,,,,
,,,,,,,
,,,,,,,
,,,,,,,
,,,,,,,
,,,,,,,
,,,,,,,
,,,,,,,
,,,,,,,
,,,,,,,
,,,,,,,
,,,,,,,
,,,,,,,
,,,,,,,
,,,,,,,
,,,,,,,
,,,,,,,
,,,,,,,
,,,,,,,
,,,,,,,
,,,,,,,
,,,,,,,
,,,,,,,
,,,,,,,
,,,,,,,
,,,,,,,
,,,,,,,
,,,,,,,
,,,,,,,
,,,,,,,
,,,,,,,
,,,,,,,
,,,,,,,
,,,,,,,
,,,,,,,
,,,,,,,
,,,,,,,
,,,,,,,
,,,,,,,
,,,,,,,
,,,,,,,
,,,,,,,
,,,,,,,
,,,,,,,
,,,,,,,
,,,,,,,
,,,,,,,
,,,,,,,
,,,,,,,
,,,,,,,
,,,,,,,
,,,,,,,
,,,,,,,
,,,,,,,
,,,,,,,
,,,,,,,
,,,,,,,
,,,,,,,
,,,,,,,
,,,,,,,
,,,,,,,
,,,,,,,
,,,,,,,
,,,,,,,
,,,,,,,
,,,,,,,
,,,,,,,
,,,,,,,
,,,,,,,
,,,,,,,
,,,,,,,
,,,,,,,
,,,,,,,
,,,,,,,
,,,,,,,
,,,,,,,
,,,,,,,
,,,,,,,
,,,,,,,
,,,,,,,
,,,,,,,
,,,,,,,
,,,,,,,
,,,,,,,
,,,,,,,
,,,,,,,
,,,,,,,
,,,,,,,
,,,,,,,
,,,,,,,
,,,,,,,
,,,,,,,
,,,,,,,
,,,,,,,
,,,,,,,
,,,,,,,
,,,,,,,
,,,,,,,
,,,,,,,
,,,,,,,
,,,,,,,
,,,,,,,
,,,,,,,
,,,,,,,
,,,,,,,
,,,,,,,
,,,,,,,
,,,,,,,
,,,,,,,
,,,,,,,
,,,,,,,
,,,,,,,
,,,,,,,
,,,,,,,
,,,,,,,
,,,,,,,
,,,,,,,
,,,,,,,
,,,,,,,
,,,,,,,
,,,,,,,
,,,,,,,
,,,,,,,
,,,,,,,
,,,,,,,
,,,,,,,
,,,,,,,
,,,,,,,
,,,,,,,
,,,,,,,
,,,,,,,
,,,,,,,
,,,,,,,
,,,,,,,
,,,,,,,
,,,,,,,
,,,,,,,
,,,,,,,
,,,,,,,
,,,,,,,
,,,,,,,
,,,,,,,
,,,,,,,
,,,,,,,
,,,,,,,
,,,,,,,
,,,,,,,
,,,,,,,
,,,,,,,
,,,,,,,
,,,,,,,
,,,,,,,
,,,,,,,
,,,,,,,
,,,,,,,
,,,,,,,
,,,,,,,
,,,,,,,
,,,,,,,
,,,,,,,
,,,,,,,
,,,,,,,
,,,,,,,
,,,,,,,
,,,,,,,
,,,,,,,
,,,,,,,
,,,,,,,
,,,,,,,
,,,,,,,
,,,,,,,
,,,,,,,
,,,,,,,
,,,,,,,
,,,,,,,
,,,,,,,
,,,,,,,
,,,,,,,
,,,,,,,
,,,,,,,
,,,,,,,
,,,,,,,
,,,,,,,
,,,,,,,
,,,,,,,
,,,,,,,
,,,,,,,
,,,,,,,
,,,,,,,
,,,,,,,
,,,,,,,
,,,,,,,
,,,,,,,
,,,,,,,
,,,,,,,
,,,,,,,
,,,,,,,
,,,,,,,
,,,,,,,
,,,,,,,
,,,,,,,
,,,,,,,
,,,,,,,
,,,,,,,
,,,,,,,
,,,,,,,
,,,,,,,
,,,,,,,
,,,,,,,
,,,,,,,
,,,,,,,
,,,,,,,
,,,,,,,
,,,,,,,
,,,,,,,
,,,,,,,
,,,,,,,
,,,,,,,
,,,,,,,
,,,,,,,
,,,,,,,
,,,,,,,
,,,,,,,
,,,,,,,
,,,,,,,
,,,,,,,
,,,,,,,
,,,,,,,
,,,,,,,
,,,,,,,
,,,,,,,
,,,,,,,
,,,,,,,
,,,,,,,
,,,,,,,
,,,,,,,
,,,,,,,
,,,,,,,
,,,,,,,
,,,,,,,
,,,,,,,
,,,,,,,
,,,,,,,
,,,,,,,
,,,,,,,
,,,,,,,
,,,,,,,
,,,,,,,
,,,,,,,
,,,,,,,
,,,,,,,
,,,,,,,
,,,,,,,
,,,,,,,
,,,,,,,
,,,,,,,
,,,,,,,
,,,,,,,
,,,,,,,
,,,,,,,
,,,,,,,
,,,,,,,
,,,,,,,
,,,,,,,
,,,,,,,
,,,,,,,
,,,,,,,
,,,,,,,
,,,,,,,
,,,,,,,
,,,,,,,
,,,,,,,
,,,,,,,
,,,,,,,
,,,,,,,
,,,,,,,
,,,,,,,
,,,,,,,
,,,,,,,
,,,,,,,
,,,,,,,
,,,,,,,
,,,,,,,
,,,,,,,
,,,,,,,
,,,,,,,
,,,,,,,
,,,,,,,
,,,,,,,
,,,,,,,
,,,,,,,
,,,,,,,
,,,,,,,
,,,,,,,
,,,,,,,
,,,,,,,
,,,,,,,
,,,,,,,
,,,,,,,
,,,,,,,
,,,,,,,
,,,,,,,
,,,,,,,
,,,,,,,
,,,,,,,
,,,,,,,
,,,,,,,
,,,,,,,
,,,,,,,
,,,,,,,
,,,,,,,
,,,,,,,
,,,,,,,
,,,,,,,
,,,,,,,
,,,,,,,
,,,,,,,
,,,,,,,
,,,,,,,
,,,,,,,
,,,,,,,
,,,,,,,
,,,,,,,
,,,,,,,
,,,,,,,
,,,,,,,
,,,,,,,
,,,,,,,
,,,,,,,
,,,,,,,
,,,,,,,
,,,,,,,
,,,,,,,
,,,,,,,
,,,,,,,
,,,,,,,
,,,,,,,
,,,,,,,
,,,,,,,
,,,,,,,
,,,,,,,
,,,,,,,
,,,,,,,
,,,,,,,
,,,,,,,
,,,,,,,
,,,,,,,
,,,,,,,
,,,,,,,
,,,,,,,
,,,,,,,
,,,,,,,
,,,,,,,
,,,,,,,
,,,,,,,
,,,,,,,
,,,,,,,
,,,,,,,
,,,,,,,
,,,,,,,
,,,,,,,
,,,,,,,
,,,,,,,
,,,,,,,
,,,,,,,
,,,,,,,
,,,,,,,
,,,,,,,
,,,,,,,
,,,,,,,
,,,,,,,
,,,,,,,
,,,,,,,
,,,,,,,
,,,,,,,
,,,,,,,
,,,,,,,
,,,,,,,
,,,,,,,
,,,,,,,
,,,,,,,
,,,,,,,
,,,,,,,
,,,,,,,
,,,,,,,
,,,,,,,
,,,,,,,
,,,,,,,
,,,,,,,
,,,,,,,
,,,,,,,
,,,,,,,
,,,,,,,
,,,,,,,
,,,,,,,
,,,,,,,
,,,,,,,
,,,,,,,
,,,,,,,
,,,,,,,
,,,,,,,
,,,,,,,
,,,,,,,
,,,,,,,
,,,,,,,
,,,,,,,
,,,,,,,
,,,,,,,
,,,,,,,
,,,,,,,
,,,,,,,
,,,,,,,
,,,,,,,
,,,,,,,
,,,,,,,
,,,,,,,
,,,,,,,
,,,,,,,
,,,,,,,
,,,,,,,
,,,,,,,
,,,,,,,
,,,,,,,
,,,,,,,
,,,,,,,
,,,,,,,
,,,,,,,
,,,,,,,
,,,,,,,
,,,,,,,
,,,,,,,
,,,,,,,
,,,,,,,
,,,,,,,
,,,,,,,
,,,,,,,
,,,,,,,
,,,,,,,
,,,,,,,
,,,,,,,
,,,,,,,
,,,,,,,
,,,,,,,
,,,,,,,
,,,,,,,
,,,,,,,
,,,,,,,
,,,,,,,
,,,,,,,
,,,,,,,
,,,,,,,
,,,,,,,
,,,,,,,
,,,,,,,
,,,,,,,
,,,,,,,
,,,,,,,
,,,,,,,
,,,,,,,
,,,,,,,
,,,,,,,
,,,,,,,
,,,,,,,
,,,,,,,
,,,,,,,
,,,,,,,
,,,,,,,
,,,,,,,
,,,,,,,
,,,,,,,
,,,,,,,
,,,,,,,
,,,,,,,
,,,,,,,
,,,,,,,
,,,,,,,
,,,,,,,
,,,,,,,
,,,,,,,
,,,,,,,
,,,,,,,
,,,,,,,
,,,,,,,
,,,,,,,
,,,,,,,
,,,,,,,
,,,,,,,
,,,,,,,
,,,,,,,
,,,,,,,
,,,,,,,
,,,,,,,
,,,,,,,
,,,,,,,
,,,,,,,
,,,,,,,
,,,,,,,
,,,,,,,
,,,,,,,
,,,,,,,
,,,,,,,
,,,,,,,
,,,,,,,
,,,,,,,
,,,,,,,
,,,,,,,
,,,,,,,
,,,,,,,
,,,,,,,
,,,,,,,
,,,,,,,
,,,,,,,
,,,,,,,
,,,,,,,
,,,,,,,
,,,,,,,
,,,,,,,
,,,,,,,
,,,,,,,
,,,,,,,
,,,,,,,
,,,,,,,
,,,,,,,
,,,,,,,
,,,,,,,
,,,,,,,
,,,,,,,
,,,,,,,
,,,,,,,
,,,,,,,
,,,,,,,
,,,,,,,
,,,,,,,
,,,,,,,
,,,,,,,
,,,,,,,
,,,,,,,
,,,,,,,
,,,,,,,
,,,,,,,
,,,,,,,
,,,,,,,
,,,,,,,
,,,,,,,
,,,,,,,
,,,,,,,
,,,,,,,
,,,,,,,
,,,,,,,
,,,,,,,
,,,,,,,
,,,,,,,
,,,,,,,
,,,,,,,
,,,,,,,
,,,,,,,
,,,,,,,
,,,,,,,
,,,,,,,
,,,,,,,
,,,,,,,
,,,,,,,
,,,,,,,
,,,,,,,
,,,,,,,
,,,,,,,
,,,,,,,
,,,,,,,
,,,,,,,
,,,,,,,
,,,,,,,
,,,,,,,
,,,,,,,
,,,,,,,
,,,,,,,
,,,,,,,
,,,,,,,
,,,,,,,
,,,,,,,
,,,,,,,
,,,,,,,
,,,,,,,
,,,,,,,
,,,,,,,
,,,,,,,
,,,,,,,
,,,,,,,
,,,,,,,
,,,,,,,
,,,,,,,
,,,,,,,
,,,,,,,
,,,,,,,
,,,,,,,
,,,,,,,
,,,,,,,
,,,,,,,
,,,,,,,
,,,,,,,
,,,,,,,
,,,,,,,
,,,,,,,
,,,,,,,
,,,,,,,
,,,,,,,
,,,,,,,
,,,,,,,
,,,,,,,
,,,,,,,
,,,,,,,
,,,,,,,
,,,,,,,
,,,,,,,
,,,,,,,
,,,,,,,
,,,,,,,
,,,,,,,
,,,,,,,
,,,,,,,
,,,,,,,
,,,,,,,
,,,,,,,
,,,,,,,
,,,,,,,
,,,,,,,
,,,,,,,
,,,,,,,
,,,,,,,
,,,,,,,
,,,,,,,
,,,,,,,
,,,,,,,
,,,,,,,
,,,,,,,
,,,,,,,
,,,,,,,
,,,,,,,
,,,,,,,
,,,,,,,
,,,,,,,
,,,,,,,
,,,,,,,
,,,,,,,
,,,,,,,
,,,,,,,
,,,,,,,
,,,,,,,
,,,,,,,
,,,,,,,
,,,,,,,
,,,,,,,
,,,,,,,
,,,,,,,
,,,,,,,
,,,,,,,
,,,,,,,
,,,,,,,
,,,,,,,
,,,,,,,
,,,,,,,
,,,,,,,
,,,,,,,
,,,,,,,
,,,,,,,
,,,,,,,
,,,,,,,
,,,,,,,
,,,,,,,
,,,,,,,
,,,,,,,
,,,,,,,
,,,,,,,
,,,,,,,
,,,,,,,
,,,,,,,
,,,,,,,
,,,,,,,
,,,,,,,
,,,,,,,
,,,,,,,
,,,,,,,
,,,,,,,
,,,,,,,
,,,,,,,
,,,,,,,
,,,,,,,
,,,,,,,
,,,,,,,
,,,,,,,
,,,,,,,
,,,,,,,
,,,,,,,
,,,,,,,
,,,,,,,
,,,,,,,
,,,,,,,
,,,,,,,
,,,,,,,
,,,,,,,
,,,,,,,
,,,,,,,
,,,,,,,
,,,,,,,
,,,,,,,
,,,,,,,
,,,,,,,
,,,,,,,
,,,,,,,
,,,,,,,
,,,,,,,
,,,,,,,
,,,,,,,
,,,,,,,
,,,,,,,
,,,,,,,
,,,,,,,
,,,,,,,
,,,,,,,
,,,,,,,
,,,,,,,
,,,,,,,
,,,,,,,
,,,,,,,
,,,,,,,
,,,,,,,
,,,,,,,
,,,,,,,
,,,,,,,
,,,,,,,
,,,,,,,
,,,,,,,
,,,,,,,
,,,,,,,
,,,,,,,
,,,,,,,
,,,,,,,
,,,,,,,
,,,,,,,
,,,,,,,
,,,,,,,
,,,,,,,
,,,,,,,
,,,,,,,
,,,,,,,
,,,,,,,
,,,,,,,
,,,,,,,
,,,,,,,
,,,,,,,
,,,,,,,
,,,,,,,
,,,,,,,
,,,,,,,
,,,,,,,
,,,,,,,
,,,,,,,
,,,,,,,
,,,,,,,
,,,,,,,
,,,,,,,
,,,,,,,
,,,,,,,
,,,,,,,
,,,,,,,
,,,,,,,
,,,,,,,
,,,,,,,
,,,,,,,
,,,,,,,
,,,,,,,
,,,,,,,
,,,,,,,
,,,,,,,
,,,,,,,
,,,,,,,
,,,,,,,
,,,,,,,
,,,,,,,
,,,,,,,
,,,,,,,
,,,,,,,
,,,,,,,
,,,,,,,
,,,,,,,
,,,,,,,
,,,,,,,
,,,,,,,
,,,,,,,
,,,,,,,
,,,,,,,
,,,,,,,
,,,,,,,
,,,,,,,
,,,,,,,
,,,,,,,
,,,,,,,
,,,,,,,
,,,,,,,
,,,,,,,
,,,,,,,
,,,,,,,
,,,,,,,
,,,,,,,
,,,,,,,
,,,,,,,
,,,,,,,
,,,,,,,
,,,,,,,
,,,,,,,
,,,,,,,
,,,,,,,
,,,,,,,
,,,,,,,
,,,,,,,
,,,,,,,
,,,,,,,
,,,,,,,
,,,,,,,
,,,,,,,
,,,,,,,
,,,,,,,
,,,,,,,
,,,,,,,
,,,,,,,
,,,,,,,
,,,,,,,
,,,,,,,
,,,,,,,
,,,,,,,
,,,,,,,
,,,,,,,
,,,,,,,
,,,,,,,
,,,,,,,
,,,,,,,
,,,,,,,
,,,,,,,
,,,,,,,
,,,,,,,
,,,,,,,
,,,,,,,
,,,,,,,
,,,,,,,
,,,,,,,
,,,,,,,
,,,,,,,
,,,,,,,
,,,,,,,
,,,,,,,
,,,,,,,
,,,,,,,
,,,,,,,
,,,,,,,
,,,,,,,
,,,,,,,
,,,,,,,
,,,,,,,
,,,,,,,
,,,,,,,
,,,,,,,
,,,,,,,
,,,,,,,
,,,,,,,
,,,,,,,
,,,,,,,
,,,,,,,
,,,,,,,
,,,,,,,
,,,,,,,
,,,,,,,
,,,,,,,
,,,,,,,
,,,,,,,
,,,,,,,
,,,,,,,
,,,,,,,
,,,,,,,
,,,,,,,
,,,,,,,
,,,,,,,
,,,,,,,
,,,,,,,
,,,,,,,
,,,,,,,
,,,,,,,
,,,,,,,
,,,,,,,
,,,,,,,
,,,,,,,
,,,,,,,
,,,,,,,
,,,,,,,
,,,,,,,
,,,,,,,
,,,,,,,
,,,,,,,
,,,,,,,
,,,,,,,
,,,,,,,
,,,,,,,
,,,,,,,
,,,,,,,
,,,,,,,
,,,,,,,
,,,,,,,
,,,,,,,
,,,,,,,
,,,,,,,
,,,,,,,
,,,,,,,
,,,,,,,
,,,,,,,
,,,,,,,
,,,,,,,
,,,,,,,
,,,,,,,
,,,,,,,
,,,,,,,
,,,,,,,
,,,,,,,
,,,,,,,
,,,,,,,
,,,,,,,
,,,,,,,
,,,,,,,
,,,,,,,
,,,,,,,
,,,,,,,
,,,,,,,
,,,,,,,
,,,,,,,
,,,,,,,
,,,,,,,
,,,,,,,
,,,,,,,
,,,,,,,
,,,,,,,
,,,,,,,
,,,,,,,
,,,,,,,
,,,,,,,
,,,,,,,
,,,,,,,
,,,,,,,
,,,,,,,
,,,,,,,
,,,,,,,
,,,,,,,
,,,,,,,
,,,,,,,
,,,,,,,
,,,,,,,
,,,,,,,
,,,,,,,
,,,,,,,
,,,,,,,
,,,,,,,
,,,,,,,
,,,,,,,
,,,,,,,
,,,,,,,
,,,,,,,
,,,,,,,
,,,,,,,
,,,,,,,
,,,,,,,
,,,,,,,
,,,,,,,
,,,,,,,
,,,,,,,
,,,,,,,
,,,,,,,
,,,,,,,
,,,,,,,
,,,,,,,
,,,,,,,
,,,,,,,
,,,,,,,
,,,,,,,
,,,,,,,
,,,,,,,
,,,,,,,
,,,,,,,
,,,,,,,
,,,,,,,
,,,,,,,
,,,,,,,
,,,,,,,
,,,,,,,
,,,,,,,
,,,,,,,
,,,,,,,
,,,,,,,
,,,,,,,
,,,,,,,
,,,,,,,
,,,,,,,
,,,,,,,
,,,,,,,
,,,,,,,
,,,,,,,
,,,,,,,
,,,,,,,
,,,,,,,
,,,,,,,
,,,,,,,
,,,,,,,
,,,,,,,
,,,,,,,
,,,,,,,
,,,,,,,
,,,,,,,
,,,,,,,
,,,,,,,
,,,,,,,
,,,,,,,
,,,,,,,
,,,,,,,
,,,,,,,
,,,,,,,
,,,,,,,
,,,,,,,
,,,,,,,
,,,,,,,
,,,,,,,
,,,,,,,
,,,,,,,
,,,,,,,
,,,,,,,
,,,,,,,
,,,,,,,
,,,,,,,
,,,,,,,
,,,,,,,
,,,,,,,
,,,,,,,
,,,,,,,
,,,,,,,
,,,,,,,
,,,,,,,
,,,,,,,
,,,,,,,
,,,,,,,
,,,,,,,
,,,,,,,
,,,,,,,
,,,,,,,
,,,,,,,
,,,,,,,
,,,,,,,
,,,,,,,
,,,,,,,
,,,,,,,
,,,,,,,
,,,,,,,
,,,,,,,
,,,,,,,
,,,,,,,
,,,,,,,
,,,,,,,
,,,,,,,
,,,,,,,
,,,,,,,
,,,,,,,
,,,,,,,
,,,,,,,
,,,,,,,
,,,,,,,
,,,,,,,
,,,,,,,
,,,,,,,
,,,,,,,
,,,,,,,
,,,,,,,
,,,,,,,
,,,,,,,
,,,,,,,
,,,,,,,
,,,,,,,
,,,,,,,
,,,,,,,
,,,,,,,
,,,,,,,
,,,,,,,
,,,,,,,
,,,,,,,
,,,,,,,
,,,,,,,
,,,,,,,
,,,,,,,
,,,,,,,
,,,,,,,
,,,,,,,
,,,,,,,
,,,,,,,
,,,,,,,
,,,,,,,
,,,,,,,
,,,,,,,
,,,,,,,
,,,,,,,
,,,,,,,
,,,,,,,
,,,,,,,
,,,,,,,
,,,,,,,
,,,,,,,
,,,,,,,
,,,,,,,
,,,,,,,
,,,,,,,
,,,,,,,
,,,,,,,
,,,,,,,
,,,,,,,
,,,,,,,
,,,,,,,
,,,,,,,
,,,,,,,
,,,,,,,
,,,,,,,
,,,,,,,
,,,,,,,
,,,,,,,
,,,,,,,
,,,,,,,
,,,,,,,
,,,,,,,
,,,,,,,
,,,,,,,
,,,,,,,
,,,,,,,
,,,,,,,
,,,,,,,
,,,,,,,
,,,,,,,
,,,,,,,
,,,,,,,
,,,,,,,
,,,,,,,
,,,,,,,
,,,,,,,
,,,,,,,
,,,,,,,
,,,,,,,
,,,,,,,
,,,,,,,
,,,,,,,
,,,,,,,
,,,,,,,
,,,,,,,
,,,,,,,
,,,,,,,
,,,,,,,
,,,,,,,
,,,,,,,
,,,,,,,
,,,,,,,
,,,,,,,
,,,,,,,
,,,,,,,
,,,,,,,
,,,,,,,
,,,,,,,
,,,,,,,
,,,,,,,
,,,,,,,
,,,,,,,
,,,,,,,
,,,,,,,
,,,,,,,
,,,,,,,
,,,,,,,
,,,,,,,
,,,,,,,
,,,,,,,
,,,,,,,
,,,,,,,
,,,,,,,
,,,,,,,
,,,,,,,
,,,,,,,
,,,,,,,
,,,,,,,
,,,,,,,
,,,,,,,
,,,,,,,
,,,,,,,
,,,,,,,
,,,,,,,
,,,,,,,
,,,,,,,
,,,,,,,
,,,,,,,
,,,,,,,
,,,,,,,
,,,,,,,
,,,,,,,
,,,,,,,
,,,,,,,
,,,,,,,
,,,,,,,
,,,,,,,
,,,,,,,
,,,,,,,
,,,,,,,
,,,,,,,
,,,,,,,
,,,,,,,
,,,,,,,
,,,,,,,
,,,,,,,
,,,,,,,
,,,,,,,
,,,,,,,
,,,,,,,
,,,,,,,
,,,,,,,
,,,,,,,
,,,,,,,
,,,,,,,
,,,,,,,
,,,,,,,
,,,,,,,
,,,,,,,
,,,,,,,
,,,,,,,
,,,,,,,
,,,,,,,
,,,,,,,
,,,,,,,
,,,,,,,
,,,,,,,
,,,,,,,
,,,,,,,
,,,,,,,
,,,,,,,
,,,,,,,
,,,,,,,
,,,,,,,
,,,,,,,
,,,,,,,
,,,,,,,
,,,,,,,
,,,,,,,
,,,,,,,
,,,,,,,
,,,,,,,#N/A
Grand Prix,Italy,,58,"5,793",Europe,,TC
Junior,Italy,,58,"2,405",Europe,,TC
,,,,,,,#N/A
Full,US,,52,"3,823",America,,TC
Chicane,US,,52,"2,880",America,,TC
Short,US,,52,"3,862",America,,TC
,,,,,,,#N/A
Grand Prix,Netherlands,,32,"4,307",Europe,,TC
National,Netherlands,,32,"2,510",Europe,,TC
Club,Netherlands,,32,"2,887",Europe,,TC
,,,,,,,#N/A
Full Run,Sweden,,1,"10,300",Europe,,TC
,,,,,,,#N/A
Grand Prix,Belgium,,38,"4,011",Europe,,TC
,,,,,,,55
1686,United States,2004,615 BHP,1295 Kg,V8,RWD,68
,,,,,,,68
,,,,,,,#N/A
1686,,2004,615 BHP,1295 Kg,V8,RWD,68
,,,,,,,#N/A
Grand Prix,Germany,,46,"5,148",Europe,,TC
,,,,,,,#N/A
Grand Prix,Germany,,34,"4,574",Europe,,TC
1694,Sweden,2010,400,1050,V6,RWD,170
1695,Germany,2009,580 BHP,1325 kg with driver,4.4L V8,RWD,80
,,,,,,,
,,,,,,,#N/A
1694,Sweden,2010,400,1050,V6,RWD,170
,,,,,,,
1700,Germany,1980,650,875,Inline-4,RWD,100
,,,,,,,#N/A
,,,,,,,
,,,,,,,80
,,,,,,,75
,,,,,,,#N/A
,,,,,,,175
,,,,,,,
,,,,,,,100
Full Run,France,,1,"10,5",Europe,,TC
,,,,,,,161
,,,,,,,210
,,,,,,,205
,,,,,,,70
,,,,,,,25
,,,,,,,
,,,,,,,
,,,,,,,170
,,,,,,,
,,,,,,,
,,,,,,,
,,,,,,,
1695,Germany,2009,580 BHP,1325 kg with driver,4.4L V8,RWD,80
,,,,,,,
,,,,,,,
,,,,,,,
,,,,,,,
,,,,,,,
,,,,,,,
,,,,,,,
,,,,,,,
,,,,,,,
,,,,,,,
1733,Germany,2009,540+,1150,V8,RWD,75
,,,,,,,#N/A
1700,Germany,1980,650,875,Inline-4,RWD,100
,,,,,,,#N/A
1733,Germany,2009,540+,1150,V8,RWD,75
1738,Germany,2012,575 BHP,1330kg with driver,4.4L V8,RWD,80
,,,,,,,#N/A
1738,Germany,2012,575 BHP,1330kg with driver,4.4L V8,RWD,80
1741,Sweden,2010,415,1035,Inline-5,RWD,170
,,,,,,,#N/A
1741,Sweden,2010,415,1035,Inline-5,RWD,170
1744,Germany,2012,650+,1490,V12,RWD,175
,,,,,,,#N/A
1744,Germany,2012,650+,1490,V12,RWD,175
1747,US,2009,525+,1150,V8,RWD,75
,,,,,,,#N/A
1747,US,2009,525+,1150,V8,RWD,75
1750,,2010,420,1000,Inline-4,RWD,170
,,,,,,,#N/A
1750,Germany,2010,420,1000,Inline-4,RWD,170
1753,Germany,2010,399,1050,V6,RWD,170
,,,,,,,#N/A
1753,,2010,399,1050,V6,RWD,170
1756,,2009,570,970,V12,RWD,25
,,,,,,,#N/A
1756,,2009,570,970,V12,RWD,25
1759,,2009,450,970,V6,RWD,35
,,,,,,,#N/A
1759,,2009,450,970,V6,RWD,35
,,,,,,,
National,Germany,,32,"3,692",Europe,,TC
Short,Germany,,32,"2,638",Europe,,TC
,,,,,,,
,,,,,,,
,,,,,,,
,,,,,,,
,,,,,,,
,,,,,,,
,,,,,,,
,,,,,,,
,,,,,,,
,,,,,,,
,,,,,,,
,,,,,,,
,,,,,,,
Grand Prix,Portugal,,46,"4,69",Europe,,TC
1779,US,2011,609 BHP,1280 Kg,V8,RWD,68
,,,,,,,#N/A
1779,US,2011,609 BHP,1280 Kg,V8,RWD,68
1782,US,2007,630BHP,1435kg with driver,5.3L V8,RWD,80
Moto,Portugal,,46,"4,15",Europe,,TC
Chicane,Portugal,,46,"3,88",Europe,,TC
Short,Portugal,,46,"3,885",Europe,,TC
,,,,,,,#N/A
1782,,2007,630BHP,1435kg with driver,5.3L V8,RWD,80
1788,Germany,2008,612 BHP,1275 Kg,V8,RWD,68
,,,,,,,#N/A
1788,,2008,612 BHP,1275 Kg,V8,RWD,68
,,,,,,,
,,,,,,,
,,,,,,,
1794,,2007,598 BHP,1275 Kg,V8,RWD,68
,,,,,,,#N/A
1794,,2007,598 BHP,1275 Kg,V8,RWD,68
1797,United Kingdom,2007,600+,1490,V8,RWD,175
,,,,,,,#N/A
1797,United Kingdom,2007,600+,1490,V8,RWD,175
1800,,2009,535,970,V8,RWD,25
,,,,,,,#N/A
1800,,2009,535,970,V8,RWD,25
1803,,2009,450,970,V8,RWD,35
,,,,,,,#N/A
1803,,2009,450,970,V8,RWD,35
,,,,,,,
1807,Japan,2011,653 BHP,1320 Kg,V8,RWD,68
,,,,,,,#N/A
1807,,2011,653 BHP,1320 Kg,V8,RWD,68
,,,,,,,
1811,,2011,600BHP,1370kg with driver,3.8L V6,RWD,80
,,,,,,,
,,,,,,,#N/A
,,,,,,,
1815,Japan,1981,650,1050,Inline-4,RWD,100
,,,,,,,#N/A
1815,Japan,1981,650,1050,Inline-4,RWD,100
1818,Japan,1981,650,1005,Inline-4,RWD,100
,,,,,,,#N/A
1818,Japan,1981,650,1005,Inline-4,RWD,100
1821,Italia,2011,560BHP,1305kg with driver,4.3L V8,RWD,80
,,,,,,,#N/A
1821,Italia,2011,560BHP,1305kg with driver,4.3L V8,RWD,80
1824,Italia,2009,670 BHP,1184 Kg,Mercedes-Benz V12,RWD,90
,,,,,,,#N/A
1824,,2009,670 BHP,1184 Kg,Mercedes-Benz V12,RWD,90
1827,United Kingdom,2006,470,970,Inline-4,RWD,35
,,,,,,,
,,,,,,,#N/A
1827,,2006,470,970,Inline-4,RWD,35
1831,United Kingdom,2006,475,970,V8,RWD,35
,,,,,,,#N/A
1831,,2006,475,970,V8,RWD,35
1834,,2007,612 BHP,1300 Kg,Flat-6,RWD,68
,,,,,,,#N/A
1834,,2007,612 BHP,1300 Kg,Flat-6,RWD,68
1837,,2011,545+,1150,FLAT-6,RWD,75
,,,,,,,#N/A
1837,,2011,545+,1150,FLAT-6,RWD,75
,,,,,,,
Grand Prix,Japan,,46,"5,807",Asia,,TC
,,,,,,,
,,,,,,,
,,,,,,,
,,,,,,,
Mount Panorama,Australia,,36,"6,213",Australien,,TC
,,,,,,,
,,,,,,,
,,,,,,,
Grand Prix,Italy,,38,"4,909",Europe,,TC
,,,,,,,
Grand Prix,US,,46,"4,078",America,,TC
,,,,,,,
WTCC,US,,52,"4,101",America,,TC
,,,,,,,
Grand Prix,US,,50,"3,602",America,,TC
,,,,,,,
,,,,,,,
,,,,,,,
,,,,,,,
,,,,,,,
1862,Germany,1989,320+,1180,Inline-6,RWD,205
,,,,,,,#N/A
1862,Germany,1989,320+,1180,Inline-6,RWD,205
,,,,,,,
Grand Prix,Hungary,,48,"4,381",Europe,,TC
,,,,,,,
1800,,2009,535,970,V8,RWD,25
,,,,,,,
1803,,2009,450,970,V8,RWD,35
,,,,,,,
,,,,,,,
,,,,,,,
,,,,,,,
,,,,,,,
,,,,,,,
,,,,,,,
,,,,,,,
1788,Germany,2008,612 BHP,1275 Kg,V8,RWD,68
,,,,,,,
1700,Germany,1980,650,875,Inline-4,RWD,100
,,,,,,,
1694,,2010,400,1050,V6,RWD,170
,,,,,,,
,,,,,,,
,,,,,,,
,,,,,,,
,,,,,,,
,,,,,,,
,,,,,,,
,,,,,,,
,,,,,,,
,,,,,,,
1794,Sweden,2007,598 BHP,1275 Kg,V8,RWD,68
,,,,,,,
1744,Germany,2012,650+,1490,V12,RWD,175
,,,,,,,
,,,,,,,
,,,,,,,
,,,,,,,
,,,,,,,
1824,Italy,2009,670 BHP,1184 Kg,Mercedes-Benz V12,RWD,90
,,,,,,,
1837,Germany,2011,545+,1150,FLAT-6,RWD,75
,,,,,,,
,,,,,,,
,,,,,,,
,,,,,,,
1909,United Kingdom,2012,575 BHP,1340kg with driver,3.8L V8,RWD,80
,,,,,,,#N/A
1909,United Kingdom,2012,575 BHP,1340kg with driver,3.8L V8,RWD,80
,,,,,,,
,,,,,,,
,,,,,,,
,,,,,,,
,,,,,,,
,,,,,,,
,,,,,,,
,,,,,,,
,,,,,,,
,,,,,,,40
,,,,,,,145
,,,,,,,35
,,,,,,,
,,,,,,,
,,,,,,,
,,,,,,,
,,,,,,,
,,,,,,,
,,,,,,,
,,,,,,,
,,,,,,,
,,,,,,,
252,,2009,315,890,V8,RWD,150
,,,,,,,#N/A
252,,2009,315,890,V8,RWD,150
252,,2009,315,890,V8,RWD,150
,,,,,,,#N/A
252,,2009,315,890,V8,RWD,150
252,,2009,315,890,V8,RWD,150
1756,,2009,570,970,V12,RWD,25
,,,,,,,
1686,,2004,615 BHP,1295 Kg,V8,RWD,68
,,,,,,,
,,,,,,,
,,,,,,,
,,,,,,,
,,,,,,,
,,,,,,,
,,,,,,,
,,,,,,,
,,,,,,,
,,,,,,,
,,,,,,,
,,,,,,,
,,,,,,,
,,,,,,,
,,,,,,,
,,,,,,,
,,,,,,,
,,,,,,,
,,,,,,,
,,,,,,,
,,,,,,,
,,,,,,,
,,,,,,,
,,,,,,,
,,,,,,,
,,,,,,,
,,,,,,,
,,,,,,,
,,,,,,,
,,,,,,,
,,,,,,,
,,,,,,,
,,,,,,,
,,,,,,,
,,,,,,,
,,,,,,,
,,,,,,,
,,,,,,,
,,,,,,,
,,,,,,,
,,,,,,,
,,,,,,,
,,,,,,,
,,,,,,,
,,,,,,,
,,,,,,,
,,,,,,,
,,,,,,,
,,,,,,,
,,,,,,,
,,,,,,,
,,,,,,,
,,,,,,,
,,,,,,,
,,,,,,,
,,,,,,,
,,,,,,,
,,,,,,,
,,,,,,,
,,,,,,,
,,,,,,,
,,,,,,,
,,,,,,,
,,,,,,,
,,,,,,,
,,,,,,,
Grand Prix Fast Chicane,Germany,,46,"5,137",Europe,,TC
Sprint Fast Chicane,Germany,,46,"3,619",Europe,,TC
East Course,Japan,,46,"2,243",Asia,,TC
West Course,Japan,,34,"3,466",Asia,,TC
Moto,US,,46,"4,218",America,,TC
,,,,,,,
Sprint,US,,52,"3,208",America,,TC
,,,,,,,
,,,,,,,
,,,,,,,
,,,,,,,
,,,,,,,
,,,,,,,
,,,,,,,
Grand Prix,Portugal,,45,"4,182",Europe,,TC
,,,,,,,
Grand Prix,Austria,,40,"4,241",Europe,,TC
Grand Prix,China,,48,"5,451",Asia,,TC
,,,,,,,
,,,,,,,
,,,,,,,
,,,,,,,
,,,,,,,
,,,,,,,
,,,,,,,
,,,,,,,
,,,,,,,
2037,Germany,2012,585BHP,1350kg with driver,5.2L V57,RWD,80
,,,,,,,
,,,,,,,
,,,,,,,
,,,,,,,
,,,,,,,#N/A
2037,Germany,2012,585BHP,1350kg with driver,5.2L V57,RWD,80
2044,Germany,1979,600,830,Inline-4,RWD,100
,,,,,,,
,,,,,,,
,,,,,,,
,,,,,,,
1750,,2010,420,1000,Inline-4,RWD,170
,,,,,,,
1753,,2010,399,1050,V6,RWD,170
1741,,2010,415,1035,Inline-5,RWD,170
,,,,,,,#N/A
258,Germany,2013,570 BHP,860 KG,"3,4L V8",RWD,55
,,,,,,,
,,,,,,,
,,,,,,,
,,,,,,,
,,,,,,,
,,,,,,,
,,,,,,,#N/A
2044,Germany,1979,600,830,Inline-4,RWD,100
,,,,,,,
Grand Prix,Slovakia,,44,"5,922",Europe,,TC
,,,,,,,
,,,,,,,
,,,,,,,
,,,,,,,
,,,,,,,
,,,,,,,
,,,,,,,
,,,,,,,
,,,,,,,
,,,,,,,
,,,,,,,
,,,,,,,
,,,,,,,
,,,,,,,
,,,,,,,
,,,,,,,
,,,,,,,
,,,,,,,
,,,,,,,
,,,,,,,
,,,,,,,
1738,Germany,2012,575 BHP,1330kg with driver,4.4L V8,RWD,80
,,,,,,,
,,,,,,,
,,,,,,,
,,,,,,,
,,,,,,,
,,,,,,,
,,,,,,,
,,,,,,,
,,,,,,,
,,,,,,,
,,,,,,,
,,,,,,,
,,,,,,,
,,,,,,,
,,,,,,,
,,,,,,,
2037,Germany,2012,585BHP,1350kg with driver,5.2L V57,RWD,80
1807,Japan,2011,653 BHP,1320 Kg,V8,RWD,68
,,,,,,,
,,,,,,,
,,,,,,,
,,,,,,,
1695,Germany,2009,580 BHP,1325 kg with driver,4.4L V8,RWD,80
1909,United Kingdom,2012,575 BHP,1340kg with driver,3.8L V8,RWD,80
,,,,,,,
1747,United States,2009,525+,1150,V8,RWD,75
1834,Germany,2007,612 BHP,1300 Kg,Flat-6,RWD,68
1862,Germany,1989,320+,1180,Inline-6,RWD,205
,,,,,,,
2116,Germany,1991,330+,940,Inline -4,RWD,205
,,,,,,,
,,,,,,,
,,,,,,,
1759,,2009,450,970,V6,RWD,35
,,,,,,,
,,,,,,,
Grand Prix,Macau,,41,"6,115",Asia,,TC
,,,,,,,
,,,,,,,
,,,,,,,
,,,,,,,
,,,,,,,
,,,,,,,
,,,,,,,
,,,,,,,
,,,,,,,
,,,,,,,
,,,,,,,
,,,,,,,
,,,,,,,
,,,,,,,
,,,,,,,
,,,,,,,
,,,,,,,
,,,,,,,
,,,,,,,
,,,,,,,
,,,,,,,
,,,,,,,
,,,,,,,
,,,,,,,
,,,,,,,
,,,,,,,
,,,,,,,
,,,,,,,
,,,,,,,
,,,,,,,
,,,,,,,
,,,,,,,
,,,,,,,
,,,,,,,
,,,,,,,
,,,,,,,
,,,,,,,
,,,,,,,
,,,,,,,
,,,,,,,
,,,,,,,
,,,,,,,
,,,,,,,
,,,,,,,
,,,,,,,
,,,,,,,
,,,,,,,
,,,,,,,
,,,,,,,
,,,,,,,
,,,,,,,
,,,,,,,
,,,,,,,
,,,,,,,
,,,,,,,
,,,,,,,
,,,,,,,
Reverse,Sweden,,1,"10,300",Europe,,TC
,,,,,,,
1797,United Kingdom,2007,600+,1490,V8,RWD,175
,,,,,,,
,,,,,,,
,,,,,,,
,,,,,,,
,,,,,,,
,,,,,,,
,,,,,,,
,,,,,,,
,,,,,,,
,,,,,,,
,,,,,,,
,,,,,,,
,,,,,,,
1821,Italy,2011,560BHP,1305kg with driver,4.3L V8,RWD,80
,,,,,,,
,,,,,,,
,,,,,,,#N/A
2116,Germany,1991,330+,940,Inline -4,RWD,205
,,,,,,,#N/A
2116,Germany,1991,330+,940,Inline -4,RWD,205
,,,,,,,
,,,,,,,
,,,,,,,
,,,,,,,
,,,,,,,
,,,,,,,
1779,United States,2011,609 BHP,1280 Kg,V8,RWD,68
2044,Germany,1979,600,830,Inline-4,RWD,100
1733,Germany,2009,540+,1150,V8,RWD,75
,,,,,,,
Reverse,France,,1,"10,5",Europe,,TC
1831,United Kingdom,2006,475,970,V8,RWD,35
1831,United Kingdom,2006,475,970,V8,RWD,35
,,,,,,,
,,,,,,,
,,,,,,,
,,,,,,,
,,,,,,,
,,,,,,,
,,,,,,,
,,,,,,,
,,,,,,,
,,,,,,,
,,,,,,,
,,,,,,,
,,,,,,,
,,,,,,,
,,,,,,,
,,,,,,,
,,,,,,,
,,,,,,,
,,,,,,,
,,,,,,,
,,,,,,,
,,,,,,,
,,,,,,,
,,,,,,,
,,,,,,,
,,,,,,,
,,,,,,,
,,,,,,,
,,,,,,,
,,,,,,,
,,,,,,,
,,,,,,,
,,,,,,,
,,,,,,,
,,,,,,,
,,,,,,,
,,,,,,,
,,,,,,,
,,,,,,,
,,,,,,,
,,,,,,,
1695,Germany,2009,580 BHP,1325 kg with driver,4.4L V8,RWD,80
,,,,,,,
,,,,,,,
,,,,,,,
,,,,,,,
,,,,,,,
,,,,,,,
,,,,,,,
,,,,,,,
,,,,,,,
,,,,,,,
,,,,,,,
,,,,,,,
1782,United States,2007,630BHP,1435kg with driver,5.3L V8,RWD,80
,,,,,,,
,,,,,,,
,,,,,,,
2275,Sweden,1980,345,1050,Inline -4,RWD,205
,,,,,,,#N/A
2275,Sweden,1980,345,1050,Inline -4,RWD,205
2275,Sweden,1980,345,1050,Inline -4,RWD,205
,,,,,,,
,,,,,,,
,,,,,,,
,,,,,,,
,,,,,,,
,,,,,,,
,,,,,,,
,,,,,,,
,,,,,,,
,,,,,,,
,,,,,,,
,,,,,,,
,,,,,,,
,,,,,,,
,,,,,,,
,,,,,,,
,,,,,,,
,,,,,,,
,,,,,,,
,,,,,,,
,,,,,,,
,,,,,,,
,,,,,,,
,,,,,,,
,,,,,,,
,,,,,,,
,,,,,,,
,,,,,,,
,,,,,,,
,,,,,,,
,,,,,,,
,,,,,,,
,,,,,,,
,,,,,,,
,,,,,,,
,,,,,,,
,,,,,,,
,,,,,,,
,,,,,,,
,,,,,,,
,,,,,,,
2037,Germany,2012,585BHP,1350kg with driver,5.2L V57,RWD,80
,,,,,,,#N/A
,,,,,,,
,,,,,,,
,,,,,,,
,,,,,,,
,,,,,,,
,,,,,,,#N/A
1779,United States,2011,609 BHP,1280 Kg,V8,RWD,68
1779,United States,2011,609 BHP,1280 Kg,V8,RWD,68
,,,,,,,#N/A
1733,Germany,2009,540+,1150,V8,RWD,75
1733,Germany,2009,540+,1150,V8,RWD,75
2333,United States,2012,600,1110,V8,RWD,35
,,,,,,,#N/A
2333,United States,2012,600,1110,V8,RWD,35
2333,United States,2012,600,1110,V8,RWD,35
,,,,,,,
2338,United States,2012,620 BHP,1395 kg (with driver),7.9L V8,RWD,80
2339,Germany,1979,470BHP,1130Kg,3.5L straight-6,RWD,197
,,,,,,,#N/A
,,,,,,,#N/A
2339,Germany,1979,470BHP,1130Kg,3.5L straight-6,RWD,197
2338,United States,2012,620 BHP,1395 kg (with driver),7.9L V8,RWD,80
2339,Germany,1979,470BHP,1130Kg,3.5L straight-6,RWD,197
2338,United States,2012,620 BHP,1395 kg (with driver),7.9L V8,RWD,80
,,,,,,,
,,,,,,,
,,,,,,,
,,,,,,,
1700,Germany,1980,650,875,Inline-4,RWD,100
1747,United States,2009,525+,1150,V8,RWD,75
1700,Germany,1980,650,875,Inline-4,RWD,100
1824,Italy,2009,670 BHP,1184 Kg,Mercedes-Benz V12,RWD,90
1824,Italy,2009,670 BHP,1184 Kg,Mercedes-Benz V12,RWD,90
1747,United States,2009,525+,1150,V8,RWD,75
,,,,,,,
,,,,,,,
,,,,,,,#N/A
,,,,,,,#N/A
,,,,,,,#N/A
1827,United Kingdom,2006,470,970,Inline-4,RWD,35
1831,United Kingdom,2006,475,970,V8,RWD,35
1827,United Kingdom,2006,470,970,Inline-4,RWD,35
1831,United Kingdom,2006,475,970,V8,RWD,35
,,,,,,,#N/A
,,,,,,,#N/A
1738,Germany,2012,575 BHP,1330kg with driver,4.4L V8,RWD,80
1738,Germany,2012,575 BHP,1330kg with driver,4.4L V8,RWD,80
,,,,,,,#N/A
,,,,,,,
,,,,,,,
,,,,,,,
,,,,,,,
,,,,,,,
,,,,,,,
2116,Germany,1991,330+,940,Inline -4,RWD,205
2116,Germany,1991,330+,940,Inline -4,RWD,205
,,,,,,,197
,,,,,,,
,,,,,,,#N/A
,,,,,,,
,,,,,,,
,,,,,,,
A Course,Germany,,36,"3,696",Europe,,TC
,,,,,,,#N/A
1909,United Kingdom,2012,575 BHP,1340kg with driver,3.8L V8,RWD,80
1909,United Kingdom,2012,575 BHP,1340kg with driver,3.8L V8,RWD,80
,,,,,,,#N/A
2037,Germany,2012,585BHP,1350kg with driver,5.2L V57,RWD,80
2037,Germany,2012,585BHP,1350kg with driver,5.2L V57,RWD,80
,,,,,,,#N/A
,,,,,,,#N/A
,,,,,,,#N/A
2339,Germany,1979,470BHP,1130Kg,3.5L straight-6,RWD,197
2339,Germany,1979,470BHP,1130Kg,3.5L straight-6,RWD,197
2339,Germany,1979,470BHP,1130Kg,3.5L straight-6,RWD,197
2339,Germany,1979,470BHP,1130Kg,3.5L straight-6,RWD,197
2339,Germany,1979,470BHP,1130Kg,3.5L straight-6,RWD,197
2339,Germany,1979,470BHP,1130Kg,3.5L straight-6,RWD,197
,,,,,,,#N/A
,,,,,,,
,,,,,,,
,,,,,,,
,,,,,,,
2405,Germany,1989,709,1207,Inline-5,4WD,70
,,,,,,,#N/A
2405,Germany,1989,709,1207,Inline-5,4WD,70
2405,Germany,1989,709,1207,Inline-5,4WD,70
2409,United States,2007,630BHP,1435kg with driver,5.3L V8,RWD,80
2410,United States,2012,500+,1450,V8,RWD,75
,,,,,,,#N/A
2410,United States,2012,500+,1450,V8,RWD,75
2413,Germany,2013,500,1110,V8,RWD,40
,,,,,,,#N/A
2413,Germany,2013,500,1110,V8,RWD,40
,,,,,,,
2417,Germany,2013,500,1110,V8,RWD,40
,,,,,,,#N/A
2417,Germany,2013,500,1110,V8,RWD,40
2420,Germany,2013,500,1110,V8,RWD,40
,,,,,,,#N/A
2420,Germany,2013,500,1110,V8,RWD,40
,,,,,,,#N/A
,,,,,,,#N/A
,,,,,,,#N/A
,,,,,,,#N/A
,,,,,,,#N/A
,,,,,,,#N/A
,,,,,,,
,,,,,,,
,,,,,,,
,,,,,,,#N/A
,,,,,,,
2420,Germany,2013,500,1110,V8,RWD,40
2420,Germany,2013,500,1110,V8,RWD,40
2420,Germany,2013,500,1110,V8,RWD,40
2420,Germany,2013,500,1110,V8,RWD,40
2420,Germany,2013,500,1110,V8,RWD,40
2420,Germany,2013,500,1110,V8,RWD,40
2420,Germany,2013,500,1110,V8,RWD,40
2417,Germany,2013,500,1110,V8,RWD,40
2417,Germany,2013,500,1110,V8,RWD,40
2417,Germany,2013,500,1110,V8,RWD,40
2417,Germany,2013,500,1110,V8,RWD,40
2417,Germany,2013,500,1110,V8,RWD,40
2417,Germany,2013,500,1110,V8,RWD,40
2417,Germany,2013,500,1110,V8,RWD,40
2413,Germany,2013,500,1110,V8,RWD,40
2413,Germany,2013,500,1110,V8,RWD,40
2413,Germany,2013,500,1110,V8,RWD,40
2413,Germany,2013,500,1110,V8,RWD,40
2413,Germany,2013,500,1110,V8,RWD,40
,,,,,,,
,,,,,,,
2044,Germany,1979,600,830,Inline-4,RWD,100
,,,,,,,#N/A
2044,Germany,1979,600,830,Inline-4,RWD,100
,,,,,,,#N/A
,,,,,,,#N/A
1837,Germany,2011,545+,1150,FLAT-6,RWD,75
1837,Germany,2011,545+,1150,FLAT-6,RWD,75
1837,Germany,2011,545+,1150,FLAT-6,RWD,75
1837,Germany,2011,545+,1150,FLAT-6,RWD,75
,,,,,,,#N/A
1686,United States,2004,615 BHP,1295 Kg,V8,RWD,68
1686,United States,2004,615 BHP,1295 Kg,V8,RWD,68
,,,,,,,
DTM Short Course,Germany,,36,"3,478",Europe,,TC
,,,,,,,
,,,,,,,
,,,,,,,
,,,,,,,
Sprint,Russian Federation,,36,"2,555",Europe,,TC
,,,,,,,
,,,,,,,
,,,,,,,
,,,,,,,
,,,,,,,
,,,,,,,
,,,,,,,
,,,,,,,
,,,,,,,
,,,,,,,
,,,,,,,
,,,,,,,
,,,,,,,
,,,,,,,
,,,,,,,
,,,,,,,
,,,,,,,
,,,,,,,
,,,,,,,
,,,,,,,
,,,,,,,
,,,,,,,
,,,,,,,
,,,,,,,
,,,,,,,
,,,,,,,
,,,,,,,
,,,,,,,
,,,,,,,
,,,,,,,
,,,,,,,
,,,,,,,
,,,,,,,
,,,,,,,
,,,,,,,
,,,,,,,
,,,,,,,
,,,,,,,
,,,,,,,
,,,,,,,
,,,,,,,
,,,,,,,
,,,,,,,
,,,,,,,
Grand Prix,Germany,,36,"2,300",Europe,,TC
,,,,,,,
Indy,UK,,34,"1,929",Europe,,TC
,,,,,,,
,,,,,,,
,,,,,,,
,,,,,,,
,,,,,,,
,,,,,,,
,,,,,,,
1741,RR,2010,415,1035,Inline-5,RWD,170
,,,,,,,#N/A
,,,,,,,
,,,,,,,#N/A
,,,,,,,
2533,Germany,2013,600 BHP,1405kg with driver,6.3L V8,RWD,80
,,,,,,,#N/A
2927,Germany,2013,600 BHP,1405kg with driver,6.3L V8,RWD,80
2927,Germany,2013,600 BHP,1405kg with driver,6.3L V8,RWD,80
,,,,,,,
,,,,,,,
,,,,,,,
,,,,,,,#N/A
1744,Germany,2012,650+,1490,V12,RWD,175
,,,,,,,
,,,,,,,
,,,,,,,
,,,,,,,
,,,,,,,
,,,,,,,
,,,,,,,
,,,,,,,
,,,,,,,#N/A
,,,,,,,#N/A
,,,,,,,#N/A
,,,,,,,
,,,,,,,
,,,,,,,
Grand Prix Circuit,Austria,,36,"4,326",Europe,,TC
,,,,,,,
,,,,,,,
,,,,,,,
,,,,,,,
,,,,,,,
,,,,,,,
,,,,,,,
,,,,,,,
,,,,,,,#N/A
2923,Germany,2012,585BHP,1350kg with driver,5.2L V57,RWD,80
,,,,,,,#N/A
2924,Germany,2012,575 BHP,1330kg with driver,4.4L V8,RWD,80
,,,,,,,
2924,Germany,2012,575 BHP,1330kg with driver,4.4L V8,RWD,80
,,,,,,,
2926,Japan,2011,600BHP,1370kg with driver,3.8L V6,RWD,80
,,,,,,,#N/A
,,,,,,,
,,,,,,,
,,,,,,,#N/A
,,,,,,,
,,,,,,,
,,,,,,,
,,,,,,,
,,,,,,,
,,,,,,,
,,,,,,,
,,,,,,,
,,,,,,,
,,,,,,,
,,,,,,,
,,,,,,,
,,,,,,,
,,,,,,,
,,,,,,,
,,,,,,,
,,,,,,,
,,,,,,,
,,,,,,,
,,,,,,,
,,,,,,,
,,,,,,,
,,,,,,,
,,,,,,,
,,,,,,,
,,,,,,,
,,,,,,,
,,,,,,,
,,,,,,,
,,,,,,,
,,,,,,,
,,,,,,,
,,,,,,,#N/A
,,,,,,,
2611,United States,2012,620 BHP,1395 kg (with driver),7.9L V8,RWD,80
,,,,,,,#N/A
2611,United States,2013,590,1355kg with driver,6.2L V8,RWD,80
,,,,,,,
,,,,,,,
,,,,,,,
,,,,,,,
,,,,,,,#N/A
,,,,,,,#N/A
,,,,,,,#N/A
,,,,,,,#N/A
,,,,,,,
,,,,,,,#N/A
,,,,,,,
,,,,,,,#N/A
,,,,,,,#N/A
,,,,,,,#N/A
,,,,,,,#N/A
,,,,,,,#N/A
,,,,,,,#N/A
,,,,,,,#N/A
,,,,,,,#N/A
,,,,,,,#N/A
,,,,,,,#N/A
,,,,,,,#N/A
,,,,,,,#N/A
,,,,,,,#N/A
,,,,,,,
,,,,,,,
,,,,,,,
,,,,,,,
,,,,,,,#N/A
,,,,,,,
,,,,,,,#N/A
,,,,,,,
2923,Germany,2012,585BHP,1350kg with driver,5.2L V57,RWD,80
2923,Germany,2012,585BHP,1350kg with driver,5.2L V57,RWD,80
,,,,,,,
2923,Germany,2012,585BHP,1350kg with driver,5.2L V57,RWD,80
,,,,,,,
,,,,,,,
,,,,,,,
,,,,,,,
,,,,,,,
,,,,,,,#N/A
1837,Germany,2011,545+,1150,FLAT-6,RWD,75
,,,,,,,
,,,,,,,
,,,,,,,#N/A
2409,United States,2007,630BHP,1435kg with driver,5.3L V8,RWD,80
,,,,,,,
,,,,,,,
,,,,,,,#N/A
2924,Germany,2012,575 BHP,1330kg with driver,4.4L V8,RWD,80
2924,Germany,2012,575 BHP,1330kg with driver,4.4L V8,RWD,80
,,,,,,,#N/A
2924,Germany,2012,575 BHP,1330kg with driver,4.4L V8,RWD,80
2923,Germany,2012,585BHP,1350kg with driver,5.2L V57,RWD,80
,,,,,,,#N/A
2925,United States,2012,620 BHP,1395 kg (with driver),7.9L V8,RWD,80
,,,,,,,#N/A
2611,United States,2013,590,1355kg with driver,6.2L V8,RWD,80
2611,United States,2013,590,1355kg with driver,6.2L V8,RWD,80
2611,United States,2013,590,1355kg with driver,6.2L V8,RWD,80
2611,United States,2013,590,1355kg with driver,6.2L V8,RWD,80
,,,,,,,
,,,,,,,
,,,,,,,
,,,,,,,
,,,,,,,
,,,,,,,
,,,,,,,
,,,,,,,
,,,,,,,
,,,,,,,
,,,,,,,
,,,,,,,
,,,,,,,
,,,,,,,
,,,,,,,
,,,,,,,
,,,,,,,
,,,,,,,
,,,,,,,
,,,,,,,
,,,,,,,#N/A
2926,Japan,2011,600BHP,1370kg with driver,3.8L V6,RWD,80
2926,Japan,2011,600BHP,1370kg with driver,3.8L V6,RWD,80
,,,,,,,
,,,,,,,
,,,,,,,
2923,Germany,2012,585BHP,1350kg with driver,5.2L V57,RWD,80
,,,,,,,
,,,,,,,
2705,Germany,2013,320,1150,Inline-4,RWD,145
,,,,,,,#N/A
2705,Germany,2013,320,1150,Inline-4,RWD,145
,,,,,,,
,,,,,,,
,,,,,,,
,,,,,,,
,,,,,,,
,,,,,,,
,,,,,,,
,,,,,,,
,,,,,,,
,,,,,,,
,,,,,,,
,,,,,,,
,,,,,,,
,,,,,,,
,,,,,,,
,,,,,,,
,,,,,,,
,,,,,,,
,,,,,,,
,,,,,,,
2728,Germany,2013,290,1150,Inline-4,FWD,145
,,,,,,,#N/A
2728,Germany,2013,290,1150,Inline-4,FWD,145
,,,,,,,
2705,Germany,2013,320,1150,Inline-4,RWD,145
2705,Germany,2013,320,1150,Inline-4,RWD,145
2705,Germany,2013,320,1150,Inline-4,RWD,145
2705,Germany,2013,320,1150,Inline-4,RWD,145
2705,Germany,2013,320,1150,Inline-4,RWD,145
2705,Germany,2013,320,1150,Inline-4,RWD,145
,,,,,,,#N/A
,,,,,,,
,,,,,,,
,,,,,,,
,,,,,,,
,,,,,,,
,,,,,,,
,,,,,,,
,,,,,,,
,,,,,,,
,,,,,,,
,,,,,,,
,,,,,,,
,,,,,,,
,,,,,,,
,,,,,,,
,,,,,,,
,,,,,,,
,,,,,,,
,,,,,,,
,,,,,,,
,,,,,,,
,,,,,,,
,,,,,,,
,,,,,,,
,,,,,,,
,,,,,,,
,,,,,,,
,,,,,,,
,,,,,,,
,,,,,,,
,,,,,,,
,,,,,,,
,,,,,,,
,,,,,,,
,,,,,,,
,,,,,,,
,,,,,,,
,,,,,,,
,,,,,,,
,,,,,,,
,,,,,,,
,,,,,,,
,,,,,,,
,,,,,,,
,,,,,,,
,,,,,,,
,,,,,,,
,,,,,,,
,,,,,,,
,,,,,,,
,,,,,,,
,,,,,,,
,,,,,,,
,,,,,,,
,,,,,,,
,,,,,,,
,,,,,,,
,,,,,,,
,,,,,,,
,,,,,,,
,,,,,,,
,,,,,,,
,,,,,,,
2728,Germany,2013,290,1150,Inline-4,FWD,145
2728,Germany,2013,290,1150,Inline-4,FWD,145
2804,Germany,2013,310,1150,Inline-4,FWD,145
,,,,,,,#N/A
2804,Germany,2013,310,1150,Inline-4,FWD,145
2804,Germany,2013,310,1150,Inline-4,FWD,145
2804,Germany,2013,310,1150,Inline-4,FWD,145
2804,Germany,2013,310,1150,Inline-4,FWD,145
2804,Germany,2013,310,1150,Inline-4,FWD,145
2804,Germany,2013,310,1150,Inline-4,FWD,145
,,,,,,,
Nordschleife,Germany,,32,"20,830",Europe,,TC
,,,,,,,#N/A
,,,,,,,#N/A
,,,,,,,#N/A
,,,,,,,#N/A
,,,,,,,#N/A
,,,,,,,#N/A
,,,,,,,
,,,,,,,
,,,,,,,
,,,,,,,
,,,,,,,
,,,,,,,
,,,,,,,
,,,,,,,
,,,,,,,
,,,,,,,
,,,,,,,
,,,,,,,
,,,,,,,
,,,,,,,
,,,,,,,
,,,,,,,
,,,,,,,#N/A
,,,,,,,#N/A
,,,,,,,#N/A
,,,,,,,
,,,,,,,
,,,,,,,
2842,,2013,300,1100,Inline-4,FWD,145
,,,,,,,#N/A
2842,,2013,300,1100,Inline-4,FWD,145
2842,,2013,300,1100,Inline-4,FWD,145
2846,Germany,2013,310,1150,Inline-4,FWD,145
,,,,,,,#N/A
2846,Germany,2013,310,1150,Inline-4,FWD,145
2849,Switzerland,2013,570 BHP,860 KG,"3,4L V8",RWD,55
,,,,,,,#N/A
2849,Switzerland,2013,570 BHP,860 KG,"3,4L V8",RWD,55
,,,,,,,
,,,,,,,
,,,,,,,#N/A
,,,,,,,
,,,,,,,
,,,,,,,#N/A
,,,,,,,
2859,United States,1983,800,1025,Boxer-6,RWD,100
,,,,,,,
,,,,,,,
,,,,,,,
,,,,,,,
,,,,,,,
,,,,,,,
,,,,,,,
Solution 3C,France,,44,"3,841",Europe,,TC
2868,Japan,1989,750,1200,V6,RWD,70
,,,,,,,#N/A
,,,,,,,
,,,,,,,#N/A
2333,United States,2012,600,1110,V8,RWD,35
,,,,,,,#N/A
2533,Germany,2013,600 BHP,1405kg with driver,6.3L V8,RWD,80
2533,Germany,2013,600 BHP,1405kg with driver,6.3L V8,RWD,80
,,,,,,,
,,,,,,,
,,,,,,,
,,,,,,,
,,,,,,,
,,,,,,,
,,,,,,,
,,,,,,,
,,,,,,,
,,,,,,,
,,,,,,,#N/A
,,,,,,,
,,,,,,,
,,,,,,,
,,,,,,,
,,,,,,,
,,,,,,,
,,,,,,,
,,,,,,,
,,,,,,,
,,,,,,,
,,,,,,,
,,,,,,,
,,,,,,,
,,,,,,,
,,,,,,,
,,,,,,,
,,,,,,,
,,,,,,,
,,,,,,,
,,,,,,,#N/A
,,,,,,,#N/A
,,,,,,,#N/A
,,,,,,,#N/A
,,,,,,,#N/A
2333,United States,2012,600,1110,V8,RWD,35
2333,United States,2012,600,1110,V8,RWD,35
2333,United States,2012,600,1110,V8,RWD,35
2333,United States,2012,600,1110,V8,RWD,35
2333,United States,2012,600,1110,V8,RWD,35
2333,United States,2012,600,1110,V8,RWD,35
2333,United States,2012,600,1110,V8,RWD,35
2333,United States,2012,600,1110,V8,RWD,35
,,,,,,,
,,,,,,,
,,,,,,,
,,,,,,,80
2923,Germany,2012,585BHP,1350kg with driver,5.2L V57,RWD,80
2924,Germany,2012,575 BHP,1330kg with driver,4.4L V8,RWD,80
2925,United States,2012,620 BHP,1395 kg (with driver),7.9L V8,RWD,80
2926,Japan,2011,600BHP,1370kg with driver,3.8L V6,RWD,80
2927,Germany,2013,600 BHP,1405kg with driver,6.3L V8,RWD,80
,,,,,,,
,,,,,,,
,,,,,,,#N/A
,,,,,,,
,,,,,,,
,,,,,,,
,,,,,,,
,,,,,,,
,,,,,,,
2333,United States,2012,600,1110,V8,RWD,35
,,,,,,,#N/A
2923,Germany,2012,585BHP,1350kg with driver,5.2L V57,RWD,80
,,,,,,,
,,,,,,,
,,,,,,,
,,,,,,,
,,,,,,,
,,,,,,,
,,,,,,,
,,,,,,,
,,,,,,,
,,,,,,,
,,,,,,,
,,,,,,,
,,,,,,,
,,,,,,,
,,,,,,,
,,,,,,,
,,,,,,,
,,,,,,,
,,,,,,,
,,,,,,,
,,,,,,,
,,,,,,,
,,,,,,,
,,,,,,,
,,,,,,,
,,,,,,,
,,,,,,,
,,,,,,,
,,,,,,,
,,,,,,,
,,,,,,,
,,,,,,,
,,,,,,,
,,,,,,,
,,,,,,,
,,,,,,,
,,,,,,,
,,,,,,,
,,,,,,,
,,,,,,,
,,,,,,,
,,,,,,,
,,,,,,,
,,,,,,,
,,,,,,,
,,,,,,,
,,,,,,,
,,,,,,,
,,,,,,,
,,,,,,,
,,,,,,,
,,,,,,,
,,,,,,,
,,,,,,,
,,,,,,,
,,,,,,,
,,,,,,,
,,,,,,,
,,,,,,,
,,,,,,,
,,,,,,,
,,,,,,,
,,,,,,,
,,,,,,,
,,,,,,,
,,,,,,,
,,,,,,,
,,,,,,,
,,,,,,,
,,,,,,,
,,,,,,,
,,,,,,,#N/A
,,,,,,,#N/A
,,,,,,,#N/A
,,,,,,,
,,,,,,,#N/A
,,,,,,,
,,,,,,,
,,,,,,,
,,,,,,,
,,,,,,,
,,,,,,,
,,,,,,,
,,,,,,,
,,,,,,,
,,,,,,,
,,,,,,,
,,,,,,,
,,,,,,,
,,,,,,,
,,,,,,,
,,,,,,,
,,,,,,,
,,,,,,,
,,,,,,,
,,,,,,,
,,,,,,,
,,,,,,,
,,,,,,,
,,,,,,,
,,,,,,,
,,,,,,,
,,,,,,,
,,,,,,,
,,,,,,,
,,,,,,,
,,,,,,,
,,,,,,,
,,,,,,,
,,,,,,,
,,,,,,,
,,,,,,,
,,,,,,,
,,,,,,,
,,,,,,,
,,,,,,,
,,,,,,,
,,,,,,,
,,,,,,,
,,,,,,,
,,,,,,,
,,,,,,,
,,,,,,,
,,,,,,,
,,,,,,,
,,,,,,,
,,,,,,,
,,,,,,,
,,,,,,,
,,,,,,,
,,,,,,,
,,,,,,,
,,,,,,,
,,,,,,,
,,,,,,,
,,,,,,,
,,,,,,,
,,,,,,,
,,,,,,,
2846,Germany,2013,310,1150,Inline-4,FWD,145
2846,Germany,2013,310,1150,Inline-4,FWD,145
2846,Germany,2013,310,1150,Inline-4,FWD,145
2846,Germany,2013,310,1150,Inline-4,FWD,145
,,,,,,,
,,,,,,,
,,,,,,,
,,,,,,,40
,,,,,,,
,,,,,,,
,,,,,,,
,,,,,,,
,,,,,,,
,,,,,,,
,,,,,,,
,,,,,,,
,,,,,,,
,,,,,,,
,,,,,,,
,,,,,,,
,,,,,,,
,,,,,,,
,,,,,,,
,,,,,,,
,,,,,,,
,,,,,,,
,,,,,,,
,,,,,,,
,,,,,,,
,,,,,,,
,,,,,,,
,,,,,,,
,,,,,,,
,,,,,,,
,,,,,,,
,,,,,,,
,,,,,,,
,,,,,,,
,,,,,,,
,,,,,,,
,,,,,,,
,,,,,,,
,,,,,,,
,,,,,,,
,,,,,,,
,,,,,,,
,,,,,,,
,,,,,,,
,,,,,,,
,,,,,,,
,,,,,,,
,,,,,,,
,,,,,,,
,,,,,,,
,,,,,,,
,,,,,,,
,,,,,,,
,,,,,,,
,,,,,,,
,,,,,,,
,,,,,,,
,,,,,,,
,,,,,,,
,,,,,,,
,,,,,,,
,,,,,,,
,,,,,,,
,,,,,,,
,,,,,,,
,,,,,,,
,,,,,,,
,,,,,,,
,,,,,,,
,,,,,,,
,,,,,,,
,,,,,,,
,,,,,,,
,,,,,,,
,,,,,,,
,,,,,,,
,,,,,,,
,,,,,,,
,,,,,,,
,,,,,,,
,,,,,,,
,,,,,,,
,,,,,,,
,,,,,,,
,,,,,,,
,,,,,,,
,,,,,,,
,,,,,,,
,,,,,,,
,,,,,,,
,,,,,,,
,,,,,,,
,,,,,,,
,,,,,,,
,,,,,,,
,,,,,,,
,,,,,,,
,,,,,,,
,,,,,,,
,,,,,,,
,,,,,,,
,,,,,,,
,,,,,,,
,,,,,,,
,,,,,,,
,,,,,,,
,,,,,,,
,,,,,,,
,,,,,,,
,,,,,,,
,,,,,,,
,,,,,,,
,,,,,,,
,,,,,,,
,,,,,,,
,,,,,,,
,,,,,,,
,,,,,,,
,,,,,,,
,,,,,,,
,,,,,,,
,,,,,,,
,,,,,,,
,,,,,,,
,,,,,,,
,,,,,,,
,,,,,,,
,,,,,,,
,,,,,,,
,,,,,,,
,,,,,,,
,,,,,,,
,,,,,,,
,,,,,,,
,,,,,,,
,,,,,,,
,,,,,,,
,,,,,,,
,,,,,,,
,,,,,,,
,,,,,,,
,,,,,,,
,,,,,,,
,,,,,,,
,,,,,,,
,,,,,,,
,,,,,,,
,,,,,,,
,,,,,,,
,,,,,,,
,,,,,,,
,,,,,,,
,,,,,,,
,,,,,,,
,,,,,,,
,,,,,,,
,,,,,,,
,,,,,,,
,,,,,,,
,,,,,,,
,,,,,,,
,,,,,,,
,,,,,,,
,,,,,,,
,,,,,,,
,,,,,,,
,,,,,,,
,,,,,,,
,,,,,,,
,,,,,,,
,,,,,,,
,,,,,,,
,,,,,,,
,,,,,,,
,,,,,,,
,,,,,,,
,,,,,,,
,,,,,,,
,,,,,,,
,,,,,,,
,,,,,,,#N/A
,,,,,,,#N/A
,,,,,,,#N/A
,,,,,,,#N/A
,,,,,,,#N/A
,,,,,,,#N/A
,,,,,,,#N/A
,,,,,,,#N/A
2339,Germany,1979,470BHP,1130Kg,3.5L straight-6,RWD,197
2339,Germany,1979,470BHP,1130Kg,3.5L straight-6,RWD,197
2339,Germany,1979,470BHP,1130Kg,3.5L straight-6,RWD,197
2339,Germany,1979,470BHP,1130Kg,3.5L straight-6,RWD,197
2339,Germany,1979,470BHP,1130Kg,3.5L straight-6,RWD,197
2339,Germany,1979,470BHP,1130Kg,3.5L straight-6,RWD,197
2339,Germany,1979,470BHP,1130Kg,3.5L straight-6,RWD,197
2339,Germany,1979,470BHP,1130Kg,3.5L straight-6,RWD,197
2339,Germany,1979,470BHP,1130Kg,3.5L straight-6,RWD,197
2339,Germany,1979,470BHP,1130Kg,3.5L straight-6,RWD,197
2339,Germany,1979,470BHP,1130Kg,3.5L straight-6,RWD,197
2339,Germany,1979,470BHP,1130Kg,3.5L straight-6,RWD,197
2339,Germany,1979,470BHP,1130Kg,3.5L straight-6,RWD,197
2339,Germany,1979,470BHP,1130Kg,3.5L straight-6,RWD,197
2339,Germany,1979,470BHP,1130Kg,3.5L straight-6,RWD,197
2339,Germany,1979,470BHP,1130Kg,3.5L straight-6,RWD,197
2339,Germany,1979,470BHP,1130Kg,3.5L straight-6,RWD,197
2339,Germany,1979,470BHP,1130Kg,3.5L straight-6,RWD,197
2339,Germany,1979,470BHP,1130Kg,3.5L straight-6,RWD,197
2339,Germany,1979,470BHP,1130Kg,3.5L straight-6,RWD,197
Short Course,Germany,,36,"3,410",Europe,,TC
,,,,,,,
,,,,,,,#N/A
,,,,,,,#N/A
,,,,,,,#N/A
,,,,,,,#N/A
,,,,,,,#N/A
252,Denmark,2009,315,890,V8,RWD,150
252,Denmark,2009,315,890,V8,RWD,150
252,Denmark,2009,315,890,V8,RWD,150
252,Denmark,2009,315,890,V8,RWD,150
252,Denmark,2009,315,890,V8,RWD,150
252,Denmark,2009,315,890,V8,RWD,150
252,Denmark,2009,315,890,V8,RWD,150
252,Denmark,2009,315,890,V8,RWD,150
252,Denmark,2009,315,890,V8,RWD,150
252,Denmark,2009,315,890,V8,RWD,150
252,Denmark,2009,315,890,V8,RWD,150
252,Denmark,2009,315,890,V8,RWD,150
252,Denmark,2009,315,890,V8,RWD,150
252,Denmark,2009,315,890,V8,RWD,150
252,Denmark,2009,315,890,V8,RWD,150
252,Denmark,2009,315,890,V8,RWD,150
252,Denmark,2009,315,890,V8,RWD,150
252,Denmark,2009,315,890,V8,RWD,150
,,,,,,,#N/A
,,,,,,,#N/A
,,,,,,,#N/A
,,,,,,,#N/A
,,,,,,,
1831,United Kingdom,2006,475,970,V8,RWD,35
1831,United Kingdom,2006,475,970,V8,RWD,35
1831,United Kingdom,2006,475,970,V8,RWD,35
1831,United Kingdom,2006,475,970,V8,RWD,35
1831,United Kingdom,2006,475,970,V8,RWD,35
1831,United Kingdom,2006,475,970,V8,RWD,35
1831,United Kingdom,2006,475,970,V8,RWD,35
1831,United Kingdom,2006,475,970,V8,RWD,35
,,,,,,,#N/A
,,,,,,,#N/A
1827,United Kingdom,2006,470,970,Inline-4,RWD,35
1827,United Kingdom,2006,470,970,Inline-4,RWD,35
1827,United Kingdom,2006,470,970,Inline-4,RWD,35
1827,United Kingdom,2006,470,970,Inline-4,RWD,35
1827,United Kingdom,2006,470,970,Inline-4,RWD,35
1827,United Kingdom,2006,470,970,Inline-4,RWD,35
,,,,,,,#N/A
,,,,,,,#N/A
,,,,,,,#N/A
,,,,,,,
1695,Germany,2009,580 BHP,1325 kg with driver,4.4L V8,RWD,80
1695,Germany,2009,580 BHP,1325 kg with driver,4.4L V8,RWD,80
1695,Germany,2009,580 BHP,1325 kg with driver,4.4L V8,RWD,80
1695,Germany,2009,580 BHP,1325 kg with driver,4.4L V8,RWD,80
1695,Germany,2009,580 BHP,1325 kg with driver,4.4L V8,RWD,80
,,,,,,,#N/A
,,,,,,,#N/A
,,,,,,,#N/A
,,,,,,,#N/A
,,,,,,,#N/A
2037,Germany,2012,585BHP,1350kg with driver,5.2L V57,RWD,80
2037,Germany,2012,585BHP,1350kg with driver,5.2L V57,RWD,80
2037,Germany,2012,585BHP,1350kg with driver,5.2L V57,RWD,80
,,,,,,,#N/A
2037,Germany,2012,585BHP,1350kg with driver,5.2L V57,RWD,80
2037,Germany,2012,585BHP,1350kg with driver,5.2L V57,RWD,80
2037,Germany,2012,585BHP,1350kg with driver,5.2L V57,RWD,80
,,,,,,,
,,,,,,,
,,,,,,,
,,,,,,,
,,,,,,,
,,,,,,,
,,,,,,,
,,,,,,,
,,,,,,,
,,,,,,,
,,,,,,,
,,,,,,,
,,,,,,,
,,,,,,,
,,,,,,,
,,,,,,,
,,,,,,,
,,,,,,,80
,,,,,,,
Sprint,Germany,,46,"3,629",Europe,,TC
,,,,,,,
,,,,,,,
3380,Germany,2014,500+,1110,V8,RWD,40
,,,,,,,#N/A
3380,Germany,2014,500+,1110,V8,RWD,40
Full,Russian Federation,,36,"3,955",Europe,,TC
3384,Germany,2013,600 BHP,1405kg with driver,6.3L V8,RWD,80
,,,,,,,#N/A
2533,Germany,2013,600 BHP,1405kg with driver,6.3L V8,RWD,80
2533,Germany,2013,600 BHP,1405kg with driver,6.3L V8,RWD,80
,,,,,,,#N/A
,,,,,,,#N/A
,,,,,,,#N/A
,,,,,,,
3384,Germany,2013,600 BHP,1405kg with driver,6.3L V8,RWD,80
3384,Germany,2013,600 BHP,1405kg with driver,6.3L V8,RWD,80
3384,Germany,2013,600 BHP,1405kg with driver,6.3L V8,RWD,80
3384,Germany,2013,600 BHP,1405kg with driver,6.3L V8,RWD,80
,,,,,,,
,,,,,,,
,,,,,,,
,,,,,,,
,,,,,,,
,,,,,,,
,,,,,,,
,,,,,,,
,,,,,,,
,,,,,,,
,,,,,,,
,,,,,,,
3408,Germany,2014,500+,1110,V8,RWD,40
,,,,,,,#N/A
3408,Germany,2014,500+,1110,V8,RWD,40
,,,,,,,
,,,,,,,
,,,,,,,
,,,,,,,
,,,,,,,
,,,,,,,
,,,,,,,
,,,,,,,
,,,,,,,#N/A
,,,,,,,#N/A
2533,Germany,2013,600 BHP,1405kg with driver,6.3L V8,RWD,80
,,,,,,,
,,,,,,,
,,,,,,,
,,,,,,,
,,,,,,,
,,,,,,,
,,,,,,,
,,,,,,,
,,,,,,,
,,,,,,,
,,,,,,,
,,,,,,,
,,,,,,,
,,,,,,,
,,,,,,,
,,,,,,,
,,,,,,,
,,,,,,,
,,,,,,,
,,,,,,,
,,,,,,,
,,,,,,,
,,,,,,,
,,,,,,,
,,,,,,,
,,,,,,,
,,,,,,,#N/A
,,,,,,,#N/A
,,,,,,,#N/A
,,,,,,,#N/A
3380,Germany,2014,500+,1110,V8,RWD,40
3380,Germany,2014,500+,1110,V8,RWD,40
3380,Germany,2014,500+,1110,V8,RWD,40
3380,Germany,2014,500+,1110,V8,RWD,40
3380,Germany,2014,500+,1110,V8,RWD,40
3380,Germany,2014,500+,1110,V8,RWD,40
3380,Germany,2014,500+,1110,V8,RWD,40
,,,,,,,
,,,,,,,
,,,,,,,
,,,,,,,
,,,,,,,
Grand Prix,China,,40,"4,319",Asia,,TC
,,,,,,,
,,,,,,,#N/A
,,,,,,,
,,,,,,,
,,,,,,,#N/A
,,,,,,,#N/A
,,,,,,,#N/A
3408,Germany,2014,500+,1110,V8,RWD,40
3408,Germany,2014,500+,1110,V8,RWD,40
3408,Germany,2014,500+,1110,V8,RWD,40
3408,Germany,2014,500+,1110,V8,RWD,40
3408,Germany,2014,500+,1110,V8,RWD,40
3408,Germany,2014,500+,1110,V8,RWD,40
3408,Germany,2014,500+,1110,V8,RWD,40
3479,Germany,2014,500+,1110,V8,RWD,40
,,,,,,,#N/A
3479,Germany,2014,500+,1110,V8,RWD,40
,,,,,,,#N/A
,,,,,,,#N/A
,,,,,,,#N/A
,,,,,,,#N/A
,,,,,,,#N/A
3479,Germany,2014,500+,1110,V8,RWD,40
3479,Germany,2014,500+,1110,V8,RWD,40
3479,Germany,2014,500+,1110,V8,RWD,40
3479,Germany,2014,500+,1110,V8,RWD,40
3479,Germany,2014,500+,1110,V8,RWD,40
3479,Germany,2014,500+,1110,V8,RWD,40
,,,,,,,
,,,,,,,
,,,,,,,
,,,,,,,
,,,,,,,
,,,,,,,
,Germany,,,,,,155
3500,Germany,2012,585BHP,1350kg with driver,5.2L V57,RWD,80
,,,,,,,#N/A
,,,,,,,#N/A
,,,,,,,#N/A
3500,Germany,2012,585BHP,1350kg with driver,5.2L V57,RWD,80
3500,Germany,2012,585BHP,1350kg with driver,5.2L V57,RWD,80
3500,Germany,2012,585BHP,1350kg with driver,5.2L V57,RWD,80
3500,Germany,2012,585BHP,1350kg with driver,5.2L V57,RWD,80
3508,United States,2013,590,1355kg with driver,6.2L V8,RWD,80
,,,,,,,#N/A
,,,,,,,#N/A
3508,United States,2013,590,1355kg with driver,6.2L V8,RWD,80
3508,United States,2013,590,1355kg with driver,6.2L V8,RWD,80
3508,United States,2013,590,1355kg with driver,6.2L V8,RWD,80
3508,United States,2013,590,1355kg with driver,6.2L V8,RWD,80
3508,United States,2013,590,1355kg with driver,6.2L V8,RWD,80
3516,Germany,2011,565BHP,1305Kg with Driver,4.0L F6,RWD,80
,,,,,,,#N/A
,,,,,,,#N/A
,,,,,,,#N/A
3516,Germany,2011,565BHP,1305Kg with Driver,4.0L F6,RWD,80
3516,Germany,2011,565BHP,1305Kg with Driver,4.0L F6,RWD,80
3516,Germany,2011,565BHP,1305Kg with Driver,4.0L F6,RWD,80
3516,Germany,2011,565BHP,1305Kg with Driver,4.0L F6,RWD,80
3516,Germany,2011,565BHP,1305Kg with Driver,4.0L F6,RWD,80
3516,Germany,2011,565BHP,1305Kg with Driver,4.0L F6,RWD,80
3516,Germany,2011,565BHP,1305Kg with Driver,4.0L F6,RWD,80
3527,United Kingdom,2012,575 BHP,1340kg with driver,3.8L V8,RWD,80
,,,,,,,#N/A
3527,United Kingdom,2012,575 BHP,1340kg with driver,3.8L V8,RWD,80
3530,Germany,2012,575 BHP,1330kg with driver,4.4L V8,RWD,80
,,,,,,,#N/A
3530,Germany,2012,575 BHP,1330kg with driver,4.4L V8,RWD,80
3530,Germany,2012,575 BHP,1330kg with driver,4.4L V8,RWD,80
3534,United States,2012,620 BHP,1395 kg (with driver),7.9L V8,RWD,80
,,,,,,,#N/A
3534,United States,2012,620 BHP,1395 kg (with driver),7.9L V8,RWD,80
,,,,,,,
Grand Prix,Germany,,42,"3,671",Europe,,TC
3539,Germany,1992,350+,970,Inline-4,RWD,155
,,,,,,,#N/A
3539,Germany,1992,350+,970,Inline-4,RWD,155
3539,Germany,1992,350+,970,Inline-4,RWD,155
3539,Germany,1992,350+,970,Inline-4,RWD,155
3539,Germany,1992,350+,970,Inline-4,RWD,155
3539,Germany,1992,350+,970,Inline-4,RWD,155
3539,Germany,1992,350+,970,Inline-4,RWD,155
3539,Germany,1992,350+,970,Inline-4,RWD,155
3539,Germany,1992,350+,970,Inline-4,RWD,155
3549,Germany,1992,350+,970,Inline-4,RWD,155
,,,,,,,#N/A
,,,,,,,#N/A
,,,,,,,#N/A
,,,,,,,#N/A
,,,,,,,#N/A
,,,,,,,#N/A
,,,,,,,#N/A
3549,Germany,1992,350+,970,Inline-4,RWD,155
3549,Germany,1992,350+,970,Inline-4,RWD,155
3549,Germany,1992,350+,970,Inline-4,RWD,155
3549,Germany,1992,350+,970,Inline-4,RWD,155
3549,Germany,1992,350+,970,Inline-4,RWD,155
3549,Germany,1992,350+,970,Inline-4,RWD,155
3549,Germany,1992,350+,970,Inline-4,RWD,155
3549,Germany,1992,350+,970,Inline-4,RWD,155
3549,Germany,1992,350+,970,Inline-4,RWD,155
3549,Germany,1992,350+,970,Inline-4,RWD,155
,,,,,,,
,,,,,,,
3500,Germany,2012,585BHP,1350kg with driver,5.2L V57,RWD,80
,,,,,,,#N/A
,,,,,,,#N/A
,,,,,,,#N/A
1738,Germany,2012,575 BHP,1330kg with driver,4.4L V8,RWD,80
1738,Germany,2012,575 BHP,1330kg with driver,4.4L V8,RWD,80
1738,Germany,2012,575 BHP,1330kg with driver,4.4L V8,RWD,80
,,,,,,,#N/A
1738,Germany,2012,575 BHP,1330kg with driver,4.4L V8,RWD,80
1738,Germany,2012,575 BHP,1330kg with driver,4.4L V8,RWD,80
1738,Germany,2012,575 BHP,1330kg with driver,4.4L V8,RWD,80
,,,,,,,
,,,,,,,
,,,,,,,
,,,,,,,
,,,,,,,
,,,,,,,
,,,,,,,
,,,,,,,
,,,,,,,
,,,,,,,
,,,,,,,
,,,,,,,
,,,,,,,
,,,,,,,
,,,,,,,
,,,,,,,
,,,,,,,
,,,,,,,
,,,,,,,
,,,,,,,
,,,,,,,
,,,,,,,
,,,,,,,
,,,,,,,
,,,,,,,
,,,,,,,
,,,,,,,
,,,,,,,
,,,,,,,
,,,,,,,
,,,,,,,
,,,,,,,
,,,,,,,
,,,,,,,
,,,,,,,
,,,,,,,
,,,,,,,
,,,,,,,
,,,,,,,
,,,,,,,
,,,,,,,
,,,,,,,
,,,,,,,
,,,,,,,
,,,,,,,
,,,,,,,
3626,United States,2013,590,1355kg with driver,6.2L V8,RWD,80
,,,,,,,#N/A
,,,,,,,#N/A
,,,,,,,#N/A
,,,,,,,#N/A
,,,,,,,#N/A
,,,,,,,#N/A
3626,United States,2013,590,1355kg with driver,6.2L V8,RWD,80
3626,United States,2013,590,1355kg with driver,6.2L V8,RWD,80
3626,United States,2013,590,1355kg with driver,6.2L V8,RWD,80
3626,United States,2013,590,1355kg with driver,6.2L V8,RWD,80
3626,United States,2013,590,1355kg with driver,6.2L V8,RWD,80
3626,United States,2013,590,1355kg with driver,6.2L V8,RWD,80
,,,,,,,
,,,,,,,#N/A
,,,,,,,#N/A
,,,,,,,#N/A
,,,,,,,#N/A
,,,,,,,#N/A
,,,,,,,#N/A
1909,United Kingdom,2012,575 BHP,1340kg with driver,3.8L V8,RWD,80
1909,United Kingdom,2012,575 BHP,1340kg with driver,3.8L V8,RWD,80
1909,United Kingdom,2012,575 BHP,1340kg with driver,3.8L V8,RWD,80
1909,United Kingdom,2012,575 BHP,1340kg with driver,3.8L V8,RWD,80
1909,United Kingdom,2012,575 BHP,1340kg with driver,3.8L V8,RWD,80
1909,United Kingdom,2012,575 BHP,1340kg with driver,3.8L V8,RWD,80
,,,,,,,#N/A
,,,,,,,#N/A
,,,,,,,#N/A
2533,Germany,2013,600 BHP,1405kg with driver,6.3L V8,RWD,80
2533,Germany,2013,600 BHP,1405kg with driver,6.3L V8,RWD,80
2533,Germany,2013,600 BHP,1405kg with driver,6.3L V8,RWD,80
2533,Germany,2013,600 BHP,1405kg with driver,6.3L V8,RWD,80
2533,Germany,2013,600 BHP,1405kg with driver,6.3L V8,RWD,80
2533,Germany,2013,600 BHP,1405kg with driver,6.3L V8,RWD,80
,,,,,,,
3662,Germany,1992,460+,1300,V8,4WD,155
,,,,,,,#N/A
3662,Germany,1992,460+,1300,V8,4WD,155
3662,Germany,1992,460+,1300,V8,4WD,155
3662,Germany,1992,460+,1300,V8,4WD,155
3662,Germany,1992,460+,1300,V8,4WD,155
,,,,,,,
,,,,,,,
,,,,,,,
,,,,,,,
,,,,,,,
,,,,,,,
,,,,,,,
,,,,,,,
3384,Germany,2013,600 BHP,1405kg with driver,6.3L V8,RWD,80
,,,,,,,
,,,,,,,
,,,,,,,
,,,,,,,
,,,,,,,
,,,,,,,
FIM,Russian Federation,,36,"3,931",Europe,,TC
,,,,,,,
,,,,,,,
,,,,,,,
,,,,,,,
,,,,,,,
,,,,,,,
,,,,,,,
,,,,,,,
,,,,,,,
,,,,,,,
,,,,,,,
,,,,,,,
,,,,,,,
,,,,,,,
,,,,,,,
,,,,,,,
,,,,,,,
,,,,,,,
,,,,,,,
,,,,,,,
,,,,,,,
,,,,,,,
,,,,,,,
,,,,,,,#N/A
,,,,,,,#N/A
,,,,,,,#N/A
,,,,,,,#N/A
,,,,,,,#N/A
,,,,,,,#N/A
1686,United States,2004,615 BHP,1295 Kg,V8,RWD,68
1686,United States,2004,615 BHP,1295 Kg,V8,RWD,68
1686,United States,2004,615 BHP,1295 Kg,V8,RWD,68
1686,United States,2004,615 BHP,1295 Kg,V8,RWD,68
1686,United States,2004,615 BHP,1295 Kg,V8,RWD,68
1686,United States,2004,615 BHP,1295 Kg,V8,RWD,68
,,,,,,,
,,,,,,,
,,,,,,,
,,,,,,,
,,,,,,,
,,,,,,,
,,,,,,,
,,,,,,,
,,,,,,,
,,,,,,,
,,,,,,,
,,,,,,,
,,,,,,,
,,,,,,,
,,,,,,,
,,,,,,,
,,,,,,,
,,,,,,,
,,,,,,,
,,,,,,,
,,,,,,,
,,,,,,,
,,,,,,,
,,,,,,,
,,,,,,,
,,,,,,,
,,,,,,,#N/A
,,,,,,,#N/A
,,,,,,,#N/A
1811,Japan,2011,600BHP,1370kg with driver,3.8L V6,RWD,80
1811,Japan,2011,600BHP,1370kg with driver,3.8L V6,RWD,80
1811,Japan,2011,600BHP,1370kg with driver,3.8L V6,RWD,80
1811,Japan,2011,600BHP,1370kg with driver,3.8L V6,RWD,80
1811,Japan,2011,600BHP,1370kg with driver,3.8L V6,RWD,80
1811,Japan,2011,600BHP,1370kg with driver,3.8L V6,RWD,80
3754,United States,2013,575BHP,1325 kg with driver,5L V8,RWD,80
,,,,,,,
,,,,,,,#N/A
,,,,,,,#N/A
,,,,,,,#N/A
,,,,,,,#N/A
,,,,,,,#N/A
3754,United States,2013,575BHP,1325 kg with driver,5L V8,RWD,80
3754,United States,2013,575BHP,1325 kg with driver,5L V8,RWD,80
3754,United States,2013,575BHP,1325 kg with driver,5L V8,RWD,80
3754,United States,2013,575BHP,1325 kg with driver,5L V8,RWD,80
3754,United States,2013,575BHP,1325 kg with driver,5L V8,RWD,80
3754,United States,2013,575BHP,1325 kg with driver,5L V8,RWD,80
,,,,,,,
,,,,,,,#N/A
,,,,,,,#N/A
,,,,,,,#N/A
,,,,,,,#N/A
,,,,,,,#N/A
2338,United States,2012,620 BHP,1395 kg (with driver),7.9L V8,RWD,80
2338,United States,2012,620 BHP,1395 kg (with driver),7.9L V8,RWD,80
2338,United States,2012,620 BHP,1395 kg (with driver),7.9L V8,RWD,80
2338,United States,2012,620 BHP,1395 kg (with driver),7.9L V8,RWD,80
2338,United States,2012,620 BHP,1395 kg (with driver),7.9L V8,RWD,80
2338,United States,2012,620 BHP,1395 kg (with driver),7.9L V8,RWD,80
,,,,,,,
,,,,,,,
,,,,,,,
,,,,,,,
,,,,,,,
,,,,,,,
,,,,,,,
2868,Japan,1989,750,1200,V6,RWD,70
,,,,,,,
,,,,,,,
,,,,,,,
,,,,,,,
,,,,,,,
,,,,,,,
,,,,,,,
,,,,,,,#N/A
,,,,,,,#N/A
,,,,,,,
,,,,,,,
,,,,,,,
,,,,,,,
,,,,,,,
,,,,,,,
,,,,,,,
,,,,,,,
,,,,,,,
1700,Germany,1980,650,875,Inline-4,RWD,100
,,,,,,,#N/A
,,,,,,,#N/A
,,,,,,,
,,,,,,,#N/A
,,,,,,,#N/A
1700,Germany,1980,650,875,Inline-4,RWD,100
1700,Germany,1980,650,875,Inline-4,RWD,100
1700,Germany,1980,650,875,Inline-4,RWD,100
,,,,,,,#N/A
,,,,,,,#N/A
,,,,,,,#N/A
2044,Germany,1979,600,830,Inline-4,RWD,100
2044,Germany,1979,600,830,Inline-4,RWD,100
2044,Germany,1979,600,830,Inline-4,RWD,100
2044,Germany,1979,600,830,Inline-4,RWD,100
,,,,,,,#N/A
1747,United States,2009,525+,1150,V8,RWD,75
1747,United States,2009,525+,1150,V8,RWD,75
1747,United States,2009,525+,1150,V8,RWD,75
1747,United States,2009,525+,1150,V8,RWD,75
1747,United States,2009,525+,1150,V8,RWD,75
1747,United States,2009,525+,1150,V8,RWD,75
,,,,,,,#N/A
1733,Germany,2009,540+,1150,V8,RWD,75
1733,Germany,2009,540+,1150,V8,RWD,75
1733,Germany,2009,540+,1150,V8,RWD,75
1733,Germany,2009,540+,1150,V8,RWD,75
1733,Germany,2009,540+,1150,V8,RWD,75
2410,United States,2012,500+,1450,V8,RWD,75
2410,United States,2012,500+,1450,V8,RWD,75
,,,,,,,
,,,,,,,
,,,,,,,
,,,,,,,
,,,,,,,
,,,,,,,#N/A
3842,United States,1992,520+,1160,V8,RWD,155
,,,,,,,#N/A
,,,,,,,#N/A
,,,,,,,
3842,United States,1992,520+,1160,V8,RWD,155
3842,United States,1992,520+,1160,V8,RWD,155
,,,,,,,
,,,,,,,
,,,,,,,
,,,,,,,
,,,,,,,
,,,,,,,
,,,,,,,
,,,,,,,
,,,,,,,
,,,,,,,
,,,,,,,
,,,,,,,
,,,,,,,
,,,,,,,
,,,,,,,
,,,,,,,
,,,,,,,
,,,,,,,
,,,,,,,
,,,,,,,
,,,,,,,
,,,,,,,
Grand Prix,Belgium,,56,"7,004",Europe,,TC
,,,,,,,
,,,,,,,
,,,,,,,
3874,Germany,1992,400,1130,Inline 6,RWD,155
,,,,,,,#N/A
3874,Germany,1992,400,1130,Inline 6,RWD,155
,,,,,,,
,,,,,,,
2859,United States,1983,800,1025,Boxer-6,RWD,100
2859,United States,1983,800,1025,Boxer-6,RWD,100
2859,United States,1983,800,1025,Boxer-6,RWD,100
2859,United States,1983,800,1025,Boxer-6,RWD,100
2859,United States,1983,800,1025,Boxer-6,RWD,100
2859,United States,1983,800,1025,Boxer-6,RWD,100
,,,,,,,
,,,,,,,
,,,,,,,
,,,,,,,
,Germany,,,,,,#N/A
,,,,,,,
,,,,,,,
,,,,,,,
,,,,,,,
,,,,,,,
,,,,,,,
,,,,,,,
,,,,,,,
,,,,,,,
3899,France,2014,380,1100,Inline-4,FWD,120
,,,,,,,#N/A
3899,France,2014,380,1100,Inline-4,FWD,120
3899,France,2014,380,1100,Inline-4,FWD,120
3899,France,2014,380,1100,Inline-4,FWD,120
3899,France,2014,380,1100,Inline-4,FWD,120
,,2014,,,,,120
,,,,,,,
,,,,,,,
,,,,,,,
,,,,,,,#N/A
,,,,,,,
,,,,,,,
Long,US,,52,"4,046",America,,TC
IRL,US,,52,"1,843",America,,TC
,,,,,,,
,,,,,,,#N/A
,,,,,,,#N/A
,,,,,,,#N/A
1779,United States,2011,609 BHP,1280 Kg,V8,RWD,68
,,,,,,,
1779,United States,2011,609 BHP,1280 Kg,V8,RWD,68
1779,United States,2011,609 BHP,1280 Kg,V8,RWD,68
1779,United States,2011,609 BHP,1280 Kg,V8,RWD,68
1779,United States,2011,609 BHP,1280 Kg,V8,RWD,68
1779,United States,2011,609 BHP,1280 Kg,V8,RWD,68
,,,,,,,
,,,,,,,#N/A
,,,,,,,#N/A
1807,Japan,2011,653 BHP,1320 Kg,V8,RWD,68
1807,Japan,2011,653 BHP,1320 Kg,V8,RWD,68
1807,Japan,2011,653 BHP,1320 Kg,V8,RWD,68
1807,Japan,2011,653 BHP,1320 Kg,V8,RWD,68
,,,,,,,#N/A
,,,,,,,#N/A
2339,Germany,1979,470BHP,1130Kg,3.5L straight-6,RWD,197
2339,Germany,1979,470BHP,1130Kg,3.5L straight-6,RWD,197
,,,,,,,#N/A
,,,,,,,#N/A
,,,,,,,#N/A
1700,Germany,1980,650,875,Inline-4,RWD,100
1700,Germany,1980,650,875,Inline-4,RWD,100
1700,Germany,1980,650,875,Inline-4,RWD,100
,,,,,,,#N/A
,,,,,,,#N/A
,,,,,,,#N/A
,,,,,,,#N/A
,,,,,,,#N/A
2116,Germany,1991,330+,940,Inline -4,RWD,205
2116,Germany,1991,330+,940,Inline -4,RWD,205
2116,Germany,1991,330+,940,Inline -4,RWD,205
2116,Germany,1991,330+,940,Inline -4,RWD,205
2116,Germany,1991,330+,940,Inline -4,RWD,205
,,,,,,,#N/A
,,,,,,,#N/A
,,,,,,,#N/A
,,,,,,,#N/A
,,,,,,,#N/A
,,,,,,,#N/A
2116,Germany,1991,330+,940,Inline -4,RWD,205
2116,Germany,1991,330+,940,Inline -4,RWD,205
2116,Germany,1991,330+,940,Inline -4,RWD,205
2116,Germany,1991,330+,940,Inline -4,RWD,205
2116,Germany,1991,330+,940,Inline -4,RWD,205
2116,Germany,1991,330+,940,Inline -4,RWD,205
3964,Japan,1990,400+,1400Kg,Inline-6,4WD,205
,,,,,,,#N/A
3964,Japan,1990,400+,1400Kg,Inline-6,4WD,205
,,,,,,,#N/A
3964,Japan,1990,400+,1400Kg,Inline-6,4WD,205
,,,,,,,#N/A
3964,Japan,1990,400+,1400Kg,Inline-6,4WD,205
,,,,,,,#N/A
3964,Japan,1990,400+,1400Kg,Inline-6,4WD,205
3964,Japan,1990,400+,1400Kg,Inline-6,4WD,205
,,,,,,,#N/A
,,,,,,,#N/A
,,,,,,,#N/A
,,,,,,,#N/A
,,,,,,,#N/A
,,,,,,,#N/A
,,,,,,,#N/A
,,,,,,,#N/A
,,,,,,,#N/A
1862,Germany,1989,320+,1180,Inline-6,RWD,205
1862,Germany,1989,320+,1180,Inline-6,RWD,205
1862,Germany,1989,320+,1180,Inline-6,RWD,205
1862,Germany,1989,320+,1180,Inline-6,RWD,205
1862,Germany,1989,320+,1180,Inline-6,RWD,205
1862,Germany,1989,320+,1180,Inline-6,RWD,205
1862,Germany,1989,320+,1180,Inline-6,RWD,205
1862,Germany,1989,320+,1180,Inline-6,RWD,205
1862,Germany,1989,320+,1180,Inline-6,RWD,205
,,,,,,,#N/A
,,,,,,,#N/A
,,,,,,,#N/A
,,,,,,,#N/A
,,,,,,,#N/A
,,,,,,,#N/A
2275,Sweden,1980,345,1050,Inline -4,RWD,205
2275,Sweden,1980,345,1050,Inline -4,RWD,205
2275,Sweden,1980,345,1050,Inline -4,RWD,205
2275,Sweden,1980,345,1050,Inline -4,RWD,205
2275,Sweden,1980,345,1050,Inline -4,RWD,205
2275,Sweden,1980,345,1050,Inline -4,RWD,205
,,,,,,,#N/A
,,,,,,,#N/A
,,,,,,,#N/A
,,,,,,,#N/A
,,,,,,,#N/A
,,,,,,,#N/A
1837,Germany,2011,545+,1150,FLAT-6,RWD,75
1837,Germany,2011,545+,1150,FLAT-6,RWD,75
1837,Germany,2011,545+,1150,FLAT-6,RWD,75
1837,Germany,2011,545+,1150,FLAT-6,RWD,75
1837,Germany,2011,545+,1150,FLAT-6,RWD,75
1837,Germany,2011,545+,1150,FLAT-6,RWD,75
,,,,,,,#N/A
1733,Germany,2009,540+,1150,V8,RWD,75
,,,,,,,
,,,,,,,
,,,,,,,
,,,,,,,
,,,,,,,
,,,,,,,
,,,,,,,
,,,,,,,#N/A
,,,,,,,
,,,,,,,
,,,,,,,
,,,,,,,
,,,,,,,
,,,,,,,
,,,,,,,
,,,,,,,
,,,,,,,#N/A
,,,,,,,#N/A
,,,,,,,
,,,,,,,
,,,,,,,
Grand Prix,UK,,52,"5,890",Europe,,TC
,,,,,,,
Intermediate (WTCC),China,,48,"4,603",Asia,,TC
West Long,China,,48,"3,067",Asia,,TC
,,,,,,,
,,,,,,,
,,,,,,,
4046,United States,2014,380,1100,Inline-4,FWD,120
,,,,,,,#N/A
4046,United States,2014,380,1100,Inline-4,FWD,120
4046,United States,2014,380,1100,Inline-4,FWD,120
,,,,,,,#N/A
4046,United States,2014,380,1100,Inline-4,FWD,120
,,,,,,,#N/A
4046,United States,2014,380,1100,Inline-4,FWD,120
4046,United States,2014,380,1100,Inline-4,FWD,120
,,,,,,,#N/A
4046,United States,2014,380,1100,Inline-4,FWD,120
,,,,,,,
,,,,,,,
,,,,,,,
,,,,,,,#N/A
,,,,,,,
,,,,,,,
,,,,,,,
,,,,,,,
,,,,,,,
,,,,,,,
4067,Russia,2014,380,1100,Inline-4,FWD,120
,,,,,,,#N/A
4067,Russia,2014,380,1100,Inline-4,FWD,120
4067,Russia,2014,380,1100,Inline-4,FWD,120
4067,Russia,2014,380,1100,Inline-4,FWD,120
,,,,,,,
,,,,,,,
,,,,,,,
4075,United States,1977,900,1309,V8,RWD,100
,,,,,,,#N/A
,,,,,,,#N/A
,,,,,,,#N/A
,,,,,,,
4075,United States,1977,900,1309,V8,RWD,100
4075,United States,1977,900,1309,V8,RWD,100
4075,United States,1977,900,1309,V8,RWD,100
4075,United States,1977,900,1309,V8,RWD,100
4075,United States,1977,900,1309,V8,RWD,100
4075,United States,1977,900,1309,V8,RWD,100
,,,,,,,
,,,,,,,
,,,,,,,
,,,,,,,
,,,,,,,
,,,,,,,
,,,,,,,
,,,,,,,
,,,,,,,
,,,,,,,
,,,,,,,
,,,,,,,
,,,,,,,
,,,,,,,
,,,,,,,
,,,,,,,
2037,Germany,2012,585BHP,1350kg with driver,5.2L V57,RWD,80
2037,Germany,2012,585BHP,1350kg with driver,5.2L V57,RWD,80
,,,,,,,#N/A
1738,Germany,2012,575 BHP,1330kg with driver,4.4L V8,RWD,80
2410,United States,2012,500+,1450,V8,RWD,75
,,,,,,,#N/A
,,,,,,,#N/A
1909,United Kingdom,2012,575 BHP,1340kg with driver,3.8L V8,RWD,80
1909,United Kingdom,2012,575 BHP,1340kg with driver,3.8L V8,RWD,80
,,,,,,,
,,,,,,,
,,,,,,,
4114,Japan,1990,733,1033kg (with driver),V8,RWD,30
,,,,,,,#N/A
4114,Japan,1990,733,1033kg (with driver),V8,RWD,30
4114,Japan,1990,733,1033kg (with driver),V8,RWD,30
4114,Japan,1990,733,1033kg (with driver),V8,RWD,30
4114,Japan,1990,733,1033kg (with driver),V8,RWD,30
4114,Japan,1990,733,1033kg (with driver),V8,RWD,30
,,,,,,,30
,,,,,,,
,,,,,,,
,,,,,,,
,,,,,,,
,,,,,,,
,,,,,,,
,,,,,,,
,,,,,,,
,,,,,,,
,,,,,,,
,,,,,,,
,,,,,,,
,,,,,,,
,,,,,,,
,,,,,,,
,,,,,,,
,,,,,,,
,,,,,,,
,,,,,,,
,,,,,,,
,,,,,,,
,,,,,,,
,,,,,,,
4145,United States,1975,650,1030,V8,RWD,100
,,,,,,,#N/A
4145,United States,1975,650,1030,V8,RWD,100
4145,United States,1975,650,1030,V8,RWD,100
4145,United States,1975,650,1030,V8,RWD,100
4145,United States,1975,650,1030,V8,RWD,100
4145,United States,1975,650,1030,V8,RWD,100
4145,United States,1975,650,1030,V8,RWD,100
,,,,,,,
,,,,,,,
,,,,,,,#N/A
,,,,,,,#N/A
,,,,,,,#N/A
,,,,,,,#N/A
,,,,,,,#N/A
,,,,,,,#N/A
,,,,,,,#N/A
,,,,,,,#N/A
1794,Sweden,2007,598 BHP,1275 Kg,V8,RWD,68
1794,Sweden,2007,598 BHP,1275 Kg,V8,RWD,68
1794,Sweden,2007,598 BHP,1275 Kg,V8,RWD,68
1794,Sweden,2007,598 BHP,1275 Kg,V8,RWD,68
,,,,,,,#N/A
,,,,,,,#N/A
,,,,,,,#N/A
,,,,,,,#N/A
,,,,,,,#N/A
1834,Germany,2007,612 BHP,1300 Kg,Flat-6,RWD,68
1834,Germany,2007,612 BHP,1300 Kg,Flat-6,RWD,68
1834,Germany,2007,612 BHP,1300 Kg,Flat-6,RWD,68
1834,Germany,2007,612 BHP,1300 Kg,Flat-6,RWD,68
1834,Germany,2007,612 BHP,1300 Kg,Flat-6,RWD,68
1788,Germany,2008,612 BHP,1275 Kg,V8,RWD,68
1788,Germany,2008,612 BHP,1275 Kg,V8,RWD,68
1788,Germany,2008,612 BHP,1275 Kg,V8,RWD,68
1788,Germany,2008,612 BHP,1275 Kg,V8,RWD,68
,,,,,,,#N/A
,,,,,,,#N/A
2405,Germany,1989,709,1207,Inline-5,4WD,70
2405,Germany,1989,709,1207,Inline-5,4WD,70
,,,,,,,#N/A
,,,,,,,#N/A
2868,Japan,1989,750,1200,V6,RWD,70
2868,Japan,1989,750,1200,V6,RWD,70
,,,,,,,#N/A
2859,United States,1983,800,1025,Boxer-6,RWD,100
,,,,,,,#N/A
2044,Germany,1979,600,830,Inline-4,RWD,100
,,,,,,,#N/A
1733,Germany,2009,540+,1150,V8,RWD,75
1733,Germany,2009,540+,1150,V8,RWD,75
1733,Germany,2009,540+,1150,V8,RWD,75
4197,Japan,2014,380,1100,Inline-4,FWD,120
,,,,,,,#N/A
4197,Japan,2014,380,1100,Inline-4,FWD,120
4197,Japan,2014,380,1100,Inline-4,FWD,120
4197,Japan,2014,380,1100,Inline-4,FWD,120
4197,Japan,2014,380,1100,Inline-4,FWD,120
,,,,,,,
,,,,,,,
,,,,,,,
,,,,,,,
,,,,,,,
,,,,,,,
,,,,,,,
,,,,,,,
,,,,,,,
,,,,,,,
,,,,,,,
,,,,,,,
,,,,,,,
,,,,,,,
,,,,,,,
,,,,,,,
,,,,,,,
,,,,,,,
,,,,,,,
,,,,,,,
,,,,,,,
,,,,,,,
,,,,,,,
,,,,,,,
,,,,,,,
,,,,,,,
,,,,,,,
,,,,,,,
,,,,,,,
,,,,,,,
,,,,,,,
,,,,,,,
,,,,,,,#N/A
,,,,,,,#N/A
,,,,,,,#N/A
,,,,,,,#N/A
4114,Japan,1990,733,1033kg (with driver),V8,RWD,30
4114,Japan,1990,733,1033kg (with driver),V8,RWD,30
4114,Japan,1990,733,1033kg (with driver),V8,RWD,30
4114,Japan,1990,733,1033kg (with driver),V8,RWD,30
1815,Japan,1981,650,1050,Inline-4,RWD,100
1818,Japan,1981,650,1005,Inline-4,RWD,100
1818,Japan,1981,650,1005,Inline-4,RWD,100
Solution 1A-V2,France,1969,44,"5,752",Europe,,TC
Solution 1C-V2,France,1969,44,"5,842",Europe,,TC
Solution 2A short,France,1969,44,"3,523",Europe,,TC
,,,,,,,
,,,,,,,
,,,,,,,
,,,,,,,
Full Circuit,Thailand,,40,"4,539",Asia,,TC
,,,,,,,
,,,,,,,
,,,,,,,
,,,,,,,
,,,,,,,
,,,,,,,
,,,,,,,40
4261,Germany,2015,500+,1110,V8,RWD,40
,,,,,,,#N/A
4261,Germany,2015,500+,1110,V8,RWD,40
4264,Germany,2015,500+,1110,V8,RWD,40
,,,,,,,
,,,,,,,
4267,Germany,2015,500+,1110,V8,RWD,40
,,,,,,,#N/A
4267,Germany,2015,500+,1110,V8,RWD,40
,,,,,,,#N/A
,,,,,,,#N/A
,,,,,,,#N/A
,,,,,,,#N/A
1824,Italy,2009,670 BHP,1184 Kg,Mercedes-Benz V12,RWD,90
1824,Italy,2009,670 BHP,1184 Kg,Mercedes-Benz V12,RWD,90
1824,Italy,2009,670 BHP,1184 Kg,Mercedes-Benz V12,RWD,90
1824,Italy,2009,670 BHP,1184 Kg,Mercedes-Benz V12,RWD,90
,,,,,,,
1824,Italy,2009,670 BHP,1184 Kg,Mercedes-Benz V12,RWD,90
1824,Italy,2009,670 BHP,1184 Kg,Mercedes-Benz V12,RWD,90
1824,Italy,2009,670 BHP,1184 Kg,Mercedes-Benz V12,RWD,90
1824,Italy,2009,670 BHP,1184 Kg,Mercedes-Benz V12,RWD,90
1824,Italy,2009,670 BHP,1184 Kg,Mercedes-Benz V12,RWD,90
1824,Italy,2009,670 BHP,1184 Kg,Mercedes-Benz V12,RWD,90
1824,Italy,2009,670 BHP,1184 Kg,Mercedes-Benz V12,RWD,90
1824,Italy,2009,670 BHP,1184 Kg,Mercedes-Benz V12,RWD,90
1824,Italy,2009,670 BHP,1184 Kg,Mercedes-Benz V12,RWD,90
1824,Italy,2009,670 BHP,1184 Kg,Mercedes-Benz V12,RWD,90
1824,Italy,2009,670 BHP,1184 Kg,Mercedes-Benz V12,RWD,90
1824,Italy,2009,670 BHP,1184 Kg,Mercedes-Benz V12,RWD,90
1824,Italy,2009,670 BHP,1184 Kg,Mercedes-Benz V12,RWD,90
1824,Italy,2009,670 BHP,1184 Kg,Mercedes-Benz V12,RWD,90
1824,Italy,2009,670 BHP,1184 Kg,Mercedes-Benz V12,RWD,90
1824,Italy,2009,670 BHP,1184 Kg,Mercedes-Benz V12,RWD,90
1824,Italy,2009,670 BHP,1184 Kg,Mercedes-Benz V12,RWD,90
1824,Italy,2009,670 BHP,1184 Kg,Mercedes-Benz V12,RWD,90
1824,Italy,2009,670 BHP,1184 Kg,Mercedes-Benz V12,RWD,90
1824,Italy,2009,670 BHP,1184 Kg,Mercedes-Benz V12,RWD,90
4299,Germany,2011,365 BHP,1100,Inline-5,FWD,140
,,,,,,,#N/A
4299,Germany,2011,365 BHP,1100,Inline-5,FWD,140
,,,,,,,
,,,,,,,
,,,,,,,
,,,,,,,
,,,,,,,#N/A
,,,,,,,#N/A
4308,Germany,2011,540,970,V6 Diesel,RWD,25
,,,,,,,#N/A
4308,Germany,2011,540,970,V6 Diesel,RWD,25
4308,Germany,2011,540,970,V6 Diesel,RWD,25
4308,Germany,2011,540,970,V6 Diesel,RWD,25
,,,,,,,#N/A
,,,,,,,#N/A
,,,,,,,#N/A
4267,Germany,2015,500+,1110,V8,RWD,40
4267,Germany,2015,500+,1110,V8,RWD,40
4267,Germany,2015,500+,1110,V8,RWD,40
4267,Germany,2015,500+,1110,V8,RWD,40
4267,Germany,2015,500+,1110,V8,RWD,40
4267,Germany,2015,500+,1110,V8,RWD,40
,,,,,,,#N/A
,,,,,,,#N/A
,,,,,,,#N/A
4261,Germany,2015,500+,1110,V8,RWD,40
4261,Germany,2015,500+,1110,V8,RWD,40
4261,Germany,2015,500+,1110,V8,RWD,40
4261,Germany,2015,500+,1110,V8,RWD,40
4261,Germany,2015,500+,1110,V8,RWD,40
4261,Germany,2015,500+,1110,V8,RWD,40
4261,Germany,2015,500+,1110,V8,RWD,40
,,,,,,,
,,,,,,,#N/A
,,,,,,,#N/A
,,,,,,,#N/A
,,,,,,,#N/A
4267,Germany,2015,500+,1110,V8,RWD,40
,,,,,,,#N/A
,,,,,,,
,,,,,,,
,,,,,,,
,,,,,,,
,,,,,,,#N/A
1756,,2009,570,970,V12,RWD,25
1756,,2009,570,970,V12,RWD,25
1756,,2009,570,970,V12,RWD,25
1756,,2009,570,970,V12,RWD,25
,,,,,,,#N/A
,,,,,,,
1759,,2009,450,970,V6,RWD,35
1759,,2009,450,970,V6,RWD,35
1759,,2009,450,970,V6,RWD,35
1759,,2009,450,970,V6,RWD,35
,,,,,,,#N/A
,,,,,,,
1800,United Kingdom,2009,535,970,V8,RWD,25
1800,United Kingdom,2009,535,970,V8,RWD,25
1800,United Kingdom,2009,535,970,V8,RWD,25
1800,United Kingdom,2009,535,970,V8,RWD,25
,,,,,,,#N/A
1803,,2009,450,970,V8,RWD,35
1803,,2009,450,970,V8,RWD,35
1803,,2009,450,970,V8,RWD,35
1803,,2009,450,970,V8,RWD,35
,,,,,,,
,,,,,,,
,,,,,,,
,,,,,,,
,,,,,,,
,,,,,,,
,,,,,,,
,,,,,,,
,,,,,,,
,,,,,,,
,,,,,,,#N/A
,,,,,,,#N/A
,,,,,,,#N/A
4264,Germany,2015,500+,1110,V8,RWD,40
4264,Germany,2015,500+,1110,V8,RWD,40
4264,Germany,2015,500+,1110,V8,RWD,40
4264,Germany,2015,500+,1110,V8,RWD,40
4264,Germany,2015,500+,1110,V8,RWD,40
4264,Germany,2015,500+,1110,V8,RWD,40
4264,Germany,2015,500+,1110,V8,RWD,40
4264,Germany,2015,500+,1110,V8,RWD,40
4386,United States,1985,650,100,V8,RWD,70
,,,,,,,#N/A
,,,,,,,
4386,United States,1985,650,100,V8,RWD,70
,,,,,,,
,,,,,,,
,,,,,,,
,,,,,,,
,,,,,,,
,,,,,,,
,,,,,,,
,,,,,,,
,,,,,,,
,,,,,,,
,,,,,,,
,,,,,,,
,,,,,,,
,,,,,,,
,,,,,,,
,,,,,,,
,,,,,,,
,,,,,,,
,,,,,,,
,,,,,,,
,,,,,,,
,,,,,,,
,,,,,,,
4386,United States,1985,650,100,V8,RWD,70
4386,United States,1985,650,100,V8,RWD,70
4386,United States,1985,650,100,V8,RWD,70
,,,,,,,#N/A
,,,,,,,#N/A
,,,,,,,#N/A
,,,,,,,#N/A
,,,,,,,#N/A
,,,,,,,#N/A
,,,,,,,#N/A
,,,,,,,#N/A
,,,,,,,#N/A
,,,,,,,#N/A
,,,,,,,#N/A
,,,,,,,#N/A
,,,,,,,#N/A
,,,,,,,#N/A
,,,,,,,#N/A
,,,,,,,#N/A
,,,,,,,#N/A
,,,,,,,#N/A
,,,,,,,#N/A
,,,,,,,#N/A
,,,,,,,#N/A
,,,,,,,#N/A
,,,,,,,#N/A
,,,,,,,#N/A
,,,,,,,
,,,,,,,
,,,,,,,
,,,,,,,
,,,,,,,
,,,,,,,
,,,,,,,
,,,,,,,
,,,,,,,
,,,,,,,
,,,,,,,
,,,,,,,
,,,,,,,
,,,,,,,
,,,,,,,
,,,,,,,
,,,,,,,
,,,,,,,
,,,,,,,
,,,,,,,
,,,,,,,
,,,,,,,
,,,,,,,
,,,,,,,
,,,,,,,
,,,,,,,
,,,,,,,
,,,,,,,
,,,,,,,
,,,,,,,
,,,,,,,
,,,,,,,
,,,,,,,
,,,,,,,
,,,,,,,
,,,,,,,
,,,,,,,
,,,,,,,
,,,,,,,
,,,,,,,
,,,,,,,
,,,,,,,
,,,,,,,
,,,,,,,
,,,,,,,
,,,,,,,
,,,,,,,
,,,,,,,
,,,,,,,
,,,,,,,
,,,,,,,
,,,,,,,
,,,,,,,
,,,,,,,
,,,,,,,#N/A
,,,,,,,#N/A
,,,,,,,#N/A
,,,,,,,#N/A
,,,,,,,
,,,,,,,
,,,,,,,
,,,,,,,
,,,,,,,
,,,,,,,
,,,,,,,
,,,,,,,
,,,,,,,
,,,,,,,
,,,,,,,
,,,,,,,
,,,,,,,
,,,,,,,
,,,,,,,
,,,,,,,
,,,,,,,
,,,,,,,
,,,,,,,80
,,2015,,,,,120
4518,Germany,2012,585BHP,1350kg with driver,5.2L V57,RWD,80
,,,,,,,#N/A
4518,Germany,2012,585BHP,1350kg with driver,5.2L V57,RWD,80
,,,,,,,
,,,,,,,
,,,,,,,
,,,,,,,
,,,,,,,
,,,,,,,
,,,,,,,
,,,,,,,
,,,,,,,
,,,,,,,
,,,,,,,
,,,,,,,
,,,,,,,
,,,,,,,
,,,,,,,
,,,,,,,
,,,,,,,
,,,,,,,
,,,,,,,
1747,United States,2009,525+,1150,V8,RWD,75
,,,,,,,#N/A
Classic,Belgium,,48,"7,004",Europe,,TC
Combined,Belgium,,100,"7,004",Europe,,TC
4544,Germany,2012,575 BHP,1330kg with driver,4.4L V8,RWD,80
,,,,,,,#N/A
4544,Germany,2012,575 BHP,1330kg with driver,4.4L V8,RWD,80
,,,,,,,#N/A
,,,,,,,
1837,Germany,2011,545+,1150,FLAT-6,RWD,75
,,,,,,,
4551,Germany,2013,600 BHP,1405kg with driver,6.3L V8,RWD,80
,,,,,,,#N/A
,,,,,,,
4554,Japan,2014,380,1100,Inline-4,FWD,120
,,,,,,,#N/A
4554,Japan,2014,380,1100,Inline-4,FWD,120
4557,Japan,2011,600BHP,1370kg with driver,3.8L V6,RWD,80
,,,,,,,#N/A
4557,Japan,2011,600BHP,1370kg with driver,3.8L V6,RWD,80
,,,,,,,#N/A
4518,Germany,2012,585BHP,1350kg with driver,5.2L V57,RWD,80
4518,Germany,2012,585BHP,1350kg with driver,5.2L V57,RWD,80
4518,Germany,2012,585BHP,1350kg with driver,5.2L V57,RWD,80
4518,Germany,2012,585BHP,1350kg with driver,5.2L V57,RWD,80
,,,,,,,#N/A
4544,Germany,2012,575 BHP,1330kg with driver,4.4L V8,RWD,80
4544,Germany,2012,575 BHP,1330kg with driver,4.4L V8,RWD,80
4518,Germany,2012,585BHP,1350kg with driver,5.2L V57,RWD,80
,,,,,,,#N/A
4570,United States,2012,620 BHP,1395 kg (with driver),7.9L V8,RWD,80
,,,,,,,#N/A
4570,United States,2013,590,1355kg with driver,6.2L V8,RWD,80
,,,,,,,#N/A
,,,,,,,#N/A
,,,,,,,#N/A
,,,,,,,#N/A
,,,,,,,#N/A
,,,,,,,#N/A
4579,United States,2014,380,1100,Inline-4,FWD,120
,,,,,,,#N/A
4579,United States,2014,380,1100,Inline-4,FWD,120
4582,United States,2012,620 BHP,1395 kg (with driver),7.9L V8,RWD,80
,,,,,,,#N/A
4582,United States,2012,620 BHP,1395 kg (with driver),7.9L V8,RWD,80
4585,France,2014,380,1100,Inline-4,FWD,120
,,,,,,,#N/A
4585,France,2014,380,1100,Inline-4,FWD,120
4570,United States,2012,620 BHP,1395 kg (with driver),7.9L V8,RWD,80
,,,,,,,#N/A
4570,United States,2013,590,1355kg with driver,6.2L V8,RWD,80
,,,,,,,#N/A
,,,,,,,#N/A
4551,Germany,2013,600 BHP,1405kg with driver,6.3L V8,RWD,80
4551,Germany,2013,600 BHP,1405kg with driver,6.3L V8,RWD,80
4557,Japan,2011,600BHP,1370kg with driver,3.8L V6,RWD,80
,,,,,,,#N/A
,,,,,,,20
4598,,,,,,,20
,,,,,,,#N/A
,,,,,,,20
,,,,,,,
,,,,,,,
,,,,,,,
,,,,,,,
,,,,,,,
,,,,,,,
,,,,,,,
,,,,,,,
,,,,,,,
,,,,,,,
,,,,,,,
,,,,,,,
,,,,,,,
,,,,,,,
,,,,,,,
,,,,,,,
,,,,,,,
,,,,,,,
,,,,,,,
,,,,,,,
,,,,,,,
,,,,,,,
,,,,,,,
,,,,,,,
,,,,,,,
,,,,,,,
,,,,,,,
,,,,,,,
,,,,,,,
,,,,,,,
,,,,,,,
,,,,,,,
,,,,,,,
,,,,,,,
,,,,,,,#N/A
,,,,,,,#N/A
,,,,,,,#N/A
,,,,,,,#N/A
,,,,,,,#N/A
,,,,,,,#N/A
,,,,,,,#N/A
,,,,,,,#N/A
,,,,,,,#N/A
,,,,,,,#N/A
,,,,,,,
,,,,,,,#N/A
,,,,,,,#N/A
,,,,,,,#N/A
,,,,,,,#N/A
,,,,,,,#N/A
,,,,,,,#N/A
,,,,,,,#N/A
,,,,,,,20
,,,,,,,20
,,,,,,,20
,,,,,,,20
,,,,,,,20
,,,,,,,20
,,,,,,,20
,,,,,,,20
,,,,,,,20
,,,,,,,20
,,,,,,,20
,,,,,,,20
,,,,,,,20
,,,,,,,20
,,,,,,,20
,,,,,,,20
,,,,,,,20
,,,,,,,20
,,,,,,,20
,,,,,,,20
,,,,,,,20
,,,,,,,
4675,Germany,2017,485 bhp @ 7500rpm,1205 kg,4.0l Flat-6,RWD,105
,,,,,,,#N/A
,,,,,,,
,,,,,,,
,,,,,,,
,,,,,,,189
4681,Germany,2015,310hp (P2P +30),1125kg,2.0L Inline 4,FWD,189
,,,,,,,#N/A
,,,,,,,
,,,,,,,
,,,,,,,
,,,,,,,#N/A
1694,RR,2010,400,1050,V6,RWD,170
,,,,,,,#N/A
1694,RR,2010,400,1050,V6,RWD,170
,,,,,,,#N/A
1694,RR,2010,400,1050,V6,RWD,170
,,,,,,,#N/A
1694,RR,2010,400,1050,V6,RWD,170
,,,,,,,#N/A
1741,RR,2010,415,1035,Inline-5,RWD,170
,,,,,,,#N/A
1741,RR,2010,415,1035,Inline-5,RWD,170
,,,,,,,#N/A
1741,RR,2010,415,1035,Inline-5,RWD,170
,,,,,,,#N/A
1741,RR,2010,415,1035,Inline-5,RWD,170
,,,,,,,
,,,,,,,#N/A
1750,RR,2010,420,1000,Inline-4,RWD,170
,,,,,,,#N/A
1750,RR,2010,420,1000,Inline-4,RWD,170
,,,,,,,#N/A
1750,RR,2010,420,1000,Inline-4,RWD,170
,,,,,,,#N/A
1750,RR,2010,420,1000,Inline-4,RWD,170
,,,,,,,#N/A
1753,RR,2010,399,1050,V6,RWD,170
,,,,,,,#N/A
1753,RR,2010,399,1050,V6,RWD,170
,,,,,,,#N/A
1753,RR,2010,399,1050,V6,RWD,170
,,,,,,,#N/A
1753,RR,2010,399,1050,V6,RWD,170
,,,,,,,
4720,Russia,2015,380,1100,Inline-4,FWD,120
,,,,,,,#N/A
,,,,,,,
,,,,,,,
,,,,,,,
,,,,,,,#N/A
,,,,,,,
,,,,,,,
,,,,,,,
,,,,,,,
,,,,,,,
,,,,,,,
,,,,,,,
,,,,,,,
,,,,,,,
,,,,,,,
,,,,,,,
,,,,,,,
,,,,,,,
,,,,,,,
,,,,,,,
,,,,,,,
,,,,,,,
,,,,,,,
,,,,,,,
,,,,,,,
,,,,,,,
,,,,,,,
,,,,,,,
,,,,,,,
,,,,,,,
,,,,,,,
,,,,,,,
,,,,,,,
,,,,,,,
,,,,,,,
,,,,,,,
,,,,,,,
,,,,,,,
,,,,,,,
,,,,,,,
,,,,,,,
,,,,,,,
4681,Germany,2015,310hp (P2P +30),1125kg,2.0L Inline 4,FWD,189
4681,Germany,2015,310hp (P2P +30),1125kg,2.0L Inline 4,FWD,189
4681,Germany,2015,310hp (P2P +30),1125kg,2.0L Inline 4,FWD,189
4681,Germany,2015,310hp (P2P +30),1125kg,2.0L Inline 4,FWD,189
4681,Germany,2015,310hp (P2P +30),1125kg,2.0L Inline 4,FWD,189
4681,Germany,2015,310hp (P2P +30),1125kg,2.0L Inline 4,FWD,189
,,,,,,,
,,,,,,,
3626,United States,2013,590,1355kg with driver,6.2L V8,RWD,80
3626,United States,2013,590,1355kg with driver,6.2L V8,RWD,80
3626,United States,2013,590,1355kg with driver,6.2L V8,RWD,80
2338,United States,2012,620 BHP,1395 kg (with driver),7.9L V8,RWD,80
2338,United States,2012,620 BHP,1395 kg (with driver),7.9L V8,RWD,80
2533,Germany,2013,600 BHP,1405kg with driver,6.3L V8,RWD,80
1909,United Kingdom,2012,575 BHP,1340kg with driver,3.8L V8,RWD,80
1811,Japan,2011,600BHP,1370kg with driver,3.8L V6,RWD,80
3754,United States,2013,575BHP,1325 kg with driver,5L V8,RWD,80
1747,United States,2009,525+,1150,V8,RWD,75
1747,United States,2009,525+,1150,V8,RWD,75
1782,United States,2007,630BHP,1435kg with driver,5.3L V8,RWD,80
1782,United States,2007,630BHP,1435kg with driver,5.3L V8,RWD,80
2037,Germany,2012,585BHP,1350kg with driver,5.2L V57,RWD,80
2037,Germany,2012,585BHP,1350kg with driver,5.2L V57,RWD,80
1738,Germany,2012,575 BHP,1330kg with driver,4.4L V8,RWD,80
1738,Germany,2012,575 BHP,1330kg with driver,4.4L V8,RWD,80
3516,Germany,2011,565BHP,1305Kg with Driver,4.0L F6,RWD,80
3516,Germany,2011,565BHP,1305Kg with Driver,4.0L F6,RWD,80
2338,United States,2012,620 BHP,1395 kg (with driver),7.9L V8,RWD,80
,,,,,,,#N/A
,,,,,,,
,,,,,,,
,,,,,,,
,,,,,,,
,,,,,,,
,,,,,,,
,,,,,,,
,,,,,,,
,,,,,,,
,,,,,,,
,,,,,,,
,,,,,,,
,,,,,,,
,,,,,,,
,,,,,,,
,,,,,,,
,,,,,,,
,,,,,,,
4810,Germany,1969,122,620,Inline-4,RWD,215
,,,,,,,#N/A
,,,,,,,
,,,,,,,215
,,,,,,,#N/A
4720,Russia,2015,380,1100,Inline-4,FWD,120
4720,Russia,2015,380,1100,Inline-4,FWD,120
4720,Russia,2015,380,1100,Inline-4,FWD,120
4720,Russia,2015,380,1100,Inline-4,FWD,120
4720,Russia,2015,380,1100,Inline-4,FWD,120
,,,,,,,#N/A
,,,,,,,#N/A
,,,,,,,#N/A
4579,United States,2014,380,1100,Inline-4,FWD,120
4579,United States,2014,380,1100,Inline-4,FWD,120
4579,United States,2014,380,1100,Inline-4,FWD,120
4579,United States,2014,380,1100,Inline-4,FWD,120
4579,United States,2014,380,1100,Inline-4,FWD,120
4579,United States,2014,380,1100,Inline-4,FWD,120
4579,United States,2014,380,1100,Inline-4,FWD,120
4585,France,2014,380,1100,Inline-4,FWD,120
4585,France,2014,380,1100,Inline-4,FWD,120
4585,France,2014,380,1100,Inline-4,FWD,120
4585,France,2014,380,1100,Inline-4,FWD,120
,,,,,,,#N/A
,,,,,,,#N/A
4554,Japan,2014,380,1100,Inline-4,FWD,120
4554,Japan,2014,380,1100,Inline-4,FWD,120
4554,Japan,2014,380,1100,Inline-4,FWD,120
4554,Japan,2014,380,1100,Inline-4,FWD,120
,,,,,,,
,,,,,,,
,,,,,,,
,,,,,,,
,,,,,,,
,,,,,,,
,,,,,,,
,,,,,,,
,,,,,,,
,,,,,,,
,,,,,,,
,,,,,,,
,,,,,,,
,,,,,,,
,,,,,,,
,,,,,,,
,,,,,,,
,,,,,,,
,,,,,,,
,,,,,,,
,,,,,,,
,,,,,,,
,,,,,,,
,,,,,,,
,,,,,,,
4865,Sweden,2015,145,545,Inline-4,RWD,193
,,,,,,,#N/A
,,,,,,,125
,,,,,,,
,,,,,,,
,,,,,,,
,,,,,,,
,,,,,,,#N/A
,,,,,,,
,,,,,,,
,,,,,,,
,,,,,,,
,,,,,,,
,,,,,,,
,,,,,,,
,,,,,,,
,,,,,,,
,,,,,,,
,,,,,,,
,,,,,,,
,,,,,,,
,,,,,,,#N/A
,,,,,,,
,,,,,,,
,,,,,,,
,,,,,,,
,,,,,,,
,,,,,,,
,,,,,,,#N/A
,,,,,,,#N/A
,,,,,,,
,,,,,,,#N/A
,,,,,,,#N/A
,,,,,,,
,,,,,,,
,,,,,,,
,,,,,,,#N/A
,,,,,,,
,,,,,,,
,,,,,,,
,,,,,,,
,,,,,,,
,,,,,,,
,,,,,,,
,,,,,,,
,,,,,,,
,,,,,,,
,,,,,,,#N/A
,,,,,,,#N/A
,,,,,,,#N/A
,,,,,,,#N/A
,,,,,,,
4681,Germany,2015,310hp (P2P +30),1125kg,2.0L Inline 4,FWD,189
4681,Germany,2015,310hp (P2P +30),1125kg,2.0L Inline 4,FWD,189
4681,Germany,2015,310hp (P2P +30),1125kg,2.0L Inline 4,FWD,189
4681,Germany,2015,310hp (P2P +30),1125kg,2.0L Inline 4,FWD,189
4681,Germany,2015,310hp (P2P +30),1125kg,2.0L Inline 4,FWD,189
4681,Germany,2015,310hp (P2P +30),1125kg,2.0L Inline 4,FWD,189
4681,Germany,2015,310hp (P2P +30),1125kg,2.0L Inline 4,FWD,189
,,,,,,,
4681,Germany,2015,310hp (P2P +30),1125kg,2.0L Inline 4,FWD,189
4681,Germany,2015,310hp (P2P +30),1125kg,2.0L Inline 4,FWD,189
4681,Germany,2015,310hp (P2P +30),1125kg,2.0L Inline 4,FWD,189
4681,Germany,2015,310hp (P2P +30),1125kg,2.0L Inline 4,FWD,189
4681,Germany,2015,310hp (P2P +30),1125kg,2.0L Inline 4,FWD,189
4681,Germany,2015,310hp (P2P +30),1125kg,2.0L Inline 4,FWD,189
4681,Germany,2015,310hp (P2P +30),1125kg,2.0L Inline 4,FWD,189
4681,Germany,2015,310hp (P2P +30),1125kg,2.0L Inline 4,FWD,189
4681,Germany,2015,310hp (P2P +30),1125kg,2.0L Inline 4,FWD,189
4681,Germany,2015,310hp (P2P +30),1125kg,2.0L Inline 4,FWD,189
4681,Germany,2015,310hp (P2P +30),1125kg,2.0L Inline 4,FWD,189
,,,,,,,
,,,,,,,
,,,,,,,
,,,,,,,
,,,,,,,
,,,,,,,
,,,,,,,
,,,,,,,
D Circuit,Thailand,,25,"3,107",Asia,,TC
,,,,,,,
4810,Germany,1969,122,620,Inline-4,RWD,215
4810,Germany,1969,122,620,Inline-4,RWD,215
4810,Germany,1969,122,620,Inline-4,RWD,215
4810,Germany,1969,122,620,Inline-4,RWD,215
4810,Germany,1969,122,620,Inline-4,RWD,215
4810,Germany,1969,122,620,Inline-4,RWD,215
4810,Germany,1969,122,620,Inline-4,RWD,215
4810,Germany,1969,122,620,Inline-4,RWD,215
4810,Germany,1969,122,620,Inline-4,RWD,215
4810,Germany,1969,122,620,Inline-4,RWD,215
4810,Germany,1969,122,620,Inline-4,RWD,215
4810,Germany,1969,122,620,Inline-4,RWD,215
4810,Germany,1969,122,620,Inline-4,RWD,215
4810,Germany,1969,122,620,Inline-4,RWD,215
4810,Germany,1969,122,620,Inline-4,RWD,215
4810,Germany,1969,122,620,Inline-4,RWD,215
4810,Germany,1969,122,620,Inline-4,RWD,215
4810,Germany,1969,122,620,Inline-4,RWD,215
4810,Germany,1969,122,620,Inline-4,RWD,215
4810,Germany,1969,122,620,Inline-4,RWD,215
4810,Germany,1969,122,620,Inline-4,RWD,215
,,,,,,,
,,,,,,,
,,,,,,,
,,,,,,,
,,,,,,,
,,,,,,,
,,,,,,,
,,,,,,,
NLS,Germany,,100,"24,433",Europe,,TC
,,,,,,,
,,,,,,,
,,,,,,,
,,,,,,,
,,,,,,,
,,,,,,,
,,,,,,,
,,,,,,,
,,,,,,,
,,,,,,,
,,,,,,,
,,,,,,,
,,,,,,,
,,,,,,,
,,,,,,,
,,,,,,,
,,,,,,,
,,,,,,,
,,,,,,,
,,,,,,,#N/A
,,,,,,,#N/A
,,,,,,,#N/A
,,,,,,,#N/A
,,,,,,,#N/A
,,,,,,,#N/A
,,,,,,,#N/A
,,,,,,,#N/A
,,,,,,,#N/A
,,,,,,,#N/A
,,,,,,,
,,,,,,,
,,,,,,,
,,,,,,,
,,,,,,,
,,,,,,,#N/A
,,,,,,,
,,,,,,,
,,,,,,,
,,,,,,,
,,,,,,,#N/A
,,,,,,,#N/A
,,,,,,,#N/A
,,,,,,,#N/A
,,,,,,,#N/A
,,,,,,,#N/A
,,,,,,,#N/A
,,,,,,,#N/A
,,,,,,,#N/A
,,,,,,,#N/A
,,,,,,,#N/A
,,,,,,,
,,,,,,,
,,,,,,,
4865,Sweden,2015,145,545,Inline-4,RWD,193
4865,Sweden,2015,145,545,Inline-4,RWD,193
4865,Sweden,2015,145,545,Inline-4,RWD,193
4865,Sweden,2015,145,545,Inline-4,RWD,193
4865,Sweden,2015,145,545,Inline-4,RWD,193
4865,Sweden,2015,145,545,Inline-4,RWD,193
4865,Sweden,2015,145,545,Inline-4,RWD,193
4865,Sweden,2015,145,545,Inline-4,RWD,193
4865,Sweden,2015,145,545,Inline-4,RWD,193
4865,Sweden,2015,145,545,Inline-4,RWD,193
4865,Sweden,2015,145,545,Inline-4,RWD,193
4865,Sweden,2015,145,545,Inline-4,RWD,193
4865,Sweden,2015,145,545,Inline-4,RWD,193
4865,Sweden,2015,145,545,Inline-4,RWD,193
4865,Sweden,2015,145,545,Inline-4,RWD,193
4865,Sweden,2015,145,545,Inline-4,RWD,193
4865,Sweden,2015,145,545,Inline-4,RWD,193
4865,Sweden,2015,145,545,Inline-4,RWD,193
4865,Sweden,2015,145,545,Inline-4,RWD,193
4865,Sweden,2015,145,545,Inline-4,RWD,193
,,,,,,,
,,,,,,,
5051,,,,,,,125
,,,,,,,#N/A
,,,,,,,125
,,,,,,,#N/A
,,,,,,,#N/A
,,,,,,,#N/A
,,,,,,,#N/A
,,,,,,,#N/A
,,,,,,,#N/A
,,,,,,,#N/A
,,,,,,,#N/A
,,,,,,,#N/A
,,,,,,,#N/A
,,,,,,,#N/A
,,,,,,,#N/A
,,,,,,,#N/A
,,,,,,,#N/A
,,,,,,,#N/A
,,,,,,,#N/A
,,,,,,,#N/A
,,,,,,,#N/A
,,,,,,,#N/A
,,,,,,,#N/A
,,,,,,,
,,,,,,,
,,,,,,,
,,,,,,,
,,,,,,,
,,,,,,,
,,,,,,,
,,,,,,,
,,,,,,,
,,,,,,,
,,,,,,,
,,,,,,,
,,,,,,,
,,,,,,,
,,,,,,,
,,,,,,,
,,,,,,,
,,,,,,,
,,,,,,,
Tourist,Germany,,48,"19,170",Europe,,TC
,,,,,,,#N/A
24 Hours,Germany,,100,"25,378",Europe,,TC
,,,,,,,
,,,,,,,125
,,,,,,,125
,,,,,,,125
,,,,,,,125
,,,,,,,125
,,,,,,,125
,,,,,,,125
,,,,,,,125
,,,,,,,125
,,,,,,,125
,,,,,,,125
,,,,,,,125
,,,,,,,125
,,,,,,,125
,,,,,,,125
,,,,,,,125
,,,,,,,125
,,,,,,,125
,,,,,,,125
2868,Japan,1989,750,1200,V6,RWD,70
2868,Japan,1989,750,1200,V6,RWD,70
2868,Japan,1989,750,1200,V6,RWD,70
2868,Japan,1989,750,1200,V6,RWD,70
4386,United States,1985,650,100,V8,RWD,70
4386,United States,1985,650,100,V8,RWD,70
4386,United States,1985,650,100,V8,RWD,70
4386,United States,1985,650,100,V8,RWD,70
,,,,,,,
,,,,,,,
,,,,,,,
,,,,,,,
,,,,,,,
,,,,,,,
,,,,,,,
,,,,,,,
,,,,,,,
,,,,,,,
,,,,,,,
,,,,,,,
,,,,,,,
,,,,,,,
,,,,,,,
,,,,,,,
,,,,,,,
,,,,,,,
,,,,,,,
,,,,,,,
,,,,,,,
,,,,,,,
,,,,,,,
,,,,,,,
,,,,,,,
,,,,,,,
,,,,,,,
,,,,,,,
5152,United Kingdom,2014,575BHP,1360kg with driver,4.0L V8,RWD,80
,,,,,,,#N/A
,,,,,,,
,,,,,,,
,,,,,,,
3516,Germany,2011,565BHP,1305Kg with Driver,4.0L F6,RWD,80
,,,,,,,#N/A
,,,,,,,
3516,Germany,2011,565BHP,1305Kg with Driver,4.0L F6,RWD,80
3516,Germany,2011,565BHP,1305Kg with Driver,4.0L F6,RWD,80
3516,Germany,2011,565BHP,1305Kg with Driver,4.0L F6,RWD,80
3516,Germany,2011,565BHP,1305Kg with Driver,4.0L F6,RWD,80
,,,,,,,
,,,,,,,
,,,,,,,
,,,,,,,
,,,,,,,
,,,,,,,
5170,United Kingdom,2014,575BHP,1360kg with driver,4.0L V8,RWD,80
,,,,,,,#N/A
,,,,,,,#N/A
,,,,,,,#N/A
,,,,,,,#N/A
,,,,,,,
,,,,,,,#N/A
,,,,,,,#N/A
,,,,,,,#N/A
,,,,,,,
,,,,,,,
,,,,,,,
,,,,,,,
,,,,,,,
5152,United Kingdom,2014,575BHP,1360kg with driver,4.0L V8,RWD,80
5152,United Kingdom,2014,575BHP,1360kg with driver,4.0L V8,RWD,80
,,,,,,,
5170,United Kingdom,2014,575BHP,1360kg with driver,4.0L V8,RWD,80
5170,United Kingdom,2014,575BHP,1360kg with driver,4.0L V8,RWD,80
5170,United Kingdom,2014,575BHP,1360kg with driver,4.0L V8,RWD,80
,,,,,,,
5170,United Kingdom,2014,575BHP,1360kg with driver,4.0L V8,RWD,80
,,,,,,,
5170,United Kingdom,2014,575BHP,1360kg with driver,4.0L V8,RWD,80
5170,United Kingdom,2014,575BHP,1360kg with driver,4.0L V8,RWD,80
,,,,,,,#N/A
,,,,,,,#N/A
,,,,,,,#N/A
,,,,,,,#N/A
,,,,,,,#N/A
,,,,,,,#N/A
,,,,,,,#N/A
,,,,,,,#N/A
,,,,,,,#N/A
,,,,,,,#N/A
,,,,,,,#N/A
,,,,,,,#N/A
,,,,,,,#N/A
,,,,,,,#N/A
,,,,,,,#N/A
,,,,,,,#N/A
,,,,,,,#N/A
,,,,,,,#N/A
,,,,,,,#N/A
5214,Italy,2011,500,1230,V8,RWD,75
,,,,,,,#N/A
,,,,,,,#N/A
,,,,,,,#N/A
,,,,,,,#N/A
5214,Italy,2011,500,1230,V8,RWD,75
5214,Italy,2011,500,1230,V8,RWD,75
5214,Italy,2011,500,1230,V8,RWD,75
5214,Italy,2011,500,1230,V8,RWD,75
,,,,,,,
5170,United Kingdom,2014,575BHP,1360kg with driver,4.0L V8,RWD,80
5170,United Kingdom,2014,575BHP,1360kg with driver,4.0L V8,RWD,80
5170,United Kingdom,2014,575BHP,1360kg with driver,4.0L V8,RWD,80
5170,United Kingdom,2014,575BHP,1360kg with driver,4.0L V8,RWD,80
,,,,,,,
,,,,,,,
,,,,,,,
,,,,,,,
,,,,,,,
,,,,,,,
,,,,,,,140
4299,Germany,2011,365 BHP,1100,Inline-5,FWD,140
4299,Germany,2011,365 BHP,1100,Inline-5,FWD,140
4299,Germany,2011,365 BHP,1100,Inline-5,FWD,140
4299,Germany,2011,365 BHP,1100,Inline-5,FWD,140
4299,Germany,2011,365 BHP,1100,Inline-5,FWD,140
4299,Germany,2011,365 BHP,1100,Inline-5,FWD,140
4299,Germany,2011,365 BHP,1100,Inline-5,FWD,140
4299,Germany,2011,365 BHP,1100,Inline-5,FWD,140
,,,,,,,#N/A
,,,,,,,#N/A
,,,,,,,#N/A
,,,,,,,#N/A
,,,,,,,#N/A
,,,,,,,#N/A
,,,,,,,#N/A
,,,,,,,
,,,,,,,
,,,,,,,
,,,,,,,
,,,,,,,
,,,,,,,
,,,,,,,
,,,,,,,
,,,,,,,
5259,,,,,,,40
,,,,,,,#N/A
5259,,,,,,,40
,,,,,,,40
,,,,,,,
,,,,,,,
,,,,,,,
,,,,,,,
,,,,,,,
,,,,,,,
,,,,,,,
,,,,,,,
,,,,,,,
,,,,,,,
,,,,,,,
1695,Germany,2009,580 BHP,1325 kg with driver,4.4L V8,RWD,80
,,,,,,,
Grand Prix,US,,64,"6,514",America,,TC
,,,,,,,
2037,Germany,2012,585BHP,1350kg with driver,5.2L V57,RWD,80
2037,Germany,2012,585BHP,1350kg with driver,5.2L V57,RWD,80
2037,Germany,2012,585BHP,1350kg with driver,5.2L V57,RWD,80
2037,Germany,2012,585BHP,1350kg with driver,5.2L V57,RWD,80
2339,Germany,1979,470BHP,1130Kg,3.5L straight-6,RWD,197
2339,Germany,1979,470BHP,1130Kg,3.5L straight-6,RWD,197
2339,Germany,1979,470BHP,1130Kg,3.5L straight-6,RWD,197
1738,Germany,2012,575 BHP,1330kg with driver,4.4L V8,RWD,80
1738,Germany,2012,575 BHP,1330kg with driver,4.4L V8,RWD,80
,,,,,,,
,,,,,,,
,,,,,,,
1738,Germany,2012,575 BHP,1330kg with driver,4.4L V8,RWD,80
,,,,,,,
,,,,,,,
3626,United States,2013,590,1355kg with driver,6.2L V8,RWD,80
,,,,,,,
3754,United States,2013,575BHP,1325 kg with driver,5L V8,RWD,80
1782,United States,2007,630BHP,1435kg with driver,5.3L V8,RWD,80
,,,,,,,
Grand Prix,Czech Republic,,47,"5,403",Europe,,TC
1788,Germany,2008,612 BHP,1275 Kg,V8,RWD,68
,,,,,,,
Grand Prix,Sweden,,32,"4,025",Europe,,TC
1909,United Kingdom,2012,575 BHP,1340kg with driver,3.8L V8,RWD,80
1909,United Kingdom,2012,575 BHP,1340kg with driver,3.8L V8,RWD,80
,,,,,,,
,,,,,,,
2533,Germany,2013,600 BHP,1405kg with driver,6.3L V8,RWD,80
2533,Germany,2013,600 BHP,1405kg with driver,6.3L V8,RWD,80
2533,Germany,2013,600 BHP,1405kg with driver,6.3L V8,RWD,80
,,,,,,,
,,,,,,,
,,,,,,,
2533,Germany,2013,600 BHP,1405kg with driver,6.3L V8,RWD,80
1811,Japan,2011,600BHP,1370kg with driver,3.8L V6,RWD,80
1811,Japan,2011,600BHP,1370kg with driver,3.8L V6,RWD,80
1811,Japan,2011,600BHP,1370kg with driver,3.8L V6,RWD,80
,,,,,,,
3516,Germany,2011,565BHP,1305Kg with Driver,4.0L F6,RWD,80
3516,Germany,2011,565BHP,1305Kg with Driver,4.0L F6,RWD,80
3516,Germany,2011,565BHP,1305Kg with Driver,4.0L F6,RWD,80
3516,Germany,2011,565BHP,1305Kg with Driver,4.0L F6,RWD,80
3516,Germany,2011,565BHP,1305Kg with Driver,4.0L F6,RWD,80
3516,Germany,2011,565BHP,1305Kg with Driver,4.0L F6,RWD,80
,,,,,,,
,,,,,,,
,,,,,,,40
1782,United States,2007,630BHP,1435kg with driver,5.3L V8,RWD,80
1782,United States,2007,630BHP,1435kg with driver,5.3L V8,RWD,80
1782,United States,2007,630BHP,1435kg with driver,5.3L V8,RWD,80
1782,United States,2007,630BHP,1435kg with driver,5.3L V8,RWD,80
1782,United States,2007,630BHP,1435kg with driver,5.3L V8,RWD,80
1782,United States,2007,630BHP,1435kg with driver,5.3L V8,RWD,80
1782,United States,2007,630BHP,1435kg with driver,5.3L V8,RWD,80
1782,United States,2007,630BHP,1435kg with driver,5.3L V8,RWD,80
1782,United States,2007,630BHP,1435kg with driver,5.3L V8,RWD,80
3626,United States,2013,590,1355kg with driver,6.2L V8,RWD,80
3626,United States,2013,590,1355kg with driver,6.2L V8,RWD,80
3626,United States,2013,590,1355kg with driver,6.2L V8,RWD,80
3626,United States,2013,590,1355kg with driver,6.2L V8,RWD,80
2338,United States,2012,620 BHP,1395 kg (with driver),7.9L V8,RWD,80
2338,United States,2012,620 BHP,1395 kg (with driver),7.9L V8,RWD,80
2338,United States,2012,620 BHP,1395 kg (with driver),7.9L V8,RWD,80
5342,Austria,2012,360,810,Inline-4,RWD,130
,,,,,,,#N/A
,,,,,,,
,,,,,,,#N/A
,,,,,,,#N/A
,,,,,,,#N/A
5348,,,,,,,10
,,,,,,,#N/A
,,,,,,,
,,,,,,,
,,,,,,,
,,,,,,,
,,,,,,,
,,,,,,,
,,,,,,,
,,,,,,,
,,,,,,,
,,,,,,,
,,,,,,,
,,,,,,,
,,,,,,,#N/A
,,,,,,,#N/A
,,,,,,,#N/A
,,,,,,,#N/A
,,,,,,,#N/A
,,,,,,,#N/A
,,,,,,,#N/A
,,,,,,,#N/A
,,,,,,,
,,,,,,,
,,,,,,,
,,,,,,,
,,,,,,,#N/A
,,,,,,,
,,,,,,,#N/A
,,,,,,,#N/A
,,,,,,,#N/A
,,,,,,,#N/A
,,,,,,,#N/A
,,,,,,,#N/A
2338,United States,2012,620 BHP,1395 kg (with driver),7.9L V8,RWD,80
,,,,,,,10
,,,,,,,#N/A
,,,,,,,130
,,,,,,,
1821,Italy,2011,560BHP,1305kg with driver,4.3L V8,RWD,80
1821,Italy,2011,560BHP,1305kg with driver,4.3L V8,RWD,80
1821,Italy,2011,560BHP,1305kg with driver,4.3L V8,RWD,80
1821,Italy,2011,560BHP,1305kg with driver,4.3L V8,RWD,80
,,,,,,,
,,,,,,,
,,,,,,,
,,,,,,,
,,,,,,,#N/A
5396,,,,,,,60
,,,,,,,#N/A
,,,,,,,
5399,Germany,2016,500,1120,V8,RWD,40
,,,,,,,#N/A
,,,,,,,
5402,Germany,2016,500,1120,V8,RWD,40
,,,,,,,#N/A
5402,Germany,2016,500,1120,V8,RWD,40
,,,,,,,
,,,,,,,#N/A
,,,,,,,
,,,,,,,
,,,,,,,
,,,,,,,#N/A
5411,Germany,2016,500,1120,V8,RWD,40
,,,,,,,#N/A
,,,,,,,#N/A
,,,,,,,
5411,Germany,2016,500,1120,V8,RWD,40
,,,,,,,
,,,,,,,
,,,,,,,
,,,,,,,#N/A
,,,,,,,
,,,,,,,
,,,,,,,
,,,,,,,#N/A
,,,,,,,
,,,,,,,#N/A
,,,,,,,
,,,,,,,
5342,Austria,2012,360,810,Inline-4,RWD,130
5342,Austria,2012,360,810,Inline-4,RWD,130
5342,Austria,2012,360,810,Inline-4,RWD,130
5342,Austria,2012,360,810,Inline-4,RWD,130
5342,Austria,2012,360,810,Inline-4,RWD,130
5342,Austria,2012,360,810,Inline-4,RWD,130
5342,Austria,2012,360,810,Inline-4,RWD,130
5342,Austria,2012,360,810,Inline-4,RWD,130
5342,Austria,2012,360,810,Inline-4,RWD,130
5342,Austria,2012,360,810,Inline-4,RWD,130
5342,Austria,2012,360,810,Inline-4,RWD,130
5342,Austria,2012,360,810,Inline-4,RWD,130
5342,Austria,2012,360,810,Inline-4,RWD,130
5342,Austria,2012,360,810,Inline-4,RWD,130
5342,Austria,2012,360,810,Inline-4,RWD,130
5342,Austria,2012,360,810,Inline-4,RWD,130
5342,Austria,2012,360,810,Inline-4,RWD,130
5342,Austria,2012,360,810,Inline-4,RWD,130
5342,Austria,2012,360,810,Inline-4,RWD,130
5342,Austria,2012,360,810,Inline-4,RWD,130
5342,Austria,2012,360,810,Inline-4,RWD,130
5342,Austria,2012,360,810,Inline-4,RWD,130
5342,Austria,2012,360,810,Inline-4,RWD,130
5342,Austria,2012,360,810,Inline-4,RWD,130
5342,Austria,2012,360,810,Inline-4,RWD,130
5342,Austria,2012,360,810,Inline-4,RWD,130
5342,Austria,2012,360,810,Inline-4,RWD,130
5342,Austria,2012,360,810,Inline-4,RWD,130
5342,Austria,2012,360,810,Inline-4,RWD,130
5342,Austria,2012,360,810,Inline-4,RWD,130
,,,,,,,
,,,,,,,#N/A
,,,,,,,
,,,,,,,#N/A
,,,,,,,#N/A
,,,,,,,#N/A
,,,,,,,#N/A
,,,,,,,#N/A
,,,,,,,#N/A
,,,,,,,#N/A
,,,,,,,#N/A
,,,,,,,#N/A
,,,,,,,#N/A
,,,,,,,#N/A
,,,,,,,#N/A
,,,,,,,#N/A
,,,,,,,#N/A
,,,,,,,
,,,,,,,
,,,,,,,
,,,,,,,
,,,,,,,
,,,,,,,
,,,,,,,
,,,,,,,
,,,,,,,
,,,,,,,
,,,,,,,
,,,,,,,
,,,,,,,#N/A
,,,,,,,
,,,,,,,
,,,,,,,
,,,,,,,#N/A
,,,,,,,#N/A
,,,,,,,
,,,,,,,#N/A
,,,,,,,
,,,,,,,
,,,,,,,#N/A
,,,,,,,#N/A
,,,,,,,
,,,,,,,
,,,,,,,
,,,,,,,
,,,,,,,#N/A
,,,,,,,
,,,,,,,
,,,,,,,
,,,,,,,#N/A
,,,,,,,#N/A
,,,,,,,#N/A
,,,,,,,#N/A
,,,,,,,#N/A
,,,,,,,
,,,,,,,
,,,,,,,
,,,,,,,
,,,,,,,
,,,,,,,
,,,,,,,
,,,,,,,
,,,,,,,
,,,,,,,
,,,,,,,
,,,,,,,
,,,,,,,#N/A
,,,,,,,#N/A
,,,,,,,
,,,,,,,
,,,,,,,
,,,,,,,#N/A
,,,,,,,
,,,,,,,
,,,,,,,#N/A
,,,,,,,
,,,,,,,
5411,Germany,2016,500,1120,V8,RWD,40
5411,Germany,2016,500,1120,V8,RWD,40
5411,Germany,2016,500,1120,V8,RWD,40
5411,Germany,2016,500,1120,V8,RWD,40
5411,Germany,2016,500,1120,V8,RWD,40
5411,Germany,2016,500,1120,V8,RWD,40
5411,Germany,2016,500,1120,V8,RWD,40
5399,Germany,2016,500,1120,V8,RWD,40
5399,Germany,2016,500,1120,V8,RWD,40
5399,Germany,2016,500,1120,V8,RWD,40
5399,Germany,2016,500,1120,V8,RWD,40
5399,Germany,2016,500,1120,V8,RWD,40
5399,Germany,2016,500,1120,V8,RWD,40
5399,Germany,2016,500,1120,V8,RWD,40
5402,Germany,2016,500,1120,V8,RWD,40
5402,Germany,2016,500,1120,V8,RWD,40
5402,Germany,2016,500,1120,V8,RWD,40
5402,Germany,2016,500,1120,V8,RWD,40
5402,Germany,2016,500,1120,V8,RWD,40
5402,Germany,2016,500,1120,V8,RWD,40
5402,Germany,2016,500,1120,V8,RWD,40
5399,Germany,2016,500,1120,V8,RWD,40
,,,,,,,#N/A
,,,,,,,#N/A
,,,,,,,#N/A
,,,,,,,#N/A
,,,,,,,#N/A
,,,,,,,#N/A
,,,,,,,#N/A
,,,,,,,
,,,,,,,
,,,,,,,
,,,,,,,
,,,,,,,
,,,,,,,
,,,,,,,
,,,,,,,
,,,,,,,
,,,,,,,
,,,,,,,
,,,,,,,
,,,,,,,
,,,,,,,
,,,,,,,
,,,,,,,
,,,,,,,
,,,,,,,
,,,,,,,
,,,,,,,
,,,,,,,
,,,,,,,
,,,,,,,
,,,,,,,
5588,Germany,2015,310hp (P2P +30),1125kg,2.0L Inline 4,FWD,189
,,,,,,,#N/A
,,,,,,,
,,,,,,,40
,,,,,,,#N/A
,,,,,,,#N/A
,,,,,,,
,,,,,,,
,,,,,,,
,,,,,,,
,,,,,,,40
,,,,,,,40
,,,,,,,40
,,,,,,,40
,,,,,,,40
,,,,,,,40
,,,,,,,#N/A
,,,,,,,#N/A
,,,,,,,#N/A
,,,,,,,
,,,,,,,
,,,,,,,
,,,,,,,
,,,,,,,
,,,,,,,
,,,,,,,
,,,,,,,
,,,,,,,
,,,,,,,
,,,,,,,
,,,,,,,
,,,,,,,
,,,,,,,
,,,,,,,
,,,,,,,
,,,,,,,#N/A
4299,Germany,2011,365 BHP,1100,Inline-5,FWD,140
4299,Germany,2011,365 BHP,1100,Inline-5,FWD,140
4299,Germany,2011,365 BHP,1100,Inline-5,FWD,140
4299,Germany,2011,365 BHP,1100,Inline-5,FWD,140
4299,Germany,2011,365 BHP,1100,Inline-5,FWD,140
4299,Germany,2011,365 BHP,1100,Inline-5,FWD,140
4299,Germany,2011,365 BHP,1100,Inline-5,FWD,140
4299,Germany,2011,365 BHP,1100,Inline-5,FWD,140
4299,Germany,2011,365 BHP,1100,Inline-5,FWD,140
4299,Germany,2011,365 BHP,1100,Inline-5,FWD,140
,,,,,,,40
,,,,,,,#N/A
,,,,,,,#N/A
,,,,,,,#N/A
,,,,,,,#N/A
,,,,,,,#N/A
,,,,,,,#N/A
,,,,,,,
,,,,,,,
,,,,,,,
,,,,,,,
,,,,,,,
,,,,,,,
,,,,,,,
,,,,,,,
,,,,,,,
,,,,,,,
,,,,,,,
,,,,,,,60
,,,,,,,
,,,,,,,
,,,,,,,
,,,,,,,
,,,,,,,
,,,,,,,
,,,,,,,
,,,,,,,
,,,,,,,
,,,,,,,
,,,,,,,
,,,,,,,
,,,,,,,
,,,,,,,
,,,,,,,
,,,,,,,#N/A
,,,,,,,
,,,,,,,
,,,,,,,
5588,Germany,2015,310hp (P2P +30),1125kg,2.0L Inline 4,FWD,189
5588,Germany,2015,310hp (P2P +30),1125kg,2.0L Inline 4,FWD,189
5588,Germany,2015,310hp (P2P +30),1125kg,2.0L Inline 4,FWD,189
5588,Germany,2015,310hp (P2P +30),1125kg,2.0L Inline 4,FWD,189
5588,Germany,2015,310hp (P2P +30),1125kg,2.0L Inline 4,FWD,189
5588,Germany,2015,310hp (P2P +30),1125kg,2.0L Inline 4,FWD,189
5588,Germany,2015,310hp (P2P +30),1125kg,2.0L Inline 4,FWD,189
5588,Germany,2015,310hp (P2P +30),1125kg,2.0L Inline 4,FWD,189
5588,Germany,2015,310hp (P2P +30),1125kg,2.0L Inline 4,FWD,189
5588,Germany,2015,310hp (P2P +30),1125kg,2.0L Inline 4,FWD,189
5588,Germany,2015,310hp (P2P +30),1125kg,2.0L Inline 4,FWD,189
5588,Germany,2015,310hp (P2P +30),1125kg,2.0L Inline 4,FWD,189
,,,,,,,
5588,Germany,2015,310hp (P2P +30),1125kg,2.0L Inline 4,FWD,189
5588,Germany,2015,310hp (P2P +30),1125kg,2.0L Inline 4,FWD,189
5588,Germany,2015,310hp (P2P +30),1125kg,2.0L Inline 4,FWD,189
5588,Germany,2015,310hp (P2P +30),1125kg,2.0L Inline 4,FWD,189
5588,Germany,2015,310hp (P2P +30),1125kg,2.0L Inline 4,FWD,189
5588,Germany,2015,310hp (P2P +30),1125kg,2.0L Inline 4,FWD,189
5588,Germany,2015,310hp (P2P +30),1125kg,2.0L Inline 4,FWD,189
5588,Germany,2015,310hp (P2P +30),1125kg,2.0L Inline 4,FWD,189
,,,,,,,
,,,,,,,
,,,,,,,
,,,,,,,
,,,,,,,
,,,,,,,
,,,,,,,
,,,,,,,
,,,,,,,
,,,,,,,
,,,,,,,
,,,,,,,
,,,,,,,
,,,,,,,
,,,,,,,
,,,,,,,
,,,,,,,
,,,,,,,
,,,,,,,
,,,,,,,
,,,,,,,
4299,Germany,2011,365 BHP,1100,Inline-5,FWD,140
,,,,,,,
,,,,,,,
,,,,,,,
,,,,,,,
,,,,,,,
,,,,,,,
,,,,,,,
,,,,,,,
,,,,,,,
,,,,,,,
,,,,,,,
,,,,,,,189
,,,,,,,
,,,,,,,
,,,,,,,
,,,,,,,
,,,,,,,
,,,,,,,
,,,,,,,
,,,,,,,
,,,,,,,
,,,,,,,
,,,,,,,
,,,,,,,20
,,,,,,,#N/A
,,,,,,,
,,,,,,,60
,,,,,,,60
,,,,,,,60
,,,,,,,60
,,,,,,,60
,,,,,,,60
,,,,,,,60
,,,,,,,60
,,,,,,,60
,,,,,,,60
,,,,,,,60
,,,,,,,60
,,,,,,,60
,,,,,,,60
,,,,,,,60
,,,,,,,60
,,,,,,,60
,,,,,,,60
,,,,,,,60
,,,,,,,60
,,,,,,,60
,,,,,,,60
,,,,,,,60
,,,,,,,60
,,,,,,,60
,,,,,,,60
5767,Austria,2015,353BHP,1300Kg,L4,RWD,165
,,,,,,,#N/A
,,,,,,,
,,,,,,,
,,,,,,,
,,,,,,,
,,,,,,,
,,,,,,,
,,,,,,,
,,,,,,,
,,,,,,,
,,,,,,,
,,,,,,,
,,,,,,,
,,,,,,,
,,,,,,,
,,,,,,,
,,,,,,,
,,,,,,,
5786,United Kingdom,2015,570 BHP,1350kg with driver,3.8L V8,RWD,80
,,,,,,,#N/A
5786,United Kingdom,2015,570 BHP,1350kg with driver,3.8L V8,RWD,80
,,,,,,,
,,,,,,,
,,,,,,,
,,,,,,,
,,,,,,,
Südschleife National Circuit,Austria,,50,"2,336",Europe,,TC
,,,,,,,10
,,,,,,,10
,,,,,,,10
,,,,,,,10
,,,,,,,10
,,,,,,,10
,,,,,,,10
,,,,,,,10
,,,,,,,10
,,,,,,,10
,,,,,,,10
,,,,,,,10
,,,,,,,10
,,,,,,,10
,,,,,,,10
,,,,,,,10
,,,,,,,10
,,,,,,,10
,,,,,,,10
,,,,,,,
,,,,,,,10
International,UK,,52,"2,979",Europe,,TC
National,UK,,50,"2,639",Europe,,TC
5818,Germany,2016,590BHP,1395kg with driver,4.4L V8,RWD,80
,,,,,,,#N/A
,,,,,,,
5821,,,,,,,5
,,,,,,,#N/A
,,,,,,,
,,,,,,,5
,,,,,,,165
,,,,,,,
,,,,,,,
,,,,,,,
,,,,,,,
,,,,,,,
,,,,,,,
,,,,,,,
,,,,,,,
,,,,,,,
,,,,,,,
,,,,,,,
,,,,,,,
,,,,,,,
,,,,,,,
,,,,,,,
,,,,,,,
,,,,,,,
,,,,,,,
,,,,,,,
,,,,,,,
,,,,,,,
,,,,,,,
,,,,,,,
,,,,,,,
,,,,,,,
,,,,,,,
,,,,,,,
,,,,,,,
,,,,,,,
,,,,,,,
,,,,,,,
,,,,,,,
,,,,,,,
,,,,,,,
,,,,,,,
,,,,,,,
Historic Grand Prix,UK,,50,"5,892",Europe,,TC
,,,,,,,
,,,,,,,
,,,,,,,
,,,,,,,
,,,,,,,
,,,,,,,
,,,,,,,
,,,,,,,
,,,,,,,
,,,,,,,
,,,,,,,
,,,,,,,
,,,,,,,
,,,,,,,
,,,,,,,#N/A
,,,,,,,#N/A
5786,United Kingdom,2015,570 BHP,1350kg with driver,3.8L V8,RWD,80
5786,United Kingdom,2015,570 BHP,1350kg with driver,3.8L V8,RWD,80
5786,United Kingdom,2015,570 BHP,1350kg with driver,3.8L V8,RWD,80
5786,United Kingdom,2015,570 BHP,1350kg with driver,3.8L V8,RWD,80
5786,United Kingdom,2015,570 BHP,1350kg with driver,3.8L V8,RWD,80
5786,United Kingdom,2015,570 BHP,1350kg with driver,3.8L V8,RWD,80
5786,United Kingdom,2015,570 BHP,1350kg with driver,3.8L V8,RWD,80
5786,United Kingdom,2015,570 BHP,1350kg with driver,3.8L V8,RWD,80
5786,United Kingdom,2015,570 BHP,1350kg with driver,3.8L V8,RWD,80
5786,United Kingdom,2015,570 BHP,1350kg with driver,3.8L V8,RWD,80
5786,United Kingdom,2015,570 BHP,1350kg with driver,3.8L V8,RWD,80
5786,United Kingdom,2015,570 BHP,1350kg with driver,3.8L V8,RWD,80
5786,United Kingdom,2015,570 BHP,1350kg with driver,3.8L V8,RWD,80
5786,United Kingdom,2015,570 BHP,1350kg with driver,3.8L V8,RWD,80
5786,United Kingdom,2015,570 BHP,1350kg with driver,3.8L V8,RWD,80
5786,United Kingdom,2015,570 BHP,1350kg with driver,3.8L V8,RWD,80
,,,,,,,#N/A
,,,,,,,#N/A
,,,,,,,#N/A
,,,,,,,#N/A
,,,,,,,#N/A
,,,,,,,#N/A
,,,,,,,#N/A
,,,,,,,#N/A
,,,,,,,#N/A
,,,,,,,#N/A
,,,,,,,#N/A
,,,,,,,#N/A
,,,,,,,#N/A
,,,,,,,#N/A
,,,,,,,#N/A
,,,,,,,#N/A
,,,,,,,#N/A
,,,,,,,#N/A
,,,,,,,#N/A
,,,,,,,#N/A
,,,,,,,#N/A
,,,,,,,#N/A
,,,,,,,#N/A
,,,,,,,#N/A
,,,,,,,#N/A
,,,,,,,
,,,,,,,
,,,,,,,
,,,,,,,
,,,,,,,
Grand Prix Circuit,Sweden,,36,"2,530",Europe,,TC
5818,Germany,2016,590BHP,1395kg with driver,4.4L V8,RWD,80
5818,Germany,2016,590BHP,1395kg with driver,4.4L V8,RWD,80
5818,Germany,2016,590BHP,1395kg with driver,4.4L V8,RWD,80
5818,Germany,2016,590BHP,1395kg with driver,4.4L V8,RWD,80
,,,,,,,
,,,,,,,
5818,Germany,2016,590BHP,1395kg with driver,4.4L V8,RWD,80
5818,Germany,2016,590BHP,1395kg with driver,4.4L V8,RWD,80
5818,Germany,2016,590BHP,1395kg with driver,4.4L V8,RWD,80
5818,Germany,2016,590BHP,1395kg with driver,4.4L V8,RWD,80
5818,Germany,2016,590BHP,1395kg with driver,4.4L V8,RWD,80
5818,Germany,2016,590BHP,1395kg with driver,4.4L V8,RWD,80
5818,Germany,2016,590BHP,1395kg with driver,4.4L V8,RWD,80
5818,Germany,2016,590BHP,1395kg with driver,4.4L V8,RWD,80
5818,Germany,2016,590BHP,1395kg with driver,4.4L V8,RWD,80
5818,Germany,2016,590BHP,1395kg with driver,4.4L V8,RWD,80
,,,,,,,
,,,,,,,#N/A
,,,,,,,
,,,,,,,
,,,,,,,#N/A
,,,,,,,
,,,,,,,#N/A
,,,,,,,
,,,,,,,#N/A
,,,,,,,
,,,,,,,#N/A
,,,,,,,
,,,,,,,#N/A
,,,,,,,
,,,,,,,
,,,,,,,#N/A
,,,,,,,#N/A
,,,,,,,
,,,,,,,
,,,,,,,#N/A
,,,,,,,
,,,,,,,#N/A
,,,,,,,
,,,,,,,
,,,,,,,#N/A
,,,,,,,
,,,,,,,
,,,,,,,
,,,,,,,
,,,,,,,
,,,,,,,
,,,,,,,
,,,,,,,
,,,,,,,
,,,,,,,
,,,,,,,
,,,,,,,
,,,,,,,
,,,,,,,
,,,,,,,
,,,,,,,
,,,,,,,
,,,,,,,#N/A
,,,,,,,#N/A
,,,,,,,#N/A
,,,,,,,
,,,,,,,
,,,,,,,
,,,,,,,
,,,,,,,
,,,,,,,
,,,,,,,#N/A
,,,,,,,#N/A
,,,,,,,#N/A
,,,,,,,#N/A
,,,,,,,#N/A
,,,,,,,#N/A
,,,,,,,#N/A
,,,,,,,#N/A
,,,,,,,
6002,Sweden,2016,380,1100,Inline-4,FWD,120
,,,,,,,#N/A
6002,Sweden,2016,380,1100,Inline-4,FWD,120
6002,Sweden,2016,380,1100,Inline-4,FWD,120
6002,Sweden,2016,380,1100,Inline-4,FWD,120
,,,,,,,
,,,,,,,
,,,,,,,
Long Circuit,Sweden,,36,"3,000",Europe,,#N/A
6011,United States,2014,380,1100,Inline-4,FWD,120
,,,,,,,#N/A
6011,United States,2014,380,1100,Inline-4,FWD,120
6011,United States,2014,380,1100,Inline-4,FWD,120
6011,United States,2014,380,1100,Inline-4,FWD,120
6011,United States,2014,380,1100,Inline-4,FWD,120
6017,France,2014,380,1100,Inline-4,FWD,120
,,,,,,,#N/A
6017,France,2014,380,1100,Inline-4,FWD,120
6017,France,2014,380,1100,Inline-4,FWD,120
6017,France,2014,380,1100,Inline-4,FWD,120
6017,France,2014,380,1100,Inline-4,FWD,120
6017,France,2014,380,1100,Inline-4,FWD,120
6024,Japan,2014,380,1100,Inline-4,FWD,120
,,,,,,,#N/A
6024,Japan,2014,380,1100,Inline-4,FWD,120
6024,Japan,2014,380,1100,Inline-4,FWD,120
6024,Japan,2014,380,1100,Inline-4,FWD,120
6024,Japan,2014,380,1100,Inline-4,FWD,120
6024,Japan,2014,380,1100,Inline-4,FWD,120
6031,Russia,2015,380,1100,Inline-4,FWD,120
,,,,,,,#N/A
6031,Russia,2015,380,1100,Inline-4,FWD,120
6031,Russia,2015,380,1100,Inline-4,FWD,120
6031,Russia,2015,380,1100,Inline-4,FWD,120
,,2016,,,,,120
,,,,,,,#N/A
,,,,,,,#N/A
,,,,,,,#N/A
,,,,,,,#N/A
,,,,,,,#N/A
,,,,,,,
,,,,,,,
,,,,,,,
,,,,,,,
,,,,,,,
,,,,,,,
,,,,,,,
,,,,,,,
,,,,,,,
,,,,,,,
,,,,,,,
,,,,,,,
,,,,,,,
Long,UK,,30,"1,738",Europe,,TC
Short,UK,,30,"1,281",Europe,,TC
6057,Germany,2015,570BHP,1340kg with driver,5.2L V10,RWD,80
,,,,,,,#N/A
,,,,,,,
,,,,,,,#N/A
,,,,,,,#N/A
,,,,,,,5
,,,,,,,5
,,,,,,,5
,,,,,,,5
,,,,,,,5
,,,,,,,5
,,,,,,,5
,,,,,,,5
,,,,,,,5
,,,,,,,5
,,,,,,,5
,,,,,,,5
,,,,,,,5
,,,,,,,5
,,,,,,,5
,,,,,,,5
,,,,,,,5
,,,,,,,5
,,,,,,,5
,,,,,,,5
,,,,,,,
,,,,,,,
,,,,,,,
,,,,,,,
,,,,,,,
,,,,,,,
,,,,,,,
,,,,,,,
,,,,,,,
,,,,,,,
,,,,,,,
,,,,,,,
,,,,,,,
,,,,,,,
,,,,,,,
,,,,,,,
,,,,,,,
,,,,,,,
,,,,,,,
,,,,,,,
,,,,,,,
,,,,,,,
,,,,,,,
,,,,,,,
,,,,,,,
,,,,,,,
,,,,,,,#N/A
,,,,,,,#N/A
,,,,,,,#N/A
,,,,,,,#N/A
,,,,,,,#N/A
,,,,,,,#N/A
,,,,,,,#N/A
,,,,,,,#N/A
,,,,,,,#N/A
,,,,,,,#N/A
,,,,,,,#N/A
,,,,,,,#N/A
,,,,,,,#N/A
,,,,,,,#N/A
,,,,,,,#N/A
,,,,,,,#N/A
,,,,,,,#N/A
,,,,,,,#N/A
,,,,,,,#N/A
,,,,,,,#N/A
,,,,,,,#N/A
,,,,,,,#N/A
,,,,,,,#N/A
,,,,,,,#N/A
,,,,,,,#N/A
,,,,,,,#N/A
,,,,,,,#N/A
6011,United States,2014,380,1100,Inline-4,FWD,120
,,,,,,,
GP,Sweden,,32,"2,079",Europe,,TC
Short Circuit,Sweden,,36,"1,143",Europe,,TC
,,,,,,,
Grand Prix,Sweden,,36,1.843,Europe,,TC
,,,,,,,
,,,,,,,
5767,Austria,2015,353BHP,1300Kg,L4,RWD,165
5767,Austria,2015,353BHP,1300Kg,L4,RWD,165
5767,Austria,2015,353BHP,1300Kg,L4,RWD,165
5767,Austria,2015,353BHP,1300Kg,L4,RWD,165
5767,Austria,2015,353BHP,1300Kg,L4,RWD,165
5767,Austria,2015,353BHP,1300Kg,L4,RWD,165
5767,Austria,2015,353BHP,1300Kg,L4,RWD,165
5767,Austria,2015,353BHP,1300Kg,L4,RWD,165
5767,Austria,2015,353BHP,1300Kg,L4,RWD,165
5767,Austria,2015,353BHP,1300Kg,L4,RWD,165
5767,Austria,2015,353BHP,1300Kg,L4,RWD,165
5767,Austria,2015,353BHP,1300Kg,L4,RWD,165
5767,Austria,2015,353BHP,1300Kg,L4,RWD,165
5767,Austria,2015,353BHP,1300Kg,L4,RWD,165
5767,Austria,2015,353BHP,1300Kg,L4,RWD,165
5767,Austria,2015,353BHP,1300Kg,L4,RWD,165
5767,Austria,2015,353BHP,1300Kg,L4,RWD,165
5767,Austria,2015,353BHP,1300Kg,L4,RWD,165
5767,Austria,2015,353BHP,1300Kg,L4,RWD,165
5767,Austria,2015,353BHP,1300Kg,L4,RWD,165
5767,Austria,2015,353BHP,1300Kg,L4,RWD,165
South,Sweden,,32,"2,000",Europe,,TC
,,,,,,,
Grand Prix Course,Germany,,36,"4,345",Europe,,TC
Short Circuit,Sweden,,36,"2,400",Europe,,TC
6168,Germany,2016,590 BHP,1390kg with driver,6.3L V8,RWD,80
,,,,,,,#N/A
6168,Germany,2016,590 BHP,1390kg with driver,6.3L V8,RWD,80
,,,,,,,
,,ESports,,,,,130
,,,,,,,
6174,United States,2016,585BHP,1375kg with driver,6.2L V8,RWD,80
,,,,,,,#N/A
6174,United States,2016,585BHP,1375kg with driver,6.2L V8,RWD,80
6177,United States,2014,380,1100,Inline-4,FWD,130
,,,,,,,#N/A
,,,,,,,#N/A
,,,,,,,#N/A
,,,,,,,#N/A
6177,United States,2014,380,1100,Inline-4,FWD,130
6177,United States,2014,380,1100,Inline-4,FWD,130
6177,United States,2014,380,1100,Inline-4,FWD,130
6177,United States,2014,380,1100,Inline-4,FWD,130
6177,United States,2014,380,1100,Inline-4,FWD,130
6187,France,2014,380,1100,Inline-4,FWD,130
,,,,,,,#N/A
,,,,,,,#N/A
6187,France,2014,380,1100,Inline-4,FWD,130
6187,France,2014,380,1100,Inline-4,FWD,130
6187,France,2014,380,1100,Inline-4,FWD,130
6187,France,2014,380,1100,Inline-4,FWD,130
6187,France,2014,380,1100,Inline-4,FWD,130
6195,Japan,2014,380,1100,Inline-4,FWD,130
,,,,,,,#N/A
,,,,,,,#N/A
6195,Japan,2014,380,1100,Inline-4,FWD,130
6195,Japan,2014,380,1100,Inline-4,FWD,130
6195,Japan,2014,380,1100,Inline-4,FWD,130
6195,Japan,2014,380,1100,Inline-4,FWD,130
6195,Japan,2014,380,1100,Inline-4,FWD,130
6203,,,,,,,130
,,,,,,,#N/A
6203,,,,,,,130
6203,,,,,,,130
6203,,,,,,,130
6208,Sweden,2016,380,1100,Inline-4,FWD,130
,,,,,,,#N/A
6208,Sweden,2016,380,1100,Inline-4,FWD,130
6208,Sweden,2016,380,1100,Inline-4,FWD,130
6208,Sweden,2016,380,1100,Inline-4,FWD,130
5767,Austria,2015,353BHP,1300Kg,L4,RWD,165
5818,Germany,2016,590BHP,1395kg with driver,4.4L V8,RWD,80
5818,Germany,2016,590BHP,1395kg with driver,4.4L V8,RWD,80
5818,Germany,2016,590BHP,1395kg with driver,4.4L V8,RWD,80
,,,,,,,
,,,,,,,
,,,,,,,
,,,,,,,
,,,,,,,
,,,,,,,
,,,,,,,
5818,Germany,2016,590BHP,1395kg with driver,4.4L V8,RWD,80
5818,Germany,2016,590BHP,1395kg with driver,4.4L V8,RWD,80
,,,,,,,
,,,,,,,
6057,Germany,2015,570BHP,1340kg with driver,5.2L V10,RWD,80
6057,Germany,2015,570BHP,1340kg with driver,5.2L V10,RWD,80
6057,Germany,2015,570BHP,1340kg with driver,5.2L V10,RWD,80
6057,Germany,2015,570BHP,1340kg with driver,5.2L V10,RWD,80
6057,Germany,2015,570BHP,1340kg with driver,5.2L V10,RWD,80
6057,Germany,2015,570BHP,1340kg with driver,5.2L V10,RWD,80
6057,Germany,2015,570BHP,1340kg with driver,5.2L V10,RWD,80
6057,Germany,2015,570BHP,1340kg with driver,5.2L V10,RWD,80
6057,Germany,2015,570BHP,1340kg with driver,5.2L V10,RWD,80
6057,Germany,2015,570BHP,1340kg with driver,5.2L V10,RWD,80
6057,Germany,2015,570BHP,1340kg with driver,5.2L V10,RWD,80
6057,Germany,2015,570BHP,1340kg with driver,5.2L V10,RWD,80
6057,Germany,2015,570BHP,1340kg with driver,5.2L V10,RWD,80
,,,,,,,
,,,,,,,
,,,,,,,
,,,,,,,
,,,,,,,
,,,,,,,
,,,,,,,
,,,,,,,
,,,,,,,
6057,Germany,2015,570BHP,1340kg with driver,5.2L V10,RWD,80
6057,Germany,2015,570BHP,1340kg with driver,5.2L V10,RWD,80
6057,Germany,2015,570BHP,1340kg with driver,5.2L V10,RWD,80
6057,Germany,2015,570BHP,1340kg with driver,5.2L V10,RWD,80
6057,Germany,2015,570BHP,1340kg with driver,5.2L V10,RWD,80
6057,Germany,2015,570BHP,1340kg with driver,5.2L V10,RWD,80
6057,Germany,2015,570BHP,1340kg with driver,5.2L V10,RWD,80
,,,,,,,
,,,,,,,
,,,,,,,
,,,,,,,
,,,,,,,
6262,Germany,2014,333 bhp @ 5800 rpm,1565kg with driver,3.0 Inline-6,RWD,201
,,,,,,,#N/A
6262,Germany,2014,333 bhp @ 5800 rpm,1565kg with driver,3.0 Inline-6,RWD,201
,,,,,,,40
,,,,,,,40
,,,,,,,40
,,,,,,,40
,,,,,,,40
,,,,,,,40
,,,,,,,40
,,,,,,,40
,,,,,,,40
,,,,,,,
6334,Sweden,2017,380,1100,Inline-4,FWD,130
6334,Sweden,2017,380,1100,Inline-4,FWD,130
6334,Sweden,2017,380,1100,Inline-4,FWD,130
6203,Russia,2015,380,1100,Inline-4,FWD,130
6203,Russia,2015,380,1100,Inline-4,FWD,130
6195,Japan,2014,380,1100,Inline-4,FWD,130
6195,Japan,2014,380,1100,Inline-4,FWD,130
6195,Japan,2014,380,1100,Inline-4,FWD,130
6195,Japan,2014,380,1100,Inline-4,FWD,130
6195,Japan,2014,380,1100,Inline-4,FWD,130
6187,France,2014,380,1100,Inline-4,FWD,130
6187,France,2014,380,1100,Inline-4,FWD,130
6187,France,2014,380,1100,Inline-4,FWD,130
6187,France,2014,380,1100,Inline-4,FWD,130
6177,United States,2014,380,1100,Inline-4,FWD,130
6177,United States,2014,380,1100,Inline-4,FWD,130
,,,,,,,
,,,,,,,
,,,,,,,
,,,,,,,
,,,,,,,
,,,,,,,
,,,,,,,
,,,,,,,
,,,,,,,
,,,,,,,
,,,,,,,
,,,,,,,
,,,,,,,
,,,,,,,
,,,,,,,
,,,,,,,
6168,Germany,2016,590 BHP,1390kg with driver,6.3L V8,RWD,80
,,,,,,,#N/A
,,,,,,,120
6310,United States,2014,380,1100,Inline-4,FWD,120
,,,,,,,#N/A
6310,United States,2014,380,1100,Inline-4,FWD,120
6310,United States,2014,380,1100,Inline-4,FWD,120
6314,France,2014,380,1100,Inline-4,FWD,120
,,,,,,,#N/A
6314,France,2014,380,1100,Inline-4,FWD,120
6314,France,2014,380,1100,Inline-4,FWD,120
,,,,,,,#N/A
6314,France,2014,380,1100,Inline-4,FWD,120
6314,France,2014,380,1100,Inline-4,FWD,120
6321,Japan,2014,380,1100,Inline-4,FWD,120
,,,,,,,#N/A
,,,,,,,#N/A
6321,Japan,2014,380,1100,Inline-4,FWD,120
6321,Japan,2014,380,1100,Inline-4,FWD,120
6321,Japan,2014,380,1100,Inline-4,FWD,120
6321,Japan,2014,380,1100,Inline-4,FWD,120
6321,Japan,2014,380,1100,Inline-4,FWD,120
6329,Russia,2015,380,1100,Inline-4,FWD,120
,,,,,,,#N/A
,,,,,,,#N/A
6329,Russia,2015,380,1100,Inline-4,FWD,120
6329,Russia,2015,380,1100,Inline-4,FWD,120
6334,Sweden,2017,380,1100,Inline-4,FWD,120
,,,,,,,#N/A
6334,Sweden,2017,380,1100,Inline-4,FWD,120
6334,Sweden,2017,380,1100,Inline-4,FWD,120
6334,Sweden,2017,380,1100,Inline-4,FWD,120
,,,,,,,#N/A
,,,,,,,#N/A
Grand Prix,Malaysia,,38,"5,543",Asia,,TC
6057,Germany,2015,570BHP,1340kg with driver,5.2L V10,RWD,80
6057,Germany,2015,570BHP,1340kg with driver,5.2L V10,RWD,80
,Germany,2014,333 bhp @ 5800 rpm,1565kg with driver,3.0 Inline-6,RWD,201
,,,,,,,105
4675,Germany,2017,485 bhp @ 7500rpm,1205 kg,4.0l Flat-6,RWD,105
,,,,,,,5
,,,,,,,
6349,Germany,2017,555BHP,1305kg with driver,4.0L F6,RWD,80
,,,,,,,#N/A
6349,Germany,2017,555BHP,1305kg with driver,4.0L F6,RWD,80
6262,Germany,2014,333 bhp @ 5800 rpm,1565kg with driver,3.0 Inline-6,RWD,201
6262,Germany,2014,333 bhp @ 5800 rpm,1565kg with driver,3.0 Inline-6,RWD,201
6262,Germany,2014,333 bhp @ 5800 rpm,1565kg with driver,3.0 Inline-6,RWD,201
6262,Germany,2014,333 bhp @ 5800 rpm,1565kg with driver,3.0 Inline-6,RWD,201
6262,Germany,2014,333 bhp @ 5800 rpm,1565kg with driver,3.0 Inline-6,RWD,201
6262,Germany,2014,333 bhp @ 5800 rpm,1565kg with driver,3.0 Inline-6,RWD,201
6262,Germany,2014,333 bhp @ 5800 rpm,1565kg with driver,3.0 Inline-6,RWD,201
6262,Germany,2014,333 bhp @ 5800 rpm,1565kg with driver,3.0 Inline-6,RWD,201
6262,Germany,2014,333 bhp @ 5800 rpm,1565kg with driver,3.0 Inline-6,RWD,201
6262,Germany,2014,333 bhp @ 5800 rpm,1565kg with driver,3.0 Inline-6,RWD,201
6262,Germany,2014,333 bhp @ 5800 rpm,1565kg with driver,3.0 Inline-6,RWD,201
6262,Germany,2014,333 bhp @ 5800 rpm,1565kg with driver,3.0 Inline-6,RWD,201
6262,Germany,2014,333 bhp @ 5800 rpm,1565kg with driver,3.0 Inline-6,RWD,201
6262,Germany,2014,333 bhp @ 5800 rpm,1565kg with driver,3.0 Inline-6,RWD,201
6262,Germany,2014,333 bhp @ 5800 rpm,1565kg with driver,3.0 Inline-6,RWD,201
6262,Germany,2014,333 bhp @ 5800 rpm,1565kg with driver,3.0 Inline-6,RWD,201
6262,Germany,2014,333 bhp @ 5800 rpm,1565kg with driver,3.0 Inline-6,RWD,201
6262,Germany,2014,333 bhp @ 5800 rpm,1565kg with driver,3.0 Inline-6,RWD,201
6262,Germany,2014,333 bhp @ 5800 rpm,1565kg with driver,3.0 Inline-6,RWD,201
6262,Germany,2014,333 bhp @ 5800 rpm,1565kg with driver,3.0 Inline-6,RWD,201
,,,,,,,
,,,,,,,
,,,,,,,
,,,,,,,
,,,,,,,
,,,,,,,
,,,,,,,
,,,,,,,
,,,,,,,
,,,,,,,
,,,,,,,
,,,,,,,
,,,,,,,
,,,,,,,
,,,,,,,
,,,,,,,
,,,,,,,
,,,,,,,
,,,,,,,
,,,,,,,
,,,,,,,
,,,,,,,
,,,,,,,
,,,,,,,
,,,,,,,
,,,,,,,
5818,Germany,2016,590BHP,1395kg with driver,4.4L V8,RWD,80
6168,Germany,2016,590 BHP,1390kg with driver,6.3L V8,RWD,80
6168,Germany,2016,590 BHP,1390kg with driver,6.3L V8,RWD,80
6168,Germany,2016,590 BHP,1390kg with driver,6.3L V8,RWD,80
6168,Germany,2016,590 BHP,1390kg with driver,6.3L V8,RWD,80
6168,Germany,2016,590 BHP,1390kg with driver,6.3L V8,RWD,80
6168,Germany,2016,590 BHP,1390kg with driver,6.3L V8,RWD,80
6168,Germany,2016,590 BHP,1390kg with driver,6.3L V8,RWD,80
6168,Germany,2016,590 BHP,1390kg with driver,6.3L V8,RWD,80
6168,Germany,2016,590 BHP,1390kg with driver,6.3L V8,RWD,80
6168,Germany,2016,590 BHP,1390kg with driver,6.3L V8,RWD,80
6168,Germany,2016,590 BHP,1390kg with driver,6.3L V8,RWD,80
6168,Germany,2016,590 BHP,1390kg with driver,6.3L V8,RWD,80
6168,Germany,2016,590 BHP,1390kg with driver,6.3L V8,RWD,80
6168,Germany,2016,590 BHP,1390kg with driver,6.3L V8,RWD,80
6168,Germany,2016,590 BHP,1390kg with driver,6.3L V8,RWD,80
6168,Germany,2016,590 BHP,1390kg with driver,6.3L V8,RWD,80
6168,Germany,2016,590 BHP,1390kg with driver,6.3L V8,RWD,80
6168,Germany,2016,590 BHP,1390kg with driver,6.3L V8,RWD,80
6168,Germany,2016,590 BHP,1390kg with driver,6.3L V8,RWD,80
6168,Germany,2016,590 BHP,1390kg with driver,6.3L V8,RWD,80
6168,Germany,2016,590 BHP,1390kg with driver,6.3L V8,RWD,80
,,,,,,,#N/A
,,,,,,,#N/A
,,,,,,,#N/A
,,,,,,,#N/A
,,,,,,,#N/A
,,,,,,,#N/A
,,,,,,,#N/A
,,,,,,,#N/A
,,,,,,,#N/A
,,,,,,,#N/A
,,,,,,,#N/A
,,,,,,,#N/A
,,,,,,,
,,,,,,,
,,,,,,,
,,,,,,,
,,,,,,,
,,,,,,,
,,,,,,,
,,,,,,,
,,,,,,,
,,,,,,,
,,,,,,,
,,,,,,,
,,,,,,,
,,,,,,,
,,,,,,,
,,,,,,,
,,,,,,,
,,,,,,,
,,,,,,,
,,,,,,,
,,,,,,,
,,,,,,,
,,,,,,,
,,,,,,,
,,,,,,,
,,,,,,,
,,,,,,,
,,,,,,,
,,,,,,,
,,,,,,,
,,,,,,,#N/A
,,,,,,,#N/A
,,,,,,,#N/A
,,,,,,,#N/A
,,,,,,,#N/A
,,,,,,,#N/A
,,,,,,,#N/A
,,,,,,,#N/A
,,,,,,,#N/A
,,,,,,,#N/A
,,,,,,,#N/A
,,,,,,,#N/A
,,,,,,,#N/A
,,,,,,,#N/A
,,,,,,,#N/A
,,,,,,,#N/A
,,,,,,,
,,,,,,,
,,,,,,,
,,,,,,,
,,,,,,,
,,,,,,,
,,,,,,,
,,,,,,,
,,,,,,,
,,,,,,,
,,,,,,,
,,,,,,,
,,,,,,,
,,,,,,,
,,,,,,,#N/A
,,,,,,,#N/A
,,,,,,,#N/A
,,,,,,,#N/A
,,,,,,,#N/A
,,,,,,,#N/A
,,,,,,,#N/A
,,,,,,,#N/A
,,,,,,,#N/A
,,,,,,,#N/A
,,,,,,,#N/A
6262,Germany,2014,333 bhp @ 5800 rpm,1565kg with driver,3.0 Inline-6,RWD,201
6262,Germany,2014,333 bhp @ 5800 rpm,1565kg with driver,3.0 Inline-6,RWD,201
,,,,,,,#N/A
,,,,,,,
,,,,,,,
,,,,,,,
,,,,,,,
,,,,,,,
,,,,,,,#N/A
,,,,,,,
,,,,,,,#N/A
,,,,,,,
6174,United States,2016,585BHP,1375kg with driver,6.2L V8,RWD,80
6174,United States,2016,585BHP,1375kg with driver,6.2L V8,RWD,80
6174,United States,2016,585BHP,1375kg with driver,6.2L V8,RWD,80
6174,United States,2016,585BHP,1375kg with driver,6.2L V8,RWD,80
6174,United States,2016,585BHP,1375kg with driver,6.2L V8,RWD,80
4675,Germany,2017,485 bhp @ 7500rpm,1205 kg,4.0l Flat-6,RWD,105
,,,,,,,#N/A
,,,,,,,
,,,,,,,#N/A
,,,,,,,
,,,,,,,
,,,,,,,
,,,,,,,
,,,,,,,
,,,,,,,
,,,,,,,
,,,,,,,
,,,,,,,
,,,,,,,
,,,,,,,
,,,,,,,
,,,,,,,
,,,,,,,
,,,,,,,
,,,,,,,
,,,,,,,
,,,,,,,
,,,,,,,
,,,,,,,
,,,,,,,
,,,,,,,
,,,,,,,
,,,,,,,
,,,,,,,
,,,,,,,
,,,,,,,
,,,,,,,
,,,,,,,
,,,,,,,
,,,,,,,
,,,,,,,
,,,,,,,
,,,,,,,
,,,,,,,
,,,,,,,
,,,,,,,
,,,,,,,
,,,,,,,
,,,,,,,
,,,,,,,
,,,,,,,
,,,,,,,
,,,,,,,
6568,Germany,2017,385 BHP @ 7500 RPM,1380 kg,3.8l flat-6,RWD,180
,,,,,,,#N/A
6568,Germany,2017,385 BHP @ 7500 RPM,1380 kg,3.8l flat-6,RWD,180
,,,,,,,
,,,,,,,
,,,,,,,
,,,,,,,
,,,,,,,
,,,,,,,
,,,,,,,
North,Malaysia,,38,"2,706",Asia,,#N/A
South,Malaysia,,34,"2,609",Asia,,TC
,,,,,,,
,,,,,,,
,,,,,,,#N/A
,,,,,,,
,,,,,,,
,,,,,,,
,,,,,,,#N/A
Grand Prix Circuit,United Arab Emirates,,74,"5,390",Asia,,TC
6588,,,,,,,160
,,,,,,,#N/A
6588,,,,,,,160
,,,,,,,
4675,Germany,2017,485 bhp @ 7500rpm,1205 kg,4.0l Flat-6,RWD,105
,,,,,,,
4675,Germany,2017,485 bhp @ 7500rpm,1205 kg,4.0l Flat-6,RWD,105
4675,Germany,2017,485 bhp @ 7500rpm,1205 kg,4.0l Flat-6,RWD,105
4675,Germany,2017,485 bhp @ 7500rpm,1205 kg,4.0l Flat-6,RWD,105
,,,,,,,
4675,Germany,2017,485 bhp @ 7500rpm,1205 kg,4.0l Flat-6,RWD,105
,,,,,,,
4675,Germany,2017,485 bhp @ 7500rpm,1205 kg,4.0l Flat-6,RWD,105
,,,,,,,
,,,,,,,
,,,,,,,
4675,Germany,2017,485 bhp @ 7500rpm,1205 kg,4.0l Flat-6,RWD,105
4675,Germany,2017,485 bhp @ 7500rpm,1205 kg,4.0l Flat-6,RWD,105
,,,,,,,
4675,Germany,2017,485 bhp @ 7500rpm,1205 kg,4.0l Flat-6,RWD,105
4675,Germany,2017,485 bhp @ 7500rpm,1205 kg,4.0l Flat-6,RWD,105
4675,Germany,2017,485 bhp @ 7500rpm,1205 kg,4.0l Flat-6,RWD,105
4675,Germany,2017,485 bhp @ 7500rpm,1205 kg,4.0l Flat-6,RWD,105
4675,Germany,2017,485 bhp @ 7500rpm,1205 kg,4.0l Flat-6,RWD,105
4675,Germany,2017,485 bhp @ 7500rpm,1205 kg,4.0l Flat-6,RWD,105
4675,Germany,2017,485 bhp @ 7500rpm,1205 kg,4.0l Flat-6,RWD,105
4675,Germany,2017,485 bhp @ 7500rpm,1205 kg,4.0l Flat-6,RWD,105
4675,Germany,2017,485 bhp @ 7500rpm,1205 kg,4.0l Flat-6,RWD,105
4675,Germany,2017,485 bhp @ 7500rpm,1205 kg,4.0l Flat-6,RWD,105
4675,Germany,2017,485 bhp @ 7500rpm,1205 kg,4.0l Flat-6,RWD,105
4675,Germany,2017,485 bhp @ 7500rpm,1205 kg,4.0l Flat-6,RWD,105
4675,Germany,2017,485 bhp @ 7500rpm,1205 kg,4.0l Flat-6,RWD,105
4675,Germany,2017,485 bhp @ 7500rpm,1205 kg,4.0l Flat-6,RWD,105
4675,Germany,2017,485 bhp @ 7500rpm,1205 kg,4.0l Flat-6,RWD,105
,,,,,,,
6623,Germany,2017,385 BHP @ 7500 RPM,1300Kg,3.8l flat 6,RWD,165
,,,,,,,#N/A
6623,Germany,2017,385 BHP @ 7500 RPM,1300Kg,3.8l flat 6,RWD,165
6057,Germany,2015,570BHP,1340kg with driver,5.2L V10,RWD,80
4675,Germany,2017,485 bhp @ 7500rpm,1205 kg,4.0l Flat-6,RWD,105
,,,,,,,
4675,Germany,2017,485 bhp @ 7500rpm,1205 kg,4.0l Flat-6,RWD,105
4675,Germany,2017,485 bhp @ 7500rpm,1205 kg,4.0l Flat-6,RWD,105
4675,Germany,2017,485 bhp @ 7500rpm,1205 kg,4.0l Flat-6,RWD,105
4675,Germany,2017,485 bhp @ 7500rpm,1205 kg,4.0l Flat-6,RWD,105
6349,Germany,2017,555BHP,1305kg with driver,4.0L F6,RWD,80
6349,Germany,2017,555BHP,1305kg with driver,4.0L F6,RWD,80
,,,,,,,
6349,Germany,2017,555BHP,1305kg with driver,4.0L F6,RWD,80
6349,Germany,2017,555BHP,1305kg with driver,4.0L F6,RWD,80
6349,Germany,2017,555BHP,1305kg with driver,4.0L F6,RWD,80
6349,Germany,2017,555BHP,1305kg with driver,4.0L F6,RWD,80
6349,Germany,2017,555BHP,1305kg with driver,4.0L F6,RWD,80
,,,,,,,#N/A
6349,Germany,2017,555BHP,1305kg with driver,4.0L F6,RWD,80
6349,Germany,2017,555BHP,1305kg with driver,4.0L F6,RWD,80
6349,Germany,2017,555BHP,1305kg with driver,4.0L F6,RWD,80
6349,Germany,2017,555BHP,1305kg with driver,4.0L F6,RWD,80
6349,Germany,2017,555BHP,1305kg with driver,4.0L F6,RWD,80
6349,Germany,2017,555BHP,1305kg with driver,4.0L F6,RWD,80
,,,,,,,180
6349,Germany,2017,555BHP,1305kg with driver,4.0L F6,RWD,80
6349,Germany,2017,555BHP,1305kg with driver,4.0L F6,RWD,80
6349,Germany,2017,555BHP,1305kg with driver,4.0L F6,RWD,80
6349,Germany,2017,555BHP,1305kg with driver,4.0L F6,RWD,80
,,,,,,,
,,,,,,,
6349,Germany,2017,555BHP,1305kg with driver,4.0L F6,RWD,80
6349,Germany,2017,555BHP,1305kg with driver,4.0L F6,RWD,80
,,,,,,,#N/A
Road Course,Japan,,42,"4,800",Asia,,TC
,,,,,,,
4675,Germany,2017,485 bhp @ 7500rpm,1205 kg,4.0l Flat-6,RWD,105
4675,Germany,2017,485 bhp @ 7500rpm,1205 kg,4.0l Flat-6,RWD,105
,,,,,,,
,,,,,,,
,,,,,,,
,,,,,,,
,,,,,,,
,,,,,,,
,,,,,,,
,,,,,,,
,,,,,,,
,,,,,,,
,,,,,,,
,,,,,,,
,,,,,,,
,,,,,,,
,,,,,,,
,,,,,,,
,,,,,,,
,,,,,,,
,,,,,,,
,,,,,,,
,,,,,,,
,,,,,,,
,,,,,,,
,,,,,,,
,,,,,,,
,,,,,,,
,,,,,,,
,,,,,,,
,,,,,,,
,,,,,,,
,,,,,,,
,,,,,,,
6623,Germany,2017,385 BHP @ 7500 RPM,1300Kg,3.8l flat 6,RWD,165
6623,Germany,2017,385 BHP @ 7500 RPM,1300Kg,3.8l flat 6,RWD,165
,,,,,,,
,,,,,,,
,,,,,,,
,,,,,,,
,,,,,,,
,,,,,,,
,,,,,,,
,,,,,,,
,,,,,,,
,,,,,,,
,,,,,,,
,,,,,,,
,,,,,,,
,,,,,,,
,,,,,,,
,,,,,,,
,,,,,,,
,,,,,,,
,,,,,,,
,,,,,,,
,,,,,,,
,,,,,,,
,,,,,,,
,,,,,,,
,,,,,,,
,,,,,,,
,,,,,,,
,,,,,,,
,,,,,,,
,,,,,,,
,,,,,,,
6568,Germany,2017,385 BHP @ 7500 RPM,1380 kg,3.8l flat-6,RWD,180
6568,Germany,2017,385 BHP @ 7500 RPM,1380 kg,3.8l flat-6,RWD,180
6568,Germany,2017,385 BHP @ 7500 RPM,1380 kg,3.8l flat-6,RWD,180
6568,Germany,2017,385 BHP @ 7500 RPM,1380 kg,3.8l flat-6,RWD,180
6568,Germany,2017,385 BHP @ 7500 RPM,1380 kg,3.8l flat-6,RWD,180
6623,Germany,2017,385 BHP @ 7500 RPM,1300Kg,3.8l flat 6,RWD,165
,,,,,,,#N/A
,,,,,,,#N/A
,,,,,,,#N/A
,,,,,,,#N/A
,,,,,,,#N/A
,,,,,,,#N/A
,,,,,,,#N/A
,,,,,,,#N/A
,,,,,,,#N/A
,,,,,,,#N/A
,,,,,,,#N/A
,,,,,,,#N/A
,,,,,,,#N/A
,,,,,,,#N/A
,,,,,,,#N/A
,,,,,,,#N/A
,,,,,,,#N/A
,,,,,,,#N/A
,,,,,,,#N/A
,,,,,,,#N/A
,,,,,,,#N/A
,,,,,,,#N/A
,,,,,,,#N/A
,,,,,,,#N/A
,,,,,,,#N/A
,,,,,,,
,,,,,,,#N/A
,,,,,,,#N/A
,,,,,,,#N/A
,,,,,,,#N/A
,,,,,,,#N/A
,,,,,,,#N/A
,,,,,,,#N/A
,,,,,,,#N/A
,,,,,,,#N/A
,,,,,,,#N/A
,,,,,,,#N/A
,,,,,,,#N/A
,,,,,,,#N/A
,,,,,,,#N/A
,,,,,,,#N/A
6568,Germany,2017,385 BHP @ 7500 RPM,1380 kg,3.8l flat-6,RWD,180
,,,,,,,
,,,,,,,
6623,Germany,2017,385 BHP @ 7500 RPM,1300Kg,3.8l flat 6,RWD,165
6623,Germany,2017,385 BHP @ 7500 RPM,1300Kg,3.8l flat 6,RWD,165
6623,Germany,2017,385 BHP @ 7500 RPM,1300Kg,3.8l flat 6,RWD,165
6623,Germany,2017,385 BHP @ 7500 RPM,1300Kg,3.8l flat 6,RWD,165
6623,Germany,2017,385 BHP @ 7500 RPM,1300Kg,3.8l flat 6,RWD,165
6623,Germany,2017,385 BHP @ 7500 RPM,1300Kg,3.8l flat 6,RWD,165
,,,,,,,160
6623,Germany,2017,385 BHP @ 7500 RPM,1300Kg,3.8l flat 6,RWD,165
6623,Germany,2017,385 BHP @ 7500 RPM,1300Kg,3.8l flat 6,RWD,165
6623,Germany,2017,385 BHP @ 7500 RPM,1300Kg,3.8l flat 6,RWD,165
6623,Germany,2017,385 BHP @ 7500 RPM,1300Kg,3.8l flat 6,RWD,165
6623,Germany,2017,385 BHP @ 7500 RPM,1300Kg,3.8l flat 6,RWD,165
6623,Germany,2017,385 BHP @ 7500 RPM,1300Kg,3.8l flat 6,RWD,165
6623,Germany,2017,385 BHP @ 7500 RPM,1300Kg,3.8l flat 6,RWD,165
6791,,,,,,,45
,,,,,,,#N/A
,,,,,,,45
,,,,,,,45
6168,Germany,2016,590 BHP,1390kg with driver,6.3L V8,RWD,80
,,,,,,,
,,,,,,,#N/A
,,,,,,,
,,,,,,,
,,,,,,,
,,,,,,,
,,,,,,,#N/A
,,,,,,,
,,,,,,,
,,,,,,,
,,,,,,,
,,,,,,,
,,,,,,,
,,,,,,,
,,,,,,,
,,,,,,,
,,,,,,,
,,,,,,,
,,,,,,,
,,,,,,,
,,,,,,,
,,,,,,,
,,,,,,,
,,,,,,,
,,,,,,,
,,,,,,,
,,,,,,,
,,,,,,,
,,,,,,,
,,,,,,,
,,,,,,,
,,,,,,,
6623,Germany,2017,385 BHP @ 7500 RPM,1300Kg,3.8l flat 6,RWD,165
6623,Germany,2017,385 BHP @ 7500 RPM,1300Kg,3.8l flat 6,RWD,165
6623,Germany,2017,385 BHP @ 7500 RPM,1300Kg,3.8l flat 6,RWD,165
6623,Germany,2017,385 BHP @ 7500 RPM,1300Kg,3.8l flat 6,RWD,165
,,,,,,,
,,,,,,,
,,,,,,,#N/A
,,,,,,,#N/A
,,,,,,,#N/A
,,,,,,,#N/A
,,,,,,,#N/A
,,,,,,,#N/A
,,,,,,,#N/A
,,,,,,,#N/A
,,,,,,,
5786,United Kingdom,2015,570 BHP,1350kg with driver,3.8L V8,RWD,80
,,,,,,,#N/A
4675,Germany,2017,485 bhp @ 7500rpm,1205 kg,4.0l Flat-6,RWD,105
,,,,,,,#N/A
,,,,,,,45
,,,,,,,45
6849,,,,,,,45
,,,,,,,#N/A
,,,,,,,
,,,,,,,45
,,,,,,,45
,,,,,,,160
,,,,,,,#N/A
,,,,,,,45
,,,,,,,
,,,,,,,45
,,,,,,,45
6860,,,,,,,45
,,,,,,,#N/A
,,,,,,,#N/A
,,,,,,,#N/A
,,,,,,,45
,,,,,,,45
,,,,,,,45
,,,,,,,45
,,,,,,,45
,,,,,,,45
,,,,,,,45
,,,,,,,45
,,,,,,,45
,,,,,,,45
,,,,,,,45
,,,,,,,45
,,,,,,,45
,,,,,,,45
,,,,,,,45
,,,,,,,45
,,,,,,,45
,,,,,,,45
,,,,,,,45
,,,,,,,#N/A
,,,,,,,45
,,,,,,,45
,,,,,,,45
,,,,,,,#N/A
,,,,,,,#N/A
,,,,,,,45
,,,,,,,#N/A
,,,,,,,
,,,,,,,
,,,,,,,
,,,,,,,
,,,,,,,
,,,,,,,
,,,,,,,
,,,,,,,
,,,,,,,
,,,,,,,
,,,,,,,
,,,,,,,
,,,,,,,
,,,,,,,
,,,,,,,
,,,,,,,
,,,,,,,
,,,,,,,
,,,,,,,
,,,,,,,
,,,,,,,
,,,,,,,
,,,,,,,
,,,,,,,
,,,,,,,
,,,,,,,
,,,,,,,
,,,,,,,
,,,,,,,
,,,,,,,
,,,,,,,
,,,,,,,
,,,,,,,
,,,,,,,
,,,,,,,
,,,,,,,
,,,,,,,
,,,,,,,
,,,,,,,45
,,,,,,,45
,,,,,,,45
,,,,,,,45
,,,,,,,45
,,,,,,,45
,,,,,,,45
,,,,,,,45
,,,,,,,45
,,,,,,,45
,,,,,,,45
,,,,,,,45
,,,,,,,45
,,,,,,,45
,,,,,,,45
,,,,,,,45
,,,,,,,45
,,,,,,,45
,,,,,,,45
,,,,,,,45
6949,,,,,,,45
,,,,,,,#N/A
,,,,,,,#N/A
,,,,,,,#N/A
,,,,,,,#N/A
,,,,,,,45
,,,,,,,45
,,,,,,,45
,,,,,,,45
,,,,,,,45
,,,,,,,45
,,,,,,,45
,,,,,,,45
,,,,,,,45
,,,,,,,45
,,,,,,,45
,,,,,,,45
,,,,,,,45
,,,,,,,45
,,,,,,,45
,,,,,,,45
,,,,,,,45
,,,,,,,
,,,,,,,
,,,,,,,
,,,,,,,45
,,,,,,,45
,,,,,,,45
,,,,,,,45
6978,,,,,,,45
,,,,,,,#N/A
,,,,,,,
6978,,,,,,,45
6978,,,,,,,45
6978,,,,,,,45
6978,,,,,,,45
,,,,,,,
,,,,,,,#N/A
,,,,,,,#N/A
6978,,,,,,,45
6978,,,,,,,45
6978,,,,,,,45
6978,,,,,,,45
6978,,,,,,,45
6978,,,,,,,45
6978,,,,,,,45
6978,,,,,,,45
6978,,,,,,,45
6978,,,,,,,45
,,,,,,,#N/A
6978,,,,,,,45
6978,,,,,,,45
4675,Germany,2017,485 bhp @ 7500rpm,1205 kg,4.0l Flat-6,RWD,105
4675,Germany,2017,485 bhp @ 7500rpm,1205 kg,4.0l Flat-6,RWD,105
4675,Germany,2017,485 bhp @ 7500rpm,1205 kg,4.0l Flat-6,RWD,105
,,,,,,,#N/A
7005,Spain,2018,335 BHP,1305 kg,L4,FWD,160
,,,,,,,#N/A
,,,,,,,
7005,Spain,2018,335 BHP,1305 kg,L4,FWD,160
,,,,,,,160
,,,,,,,
7011,Germany,2018,338 bhp,1315 kg,L4,FWD,160
,,,,,,,#N/A
,,,,,,,#N/A
,,,,,,,#N/A
,,,,,,,#N/A
7011,Germany,2018,338 bhp,1315 kg,L4,FWD,160
7011,Germany,2018,338 bhp,1315 kg,L4,FWD,160
7011,Germany,2018,338 bhp,1315 kg,L4,FWD,160
7011,Germany,2018,338 bhp,1315 kg,L4,FWD,160
7011,Germany,2018,338 bhp,1315 kg,L4,FWD,160
7011,Germany,2018,338 bhp,1315 kg,L4,FWD,160
,,,,,,,
,,,,,,,
,,,,,,,
,,,,,,,
West Course,Japan,,42,"1,400",Asia,,TC
East Course,Japan,,42,"3,400",Asia,,TC
,,,,,,,
7029,Italy,2018,330,1285 Kg,L4,FWD,160
,,,,,,,#N/A
7029,Italy,2018,330,1285 Kg,L4,FWD,160
,Italy,,,,,,#N/A
7005,Spain,2018,335 BHP,1305 kg,L4,FWD,160
7005,Spain,2018,335 BHP,1305 kg,L4,FWD,160
7005,Spain,2018,335 BHP,1305 kg,L4,FWD,160
7036,France,2018,330 bhp,1285 kg,L4,FWD,160
,,,,,,,#N/A
7036,France,2018,330 bhp,1285 kg,L4,FWD,160
7036,France,2018,330 bhp,1285 kg,L4,FWD,160
7040,,,,,,,110
,,,,,,,110
5342,Austria,2012,360,810,Inline-4,RWD,130
,,,,,,,#N/A
,,,,,,,#N/A
,,,,,,,110
,,,,,,,110
7029,Italy,2018,330,1285 Kg,L4,FWD,160
,,,,,,,110
,,,,,,,110
,,,,,,,110
,,,,,,,110
,,,,,,,110
,,,,,,,110
,,,,,,,110
,,,,,,,110
,,,,,,,110
,,,,,,,110
,,,,,,,110
,,,,,,,110
,,,,,,,110
,,,,,,,110
,,,,,,,110
,,,,,,,
,,,,,,,
,,,,,,,
,,,,,,,110
,,,,,,,110
,,,,,,,110
,,,,,,,110
,,,,,,,110
,,,,,,,110
,,,,,,,110
,,,,,,,#N/A
,,,,,,,#N/A
,,,,,,,95
7076,Germany,1995,505 BHP,1120 Kg with Driver,V6,RWD,95
,,,,,,,#N/A
,,,,,,,#N/A
,,,,,,,#N/A
,,,,,,,#N/A
,,,,,,,
7076,Germany,1995,505 BHP,1120 Kg with Driver,V6,RWD,95
7076,Germany,1995,505 BHP,1120 Kg with Driver,V6,RWD,95
7076,Germany,1995,505 BHP,1120 Kg with Driver,V6,RWD,95
7076,Germany,1995,505 BHP,1120 Kg with Driver,V6,RWD,95
,,,,,,,
,,,,,,,
7076,Germany,1995,505 BHP,1120 Kg with Driver,V6,RWD,95
,,,,,,,
,,,,,,,
,,,,,,,
,,,,,,,
,,,,,,,
7076,Germany,1995,505 BHP,1120 Kg with Driver,V6,RWD,95
7076,Germany,1995,505 BHP,1120 Kg with Driver,V6,RWD,95
7076,Germany,1995,505 BHP,1120 Kg with Driver,V6,RWD,95
,,,,,,,
,,,,,,,
,,,,,,,
,,,,,,,
7076,Germany,1995,505 BHP,1120 Kg with Driver,V6,RWD,95
7076,Germany,1995,505 BHP,1120 Kg with Driver,V6,RWD,95
7076,Germany,1995,505 BHP,1120 Kg with Driver,V6,RWD,95
,,,,,,,
7105,Germany,2018,338 bhp,1315 kg,2.0L in-line 4,FWD,160
,,,,,,,#N/A
7105,Germany,2018,338 bhp,1315 kg,2.0L in-line 4,FWD,160
7105,Germany,2018,338 bhp,1315 kg,2.0L in-line 4,FWD,160
,,,,,,,#N/A
,,,,,,,90
,,,,,,,
Grand Prix,Czech Republic,,32,"4,222",Europe,,TC
,,,,,,,
,,,,,,,
,,,,,,,
,,,,,,,#N/A
7117,Südkorea,2018,340 bhp,1325 kg,L4,FWD,160
,,,,,,,#N/A
7117,Südkorea,2018,340 bhp,1325 kg,L4,FWD,160
,,,,,,,
7117,Südkorea,2018,340 bhp,1325 kg,L4,FWD,160
7117,Südkorea,2018,340 bhp,1325 kg,L4,FWD,160
7117,Südkorea,2018,340 bhp,1325 kg,L4,FWD,160
,,,,,,,#N/A
7125,Japan,2018,335 BHP,1305 kg,L4,FWD,160
,,,,,,,#N/A
,,,,,,,
7125,Japan,2018,335 BHP,1305 kg,L4,FWD,160
7125,Japan,2018,335 BHP,1305 kg,L4,FWD,160
7125,Japan,2018,335 BHP,1305 kg,L4,FWD,160
7125,Japan,2018,335 BHP,1305 kg,L4,FWD,160
7125,Japan,2018,335 BHP,1305 kg,L4,FWD,160
7125,Japan,2018,335 BHP,1305 kg,L4,FWD,160
,,,,,,,#N/A
,,,,,,,
,,,,,,,
,,,,,,,
,,,,,,,
,,,,,,,
,,,,,,,
,,,,,,,
,,,,,,,
,,,,,,,
,,,,,,,
,,,,,,,
,,,,,,,
,,,,,,,
,,,,,,,
,,,,,,,
,,,,,,,
,,,,,,,
,,,,,,,
,,,,,,,
,,,,,,,
,,,,,,,
,,,,,,,
,,,,,,,
,,,,,,,
,,,,,,,#N/A
5818,Germany,2016,590BHP,1395kg with driver,4.4L V8,RWD,80
,,,,,,,#N/A
7162,United Kingdom,2010,355bhp,1300Kg,V6,RWD,165
,,,,,,,#N/A
,,,,,,,
,,,,,,,
7162,United Kingdom,2010,355bhp,1300Kg,V6,RWD,165
,,,,,,,51
,,,,,,,45
7169,Germany,2003,460 ps @ 6750 rpm,1080,V8,RWD,51
,,,,,,,#N/A
,,,,,,,#N/A
,,,,,,,#N/A
7169,Germany,2003,460 ps @ 6750 rpm,1080,V8,RWD,51
7169,Germany,2003,460 ps @ 6750 rpm,1080,V8,RWD,51
7169,Germany,2003,460 ps @ 6750 rpm,1080,V8,RWD,51
7169,Germany,2003,460 ps @ 6750 rpm,1080,V8,RWD,51
7169,Germany,2003,460 ps @ 6750 rpm,1080,V8,RWD,51
7169,Germany,2003,460 ps @ 6750 rpm,1080,V8,RWD,51
7169,Germany,2003,460 ps @ 6750 rpm,1080,V8,RWD,51
7169,Germany,2003,460 ps @ 6750 rpm,1080,V8,RWD,51
7169,Germany,2003,460 ps @ 6750 rpm,1080,V8,RWD,51
,,,,,,,#N/A
7183,Germany,2005,480 ps @ 7000 rpm,1060,V8,RWD,45
,,,,,,,#N/A
,,,,,,,#N/A
,,,,,,,#N/A
7183,Germany,2005,480 ps @ 7000 rpm,1060,V8,RWD,45
7183,Germany,2005,480 ps @ 7000 rpm,1060,V8,RWD,45
7183,Germany,2005,480 ps @ 7000 rpm,1060,V8,RWD,45
7183,Germany,2005,480 ps @ 7000 rpm,1060,V8,RWD,45
7183,Germany,2005,480 ps @ 7000 rpm,1060,V8,RWD,45
7183,Germany,2005,480 ps @ 7000 rpm,1060,V8,RWD,45
,,,,,,,
,,,,,,,
,,,,,,,
,,,,,,,
,,,,,,,
,,,,,,,
,,,,,,,
,,,,,,,
,,,,,,,
,,,,,,,
,,,,,,,
,,,,,,,
,,,,,,,
,,,,,,,
,,,,,,,
,,,,,,,
,,,,,,,
,,,,,,,
,,,,,,,
,,,,,,,
,,,,,,,
,,,,,,,15
7215,,,,,,,15
,,,,,,,#N/A
,,,,,,,
7218,,,,,,,15
,,,,,,,#N/A
7220,,,,,,,15
,,,,,,,#N/A
,,,,,,,
,,,,,,,15
6057,Germany,2015,570BHP,1340kg with driver,5.2L V10,RWD,80
,,,,,,,#N/A
7162,United Kingdom,2010,355bhp,1300Kg,V6,RWD,165
7162,United Kingdom,2010,355bhp,1300Kg,V6,RWD,165
,,,,,,,#N/A
,,,,,,,#N/A
7162,United Kingdom,2010,355bhp,1300Kg,V6,RWD,165
,,,,,,,#N/A
7162,United Kingdom,2010,355bhp,1300Kg,V6,RWD,165
7162,United Kingdom,2010,355bhp,1300Kg,V6,RWD,165
,,,,,,,
,,,,,,,
,,,,,,,
,,,,,,,
,,,,,,,
,,,,,,,
,,,,,,,
,,,,,,,
,,,,,,,#N/A
,,,,,,,#N/A
,,,,,,,#N/A
,,,,,,,#N/A
,,,,,,,#N/A
,,,,,,,#N/A
6623,Germany,2017,385 BHP @ 7500 RPM,1300Kg,3.8l flat 6,RWD,165
6623,Germany,2017,385 BHP @ 7500 RPM,1300Kg,3.8l flat 6,RWD,165
6623,Germany,2017,385 BHP @ 7500 RPM,1300Kg,3.8l flat 6,RWD,165
6623,Germany,2017,385 BHP @ 7500 RPM,1300Kg,3.8l flat 6,RWD,165
6623,Germany,2017,385 BHP @ 7500 RPM,1300Kg,3.8l flat 6,RWD,165
6623,Germany,2017,385 BHP @ 7500 RPM,1300Kg,3.8l flat 6,RWD,165
6568,Germany,2017,385 BHP @ 7500 RPM,1380 kg,3.8l flat-6,RWD,180
6568,Germany,2017,385 BHP @ 7500 RPM,1380 kg,3.8l flat-6,RWD,180
6568,Germany,2017,385 BHP @ 7500 RPM,1380 kg,3.8l flat-6,RWD,180
6568,Germany,2017,385 BHP @ 7500 RPM,1380 kg,3.8l flat-6,RWD,180
6568,Germany,2017,385 BHP @ 7500 RPM,1380 kg,3.8l flat-6,RWD,180
6568,Germany,2017,385 BHP @ 7500 RPM,1380 kg,3.8l flat-6,RWD,180
6568,Germany,2017,385 BHP @ 7500 RPM,1380 kg,3.8l flat-6,RWD,180
6568,Germany,2017,385 BHP @ 7500 RPM,1380 kg,3.8l flat-6,RWD,180
6568,Germany,2017,385 BHP @ 7500 RPM,1380 kg,3.8l flat-6,RWD,180
6568,Germany,2017,385 BHP @ 7500 RPM,1380 kg,3.8l flat-6,RWD,180
6568,Germany,2017,385 BHP @ 7500 RPM,1380 kg,3.8l flat-6,RWD,180
,,,,,,,#N/A
,,,,,,,#N/A
,,,,,,,#N/A
,,,,,,,#N/A
,,,,,,,#N/A
,,,,,,,#N/A
,,,,,,,#N/A
,,,,,,,
Full circuit,China,,32,"4,015",Asia,,TC
6623,Germany,2017,385 BHP @ 7500 RPM,1300Kg,3.8l flat 6,RWD,165
,,,,,,,
7162,United Kingdom,2010,355bhp,1300Kg,V6,RWD,165
,,,,,,,#N/A
,,,,,,,80
,,,,,,,
,,,,,,,#REF!
,,,,,,,
7282,Germany,1976,485HP,1190kg with driver,3.0L flat-6,RWD,199
,,,,,,,#N/A
,,,,,,,
,,,,,,,
,,,,,,,
,,,,,,,205
,,,,,,,
,,,,,,,
,,,,,,,
,,,,,,,
,,,,,,,
,,,,,,,
,,,,,,,
,,,,,,,
,,,,,,,
,,,,,,,
,,,,,,,
,,,,,,,
,,,,,,,
,,,,,,,
,,,,,,,
,,,,,,,
,,,,,,,199
,,,,,,,
,,,,,,,
,,,,,,,
,,,,,,,
,,,,,,,
,,,,,,,
,,,,,,,
,,,,,,,
,,,,,,,
,,,,,,,
,,,,,,,
,,,,,,,
,,,,,,,
,,,,,,,
,,,,,,,
,,,,,,,
,,,,,,,
,,,,,,,
,,,,,,,
,,,,,,,
,,,,,,,
,,,,,,,
,,,,,,,
,,,,,,,
,,,,,,,
,,,,,,,
,,,,,,,
,,,,,,,
,,,,,,,
,,,,,,,
,,,,,,,
,,,,,,,
,,,,,,,
,,,,,,,
,,,,,,,
,,,,,,,
,,,,,,,
,,,,,,,
,,,,,,,
,,,,,,,
,,,,,,,
,,,,,,,
,,,,,,,
,,,,,,,
,,,,,,,
,,,,,,,
,,,,,,,
,,,,,,,
,,,,,,,
,,,,,,,
,,,,,,,
,,,,,,,
,,,,,,,
,,,,,,,
,,,,,,,
,,,,,,,
,,,,,,,
,,,,,,,
,,,,,,,
,,,,,,,
,,,,,,,
,,,,,,,
,,,,,,,
,,,,,,,
,,,,,,,
,,,,,,,
,,,,,,,
,,,,,,,
,,,,,,,
,,,,,,,#N/A
,,,,,,,#N/A
,,,,,,,#N/A
,,,,,,,#N/A
,,,,,,,#N/A
6623,Germany,2017,385 BHP @ 7500 RPM,1300Kg,3.8l flat 6,RWD,165
,,,,,,,#N/A
,,,,,,,#N/A
,,,,,,,#N/A
,,,,,,,#N/A
,,,,,,,#N/A
,,,,,,,#N/A
,,,,,,,#N/A
,,,,,,,#N/A
,,,,,,,#N/A
,,,,,,,#N/A
,,,,,,,#N/A
,,,,,,,#N/A
,,,,,,,#N/A
,,,,,,,#N/A
,,,,,,,#N/A
,,,,,,,#N/A
7396,Germany,1990,265,1158kg with driver,3.6L flat-6,RWD,205
,,,,,,,#N/A
,,,,,,,
7399,Germany,1992,735,1057kg (with driver),3.2L flat-6,RWD,30
,,,,,,,#N/A
7399,Germany,1992,735,1057kg (with driver),3.2L flat-6,RWD,30
7282,Germany,1976,485HP,1190kg with driver,3.0L flat-6,RWD,199
7282,Germany,1976,485HP,1190kg with driver,3.0L flat-6,RWD,199
7282,Germany,1976,485HP,1190kg with driver,3.0L flat-6,RWD,199
7282,Germany,1976,485HP,1190kg with driver,3.0L flat-6,RWD,199
7282,Germany,1976,485HP,1190kg with driver,3.0L flat-6,RWD,199
7282,Germany,1976,485HP,1190kg with driver,3.0L flat-6,RWD,199
7282,Germany,1976,485HP,1190kg with driver,3.0L flat-6,RWD,199
7282,Germany,1976,485HP,1190kg with driver,3.0L flat-6,RWD,199
7282,Germany,1976,485HP,1190kg with driver,3.0L flat-6,RWD,199
7282,Germany,1976,485HP,1190kg with driver,3.0L flat-6,RWD,199
7282,Germany,1976,485HP,1190kg with driver,3.0L flat-6,RWD,199
7282,Germany,1976,485HP,1190kg with driver,3.0L flat-6,RWD,199
7282,Germany,1976,485HP,1190kg with driver,3.0L flat-6,RWD,199
7282,Germany,1976,485HP,1190kg with driver,3.0L flat-6,RWD,199
7282,Germany,1976,485HP,1190kg with driver,3.0L flat-6,RWD,199
7282,Germany,1976,485HP,1190kg with driver,3.0L flat-6,RWD,199
7282,Germany,1976,485HP,1190kg with driver,3.0L flat-6,RWD,199
7282,Germany,1976,485HP,1190kg with driver,3.0L flat-6,RWD,199
7282,Germany,1976,485HP,1190kg with driver,3.0L flat-6,RWD,199
7282,Germany,1976,485HP,1190kg with driver,3.0L flat-6,RWD,199
7282,Germany,1976,485HP,1190kg with driver,3.0L flat-6,RWD,199
7282,Germany,1976,485HP,1190kg with driver,3.0L flat-6,RWD,199
7282,Germany,1976,485HP,1190kg with driver,3.0L flat-6,RWD,199
7282,Germany,1976,485HP,1190kg with driver,3.0L flat-6,RWD,199
7282,Germany,1976,485HP,1190kg with driver,3.0L flat-6,RWD,199
7282,Germany,1976,485HP,1190kg with driver,3.0L flat-6,RWD,199
7282,Germany,1976,485HP,1190kg with driver,3.0L flat-6,RWD,199
7282,Germany,1976,485HP,1190kg with driver,3.0L flat-6,RWD,199
7282,Germany,1976,485HP,1190kg with driver,3.0L flat-6,RWD,199
7282,Germany,1976,485HP,1190kg with driver,3.0L flat-6,RWD,199
7282,Germany,1976,485HP,1190kg with driver,3.0L flat-6,RWD,199
7282,Germany,1976,485HP,1190kg with driver,3.0L flat-6,RWD,199
7282,Germany,1976,485HP,1190kg with driver,3.0L flat-6,RWD,199
7282,Germany,1976,485HP,1190kg with driver,3.0L flat-6,RWD,199
7282,Germany,1976,485HP,1190kg with driver,3.0L flat-6,RWD,199
7282,Germany,1976,485HP,1190kg with driver,3.0L flat-6,RWD,199
7282,Germany,1976,485HP,1190kg with driver,3.0L flat-6,RWD,199
7396,Germany,1990,265,1158kg with driver,3.6L flat-6,RWD,205
7396,Germany,1990,265,1158kg with driver,3.6L flat-6,RWD,205
7396,Germany,1990,265,1158kg with driver,3.6L flat-6,RWD,205
7396,Germany,1990,265,1158kg with driver,3.6L flat-6,RWD,205
7396,Germany,1990,265,1158kg with driver,3.6L flat-6,RWD,205
7396,Germany,1990,265,1158kg with driver,3.6L flat-6,RWD,205
7396,Germany,1990,265,1158kg with driver,3.6L flat-6,RWD,205
7396,Germany,1990,265,1158kg with driver,3.6L flat-6,RWD,205
7396,Germany,1990,265,1158kg with driver,3.6L flat-6,RWD,205
7396,Germany,1990,265,1158kg with driver,3.6L flat-6,RWD,205
7396,Germany,1990,265,1158kg with driver,3.6L flat-6,RWD,205
7396,Germany,1990,265,1158kg with driver,3.6L flat-6,RWD,205
7396,Germany,1990,265,1158kg with driver,3.6L flat-6,RWD,205
7396,Germany,1990,265,1158kg with driver,3.6L flat-6,RWD,205
7396,Germany,1990,265,1158kg with driver,3.6L flat-6,RWD,205
7396,Germany,1990,265,1158kg with driver,3.6L flat-6,RWD,205
7396,Germany,1990,265,1158kg with driver,3.6L flat-6,RWD,205
7396,Germany,1990,265,1158kg with driver,3.6L flat-6,RWD,205
7396,Germany,1990,265,1158kg with driver,3.6L flat-6,RWD,205
7396,Germany,1990,265,1158kg with driver,3.6L flat-6,RWD,205
7396,Germany,1990,265,1158kg with driver,3.6L flat-6,RWD,205
7396,Germany,1990,265,1158kg with driver,3.6L flat-6,RWD,205
7396,Germany,1990,265,1158kg with driver,3.6L flat-6,RWD,205
7396,Germany,1990,265,1158kg with driver,3.6L flat-6,RWD,205
7396,Germany,1990,265,1158kg with driver,3.6L flat-6,RWD,205
7399,Germany,1992,735,1057kg (with driver),3.2L flat-6,RWD,30
7399,Germany,1992,735,1057kg (with driver),3.2L flat-6,RWD,30
7399,Germany,1992,735,1057kg (with driver),3.2L flat-6,RWD,30
7399,Germany,1992,735,1057kg (with driver),3.2L flat-6,RWD,30
,,,,,,,
,,,,,,,
,,,,,,,
,,,,,,,
,,,,,,,
,,,,,,,
,,,,,,,
,,,,,,,
,,,,,,,
,,,,,,,
,,,,,,,
,,,,,,,
,,,,,,,
,,,,,,,
,,,,,,,
,,,,,,,
,,,,,,,
,,,,,,,
,,,,,,,
,,,,,,,
,,,,,,,
,,,,,,,
,,,,,,,
,,,,,,,
,,,,,,,
,,,,,,,
,,,,,,,
,,,,,,,
,,,,,,,
,,,,,,,
,,,,,,,
,,,,,,,
,,,,,,,
,,,,,,,
,,,,,,,
,,,,,,,
,,,,,,,
,,,,,,,
,,,,,,,
,,,,,,,
,,,,,,,
,,,,,,,
,,,,,,,
,,,,,,,#N/A
,,,,,,,#N/A
,,,,,,,#N/A
,,,,,,,#N/A
,,,,,,,#N/A
,,,,,,,#N/A
,,,,,,,#N/A
,,,,,,,#N/A
,,,,,,,#N/A
,,,,,,,#N/A
,,,,,,,#N/A
,,,,,,,#N/A
,,,,,,,#N/A
,,,,,,,#N/A
,,,,,,,#N/A
,,,,,,,#N/A
,,,,,,,#N/A
,,,,,,,#N/A
,,,,,,,#N/A
,,,,,,,#N/A
,,,,,,,#N/A
,,,,,,,#N/A
,,,,,,,#N/A
,,,,,,,#N/A
,,,,,,,#N/A
,,,,,,,#N/A
,,,,,,,#N/A
,,,,,,,#N/A
,,,,,,,#N/A
,,,,,,,#N/A
7399,Germany,1992,735,1057kg (with driver),3.2L flat-6,RWD,30
7399,Germany,1992,735,1057kg (with driver),3.2L flat-6,RWD,30
,,,,,,,
,,,,,,,
,,,,,,,
,,,,,,,
,,,,,,,15
,,,,,,,
,,,,,,,
,,,,,,,
,,,,,,,
,,,,,,,
,,,,,,,
,,,,,,,15
,,,,,,,
,,,,,,,
,,,,,,,
,,,,,,,
,,,,,,,
,,,,,,,
,,,,,,,
,,,,,,,
,,,,,,,
,,,,,,,
,,,,,,,
,,,,,,,
,,,,,,,
,,,,,,,
,,,,,,,15
,,,,,,,15
,,,,,,,
,,,,,,,
,,,,,,,
,,,,,,,
,,,,,,,
,,,,,,,
,,,,,,,
,,,,,,,
,,,,,,,
,,,,,,,
,,,,,,,
,,,,,,,
,,,,,,,
,,,,,,,
,,,,,,,
,,,,,,,
,,,,,,,
,,,,,,,
,,,,,,,
,,,,,,,
,,,,,,,
,,,,,,,
,,,,,,,
,,,,,,,
,,,,,,,
,,,,,,,
,,,,,,,
,,,,,,,
,,,,,,,
,,,,,,,
,,,,,,,
,,,,,,,
,,,,,,,
,,,,,,,
,,,,,,,
,,,,,,,
,,,,,,,
,,,,,,,
,,,,,,,
,,,,,,,
,,,,,,,
,,,,,,,
,,,,,,,#N/A
,,,,,,,#N/A
,,,,,,,#N/A
,,,,,,,#N/A
,,,,,,,#N/A
,,,,,,,#N/A
,,,,,,,#N/A
,,,,,,,#N/A
,,,,,,,#N/A
,,,,,,,#N/A
,,,,,,,#N/A
,,,,,,,#N/A
,,,,,,,#N/A
,,,,,,,#N/A
,,,,,,,#N/A
7399,Germany,1992,735,1057kg (with driver),3.2L flat-6,RWD,30
7629,Germany,2016,590BHP,1395kg with driver,4.4L V8,RWD,80
7630,Germany,2015,570BHP,1340kg with driver,5.2L V10,RWD,80
,,,,,,,#N/A
,,,,,,,#N/A
,,,,,,,#N/A
,,,,,,,#N/A
,,,,,,,#N/A
,,,,,,,#N/A
,,,,,,,#N/A
,,,,,,,#N/A
,,,,,,,#N/A
7640,United States,2016,585BHP,1375kg with driver,6.2L V8,RWD,80
,,,,,,,#N/A
,,,,,,,#N/A
7643,Germany,2016,590 BHP,1390kg with driver,6.3L V8,RWD,80
,,,,,,,#N/A
,,,,,,,#N/A
,,,,,,,#N/A
7647,Germany,2017,555BHP,1305kg with driver,4.0L F6,RWD,80
,,,,,,,#N/A
,,,,,,,#N/A
,,,,,,,#N/A
,,,,,,,#N/A
7647,Germany,2017,555BHP,1305kg with driver,4.0L F6,RWD,80
7647,Germany,2017,555BHP,1305kg with driver,4.0L F6,RWD,80
7647,Germany,2017,555BHP,1305kg with driver,4.0L F6,RWD,80
7647,Germany,2017,555BHP,1305kg with driver,4.0L F6,RWD,80
7630,Germany,2015,570BHP,1340kg with driver,5.2L V10,RWD,80
7630,Germany,2015,570BHP,1340kg with driver,5.2L V10,RWD,80
7630,Germany,2015,570BHP,1340kg with driver,5.2L V10,RWD,80
7630,Germany,2015,570BHP,1340kg with driver,5.2L V10,RWD,80
7630,Germany,2015,570BHP,1340kg with driver,5.2L V10,RWD,80
7630,Germany,2015,570BHP,1340kg with driver,5.2L V10,RWD,80
7630,Germany,2015,570BHP,1340kg with driver,5.2L V10,RWD,80
7630,Germany,2015,570BHP,1340kg with driver,5.2L V10,RWD,80
7630,Germany,2015,570BHP,1340kg with driver,5.2L V10,RWD,80
7630,Germany,2015,570BHP,1340kg with driver,5.2L V10,RWD,80
7630,Germany,2015,570BHP,1340kg with driver,5.2L V10,RWD,80
7630,Germany,2015,570BHP,1340kg with driver,5.2L V10,RWD,80
7630,Germany,2015,570BHP,1340kg with driver,5.2L V10,RWD,80
7629,Germany,2016,590BHP,1395kg with driver,4.4L V8,RWD,80
7629,Germany,2016,590BHP,1395kg with driver,4.4L V8,RWD,80
7629,Germany,2016,590BHP,1395kg with driver,4.4L V8,RWD,80
,,,,,,,
7640,United States,2016,585BHP,1375kg with driver,6.2L V8,RWD,80
7640,United States,2016,585BHP,1375kg with driver,6.2L V8,RWD,80
7643,Germany,2016,590 BHP,1390kg with driver,6.3L V8,RWD,80
7643,Germany,2016,590 BHP,1390kg with driver,6.3L V8,RWD,80
7643,Germany,2016,590 BHP,1390kg with driver,6.3L V8,RWD,80
7643,Germany,2016,590 BHP,1390kg with driver,6.3L V8,RWD,80
7643,Germany,2016,590 BHP,1390kg with driver,6.3L V8,RWD,80
,,,,,,,
,,,,,,,
,,,,,,,
,,,,,,,
,,,,,,,
,,,,,,,
,,,,,,,
,,,,,,,
,,,,,,,
,,,,,,,
,,,,,,,
,,,,,,,
,,,,,,,
,,,,,,,
,,,,,,,
,,,,,,,
,,,,,,,
,,,,,,,
,,,,,,,
,,,,,,,
,,,,,,,
,,,,,,,
,,,,,,,
,,,,,,,
,,,,,,,
,,,,,,,
,,,,,,,
,,,,,,,
,,,,,,,
,,,,,,,
,,,,,,,
,,,,,,,
,,,,,,,
,,,,,,,
,,,,,,,
,,,,,,,
,,,,,,,
,,,,,,,
,,,,,,,
,,,,,,,
,,,,,,,
,,,,,,,
,,,,,,,
,,,,,,,
,,,,,,,
,,,,,,,
,,,,,,,
,,,,,,,
,,,,,,,
,,,,,,,
,,,,,,,
,,,,,,,
,,,,,,,
,,,,,,,
,,,,,,,
,,,,,,,
7629,Germany,2016,590BHP,1395kg with driver,4.4L V8,RWD,80
,,,,,,,
,,,,,,,
,,,,,,,
,,,,,,,
,,,,,,,
,,,,,,,
,,,,,,,
,,,,,,,
,,,,,,,
,,,,,,,
,,,,,,,
,,,,,,,
,,,,,,,
,,,,,,,
,,,,,,,#N/A
,,,,,,,
B Course,Germany,,36,"2,603",Europe,,TC
Motorcycle A Course,Germany,,36,"3,668",Europe,,TC
Motorcycle B Course,Germany,,36,"2,600",Europe,,TC
,,,,,,,
,,,,,,,
,,,,,,,5
,,,,,,,#N/A
,,,,,,,5
,,,,,,,#N/A
,,,,,,,#N/A
4114,Japan,1990,733,1033kg (with driver),V8,RWD,30
4114,Japan,1990,733,1033kg (with driver),V8,RWD,30
,,,,,,,2
,,,,,,,
,,,,,,,80
,,,,,,,
,,,,,,,
,,,,,,,
,,,,,,,
,,,,,,,
,,,,,,,
,,,,,,,
,,,,,,,
,,,,,,,
,,,,,,,
,,,,,,,#N/A
,,,,,,,
,,,,,,,
,,,,,,,
,,,,,,,
,,,,,,,15
,,,,,,,15
,,,,,,,
,,,,,,,
,,,,,,,
,,,,,,,
,,,,,,,
,,,,,,,
,,,,,,,
,,,,,,,
,,,,,,,
,,,,,,,
,,,,,,,
,,,,,,,
,,,,,,,
,,,,,,,
,,,,,,,
,,,,,,,
,,,,,,,
,,,,,,,
,,,,,,,
,,,,,,,
7805,Germany,1979,465bhp,1235kg,3.5L straight-6,RWD,199
,,,,,,,#N/A
7805,Germany,1979,465bhp,1235kg,3.5L straight-6,RWD,199
,,,,,,,
,,,,,,,
7810,,,,,,,2
,,,,,,,#N/A
7810,,,,,,,2
,,,,,,,
,,,,,,,
,,,,,,,
,,,,,,,
,,,,,,,
,,,,,,,#N/A
Gesamtstrecke,Germany,,40,"4,274",Europe,,TC
4675,Germany,2017,485 bhp @ 7500rpm,1205 kg,4.0l Flat-6,RWD,105
7399,Germany,1992,735,1057kg (with driver),3.2L flat-6,RWD,30
,,,,,,,
7810,,,,,,,2
,,,,,,,
,Russia,2015,380,1100,Inline-4,FWD,130
,Russia,2015,380,1100,Inline-4,FWD,130
,Russia,2015,380,1100,Inline-4,FWD,130
,Russia,2015,380,1100,Inline-4,FWD,130
,Russia,2015,380,1100,Inline-4,FWD,130
,Russia,2015,380,1100,Inline-4,FWD,130
,Russia,2015,380,1100,Inline-4,FWD,130
,,,,,,,
,,,,,,,#N/A
,,,,,,,#N/A
,,,,,,,#N/A
,,,,,,,#N/A
,,,,,,,
,,,,,,,
,,,,,,,
,,,,,,,
,,,,,,,
,,,,,,,
,,,,,,,
,,,,,,,160
7845,Italy,2019,340,1305 Kg with  Driver,"1,75L In-Line 4",FWD,160
,,,,,,,#N/A
7847,Germany,2019,340 bhp,1315kg with driver,2.0L in-line 4,FWD,160
,,,,,,,#N/A
,,,,,,,#N/A
7850,Spain,2019,340 BHP,1305kg with driver,2.0L in-line 4,FWD,160
,,,,,,,#N/A
,,,,,,,#N/A
7853,Japan,2019,340 BHP,1325 kg,2.0L in-line 4,FWD,160
,,,,,,,#N/A
,,,,,,,#N/A
7856,Südkorea,2019,340 bhp,1325 kg,2.0L in-line 4,FWD,160
,,,,,,,#N/A
,,,,,,,#N/A
7859,Germany,2019,340 bhp,1315kg with driver,2.0L in-line 4,FWD,160
,,,,,,,#N/A
,,,,,,,#N/A
7847,Germany,2019,340 bhp,1315kg with driver,2.0L in-line 4,FWD,160
,,,,,,,
7850,Spain,2019,340 BHP,1305kg with driver,2.0L in-line 4,FWD,160
7853,Japan,2019,340 BHP,1325 kg,2.0L in-line 4,FWD,160
7856,Südkorea,2019,340 bhp,1325 kg,2.0L in-line 4,FWD,160
,,,,,,,
7847,Germany,2019,340 bhp,1315kg with driver,2.0L in-line 4,FWD,160
7847,Germany,2019,340 bhp,1315kg with driver,2.0L in-line 4,FWD,160
7847,Germany,2019,340 bhp,1315kg with driver,2.0L in-line 4,FWD,160
7850,Spain,2019,340 BHP,1305kg with driver,2.0L in-line 4,FWD,160
7850,Spain,2019,340 BHP,1305kg with driver,2.0L in-line 4,FWD,160
7850,Spain,2019,340 BHP,1305kg with driver,2.0L in-line 4,FWD,160
7853,Japan,2019,340 BHP,1325 kg,2.0L in-line 4,FWD,160
7853,Japan,2019,340 BHP,1325 kg,2.0L in-line 4,FWD,160
7853,Japan,2019,340 BHP,1325 kg,2.0L in-line 4,FWD,160
7859,Germany,2019,340 bhp,1315kg with driver,2.0L in-line 4,FWD,160
7859,Germany,2019,340 bhp,1315kg with driver,2.0L in-line 4,FWD,160
7859,Germany,2019,340 bhp,1315kg with driver,2.0L in-line 4,FWD,160
7859,Germany,2019,340 bhp,1315kg with driver,2.0L in-line 4,FWD,160
7805,Germany,1980,465bhp,1235kg,3.5L straight-6,RWD,199
,,,,,,,
,,,,,,,#N/A
,,,,,,,#N/A
,,,,,,,#N/A
,,,,,,,15
,,,,,,,
,,,,,,,15
,,,,,,,
,,,,,,,15
,,,,,,,15
,,,,,,,15
,,,,,,,15
,,,,,,,15
,,,,,,,15
,,,,,,,15
,,,,,,,15
,,,,,,,15
,,,,,,,15
,,,,,,,
,,,,,,,
,,,,,,,#N/A
,,,,,,,#N/A
,,,,,,,15
,,,,,,,15
,,,,,,,15
,,,,,,,15
,,,,,,,15
,,,,,,,15
,,,,,,,15
,,,,,,,15
,,,,,,,
,,,,,,,15
,,,,,,,15
,,,,,,,#N/A
,,,,,,,
,,,,,,,15
,,,,,,,15
,,,,,,,15
,,,,,,,15
,,,,,,,15
,,,,,,,#N/A
,,,,,,,#N/A
,,,,,,,
,,,,,,,#N/A
7926,China,2019,340BHP,1355kg with driver,2.0L in-line 4,FWD,160
,,,,,,,#N/A
,,,,,,,
,,,,,,,#N/A
7926,China,2019,340BHP,1355kg with driver,2.0L in-line 4,FWD,160
,,,,,,,
,,,,,,,
,,,,,,,
,,,,,,,
,,,,,,,
,,,,,,,
,,,,,,,
,,,,,,,
,,,,,,,
,,,,,,,
,,,,,,,
,,,,,,,
,,,,,,,
,,,,,,,
,,,,,,,
,,,,,,,
,,,,,,,
,,,,,,,
,,,,,,,
,,,,,,,
,,,,,,,
,,,,,,,
,,,,,,,
,,,,,,,
,,,,,,,
,,,,,,,
,,,,,,,
,,,,,,,
,,,,,,,
,,,,,,,
,,,,,,,
7856,Südkorea,2019,340 bhp,1325 kg,2.0L in-line 4,FWD,160
7856,Südkorea,2019,340 bhp,1325 kg,2.0L in-line 4,FWD,160
7856,Südkorea,2019,340 bhp,1325 kg,2.0L in-line 4,FWD,160
,,,,,,,#N/A
7926,China,2019,340BHP,1355kg with driver,2.0L in-line 4,FWD,160
,,,,,,,
7926,China,2019,340BHP,1355kg with driver,2.0L in-line 4,FWD,160
7926,China,2019,340BHP,1355kg with driver,2.0L in-line 4,FWD,160
7845,Italy,2019,340,1305 Kg with  Driver,"1,75L In-Line 4",FWD,160
7845,Italy,2019,340,1305 Kg with  Driver,"1,75L In-Line 4",FWD,160
,,,,,,,#N/A
,,,,,,,
,,,,,,,
,,,,,,,
Club Circuit,United Arab Emirates,,36,"2,460",Asia,,TC
National Circuit,United Arab Emirates,,36,"3,560",Asia,,TC
International Circuit,United Arab Emirates,,36,"4,290",Asia,,TC
6623,Germany,2017,385 BHP @ 7500 RPM,1300Kg,3.8l flat 6,RWD,165
6623,Germany,2017,385 BHP @ 7500 RPM,1300Kg,3.8l flat 6,RWD,165
,,,,,,,#N/A
,,,,,,,110
7983,Germany,2017,485 BHP @ 7500rpm,1205 Kg,4.0l flat-6,RWD,110
,,,,,,,#N/A
7983,Germany,2017,485 BHP @ 7500rpm,1205 Kg,4.0l flat-6,RWD,110
7983,Germany,2017,485 BHP @ 7500rpm,1205 Kg,4.0l flat-6,RWD,110
7983,Germany,2017,485 BHP @ 7500rpm,1205 Kg,4.0l flat-6,RWD,110
7983,Germany,2017,485 BHP @ 7500rpm,1205 Kg,4.0l flat-6,RWD,110
7983,Germany,2017,485 BHP @ 7500rpm,1205 Kg,4.0l flat-6,RWD,110
7983,Germany,2017,485 BHP @ 7500rpm,1205 Kg,4.0l flat-6,RWD,110
7983,Germany,2017,485 BHP @ 7500rpm,1205 Kg,4.0l flat-6,RWD,110
7983,Germany,2017,485 BHP @ 7500rpm,1205 Kg,4.0l flat-6,RWD,110
7983,Germany,2017,485 BHP @ 7500rpm,1205 Kg,4.0l flat-6,RWD,110
7983,Germany,2017,485 BHP @ 7500rpm,1205 Kg,4.0l flat-6,RWD,110
7983,Germany,2017,485 BHP @ 7500rpm,1205 Kg,4.0l flat-6,RWD,110
7983,Germany,2017,485 BHP @ 7500rpm,1205 Kg,4.0l flat-6,RWD,110
7983,Germany,2017,485 BHP @ 7500rpm,1205 Kg,4.0l flat-6,RWD,110
7983,Germany,2017,485 BHP @ 7500rpm,1205 Kg,4.0l flat-6,RWD,110
7983,Germany,2017,485 BHP @ 7500rpm,1205 Kg,4.0l flat-6,RWD,110
7983,Germany,2017,485 BHP @ 7500rpm,1205 Kg,4.0l flat-6,RWD,110
7983,Germany,2017,485 BHP @ 7500rpm,1205 Kg,4.0l flat-6,RWD,110
7983,Germany,2017,485 BHP @ 7500rpm,1205 Kg,4.0l flat-6,RWD,110
7983,Germany,2017,485 BHP @ 7500rpm,1205 Kg,4.0l flat-6,RWD,110
7983,Germany,2017,485 BHP @ 7500rpm,1205 Kg,4.0l flat-6,RWD,110
7983,Germany,2017,485 BHP @ 7500rpm,1205 Kg,4.0l flat-6,RWD,110
8006,Spain,2019,340 BHP,1305kg with driver,2.0L in-line 4,FWD,130
,,,,,,,#N/A
8006,Spain,2019,340 BHP,1305kg with driver,2.0L in-line 4,FWD,130
,,,,,,,#N/A
,,,,,,,#N/A
,,,,,,,#N/A
,,,,,,,#N/A
,,,,,,,#N/A
,,,,,,,#N/A
,,,,,,,#N/A
,,,,,,,#N/A
,,,,,,,#N/A
,,,,,,,#N/A
,,,,,,,#N/A
,,,,,,,#N/A
,,,,,,,
,,,,,,,
,,,,,,,
,,,,,,,
,,,,,,,
,,,,,,,
,,,,,,,
,,,,,,,
,,,,,,,
,,,,,,,
,,,,,,,
,,,,,,,
,,,,,,,
,,,,,,,
,,,,,,,
,,,,,,,
,,,,,,,
,,,,,,,
,,,,,,,
,,,,,,,
,,,,,,,
,,,,,,,
,,,,,,,
,,,,,,,
,,,,,,,
,,,,,,,
,,,,,,,
,,,,,,,
,,,,,,,
,,,,,,,
,,,,,,,
8006,Spain,2019,340 BHP,1305kg with driver,2.0L in-line 4,FWD,160
8053,Germany,2017,430BHP,1570kg with driver,3.0L straight-6,RWD,165
,,,,,,,#N/A
8053,Germany,2017,430BHP,1570kg with driver,3.0L straight-6,RWD,165
8053,Germany,2017,430BHP,1570kg with driver,3.0L straight-6,RWD,165
,,,,,,,#N/A
,,,,,,,#N/A
7983,Germany,2017,485 BHP @ 7500rpm,1205 Kg,4.0l flat-6,RWD,110
7983,Germany,2017,485 BHP @ 7500rpm,1205 Kg,4.0l flat-6,RWD,110
7983,Germany,2017,485 BHP @ 7500rpm,1205 Kg,4.0l flat-6,RWD,110
7983,Germany,2017,485 BHP @ 7500rpm,1205 Kg,4.0l flat-6,RWD,110
7983,Germany,2017,485 BHP @ 7500rpm,1205 Kg,4.0l flat-6,RWD,110
7983,Germany,2017,485 BHP @ 7500rpm,1205 Kg,4.0l flat-6,RWD,110
7983,Germany,2017,485 BHP @ 7500rpm,1205 Kg,4.0l flat-6,RWD,110
7983,Germany,2017,485 BHP @ 7500rpm,1205 Kg,4.0l flat-6,RWD,110
,,,,,,,
,,,,,,,
Gesamtstrecke Schikane,Germany,,40,"4,300",Europe,,TC
Ostschleife,Germany,,32,"2,400",Europe,,TC
Ostschleife Schikane,Germany,,32,"2,425",Europe,,TC
7983,Germany,2017,485 BHP @ 7500rpm,1205 Kg,4.0l flat-6,RWD,110
7983,Germany,2017,485 BHP @ 7500rpm,1205 Kg,4.0l flat-6,RWD,110
,,,,,,,#N/A
Grand Prix,China,,30,"3,200",Asia,,TC
8006,Spain,2019,340 BHP,1305kg with driver,2.0L in-line 4,FWD,160
,,,,,,,
,,,,,,,
,,,,,,,
,,,,,,,
,,,,,,,
,,,,,,,
,,,,,,,
8084,Germany,2019,340 bhp,1315kg with driver,2.0L in-line 4,FWD,160
,,,,,,,
,,,,,,,
,,,,,,,
,,,,,,,
,,,,,,,
,,,,,,,
,,,,,,,
,,,,,,,
,,,,,,,
,,,,,,,
Westschleife,Germany,,24,"1,845",Europe,,TC
,,,,,,,
,,,,,,,
,,,,,,,
,,,,,,,
,,,,,,,
,,,,,,,
,,,,,,,
,,,,,,,
,,,,,,,
,,,,,,,
,,,,,,,
,,,,,,,
,,,,,,,
,,,,,,,
,,,,,,,
,,,,,,,
8084,Germany,2019,340 bhp,1315kg with driver,2.0L in-line 4,FWD,160
8084,Germany,2019,340 bhp,1315kg with driver,2.0L in-line 4,FWD,160
,,,,,,,
8115,Germany,2009,570 BHP,895,"3,4L V8",RWD,55
,,,,,,,#N/A
8115,Germany,2009,570 BHP,895,"3,4L V8",RWD,55
8006,Spain,2019,340 BHP,1305kg with driver,2.0L in-line 4,FWD,160
8006,Spain,2019,340 BHP,1305kg with driver,2.0L in-line 4,FWD,160
8006,Spain,2019,340 BHP,1305kg with driver,2.0L in-line 4,FWD,160
8006,Spain,2019,340 BHP,1305kg with driver,2.0L in-line 4,FWD,160
8006,Spain,2019,340 BHP,1305kg with driver,2.0L in-line 4,FWD,160
8006,Spain,2019,340 BHP,1305kg with driver,2.0L in-line 4,FWD,160
8006,Spain,2019,340 BHP,1305kg with driver,2.0L in-line 4,FWD,160
8006,Spain,2019,340 BHP,1305kg with driver,2.0L in-line 4,FWD,160
8006,Spain,2019,340 BHP,1305kg with driver,2.0L in-line 4,FWD,160
8006,Spain,2019,340 BHP,1305kg with driver,2.0L in-line 4,FWD,160
8006,Spain,2019,340 BHP,1305kg with driver,2.0L in-line 4,FWD,160
8006,Spain,2019,340 BHP,1305kg with driver,2.0L in-line 4,FWD,160
8006,Spain,2019,340 BHP,1305kg with driver,2.0L in-line 4,FWD,160
8006,Spain,2019,340 BHP,1305kg with driver,2.0L in-line 4,FWD,160
8006,Spain,2019,340 BHP,1305kg with driver,2.0L in-line 4,FWD,160
8006,Spain,2019,340 BHP,1305kg with driver,2.0L in-line 4,FWD,160
8006,Spain,2019,340 BHP,1305kg with driver,2.0L in-line 4,FWD,160
8006,Spain,2019,340 BHP,1305kg with driver,2.0L in-line 4,FWD,160
8006,Spain,2019,340 BHP,1305kg with driver,2.0L in-line 4,FWD,160
8006,Spain,2019,340 BHP,1305kg with driver,2.0L in-line 4,FWD,160
8006,Spain,2019,340 BHP,1305kg with driver,2.0L in-line 4,FWD,160
8006,Spain,2019,340 BHP,1305kg with driver,2.0L in-line 4,FWD,160
,,,,,,,
,,,,,,,
,,,,,,,
,,,,,,,
,,,,,,,
,,,,,,,
7805,Germany,,465bhp,1235kg,3.5L straight-6,RWD,199
7805,Germany,1981,465bhp,1235kg,3.5L straight-6,RWD,199
8053,Germany,2017,430BHP,1570kg with driver,3.0L straight-6,RWD,165
8149,Germany,2018,339BHP,1315 with Driver,2.0L Inline 4,FWD,160
,,,,,,,#N/A
,,,,,,,
7805,Germany,,465bhp,1235kg,3.5L straight-6,RWD,199
8149,Germany,2018,339BHP,1315 with Driver,2.0L Inline 6,FWD,160
8149,Germany,2018,339BHP,1315 with Driver,2.0L Inline 8,FWD,160
,,,,,,,#N/A
,,,,,,,
,,,,,,,
,,,,,,,
7805,Germany,1982,465bhp,1235kg,3.5L straight-6,RWD,199
7805,Germany,,465bhp,1235kg,3.5L straight-6,RWD,199
7805,Germany,1983,465bhp,1235kg,3.5L straight-6,RWD,199
,,,,,,,
,,,,,,,
,,,,,,,
,,,,,,,110
8166,Germany,2017,485 BHP @ 7500rpm,1205 Kg,4.0l flat-6,RWD,110
,,,,,,,#N/A
8166,Germany,2017,485 BHP @ 7500rpm,1205 Kg,4.0l flat-6,RWD,110
8166,Germany,2017,485 BHP @ 7500rpm,1205 Kg,4.0l flat-6,RWD,110
8166,Germany,2017,485 BHP @ 7500rpm,1205 Kg,4.0l flat-6,RWD,110
8166,Germany,2017,485 BHP @ 7500rpm,1205 Kg,4.0l flat-6,RWD,110
8166,Germany,2017,485 BHP @ 7500rpm,1205 Kg,4.0l flat-6,RWD,110
,,,,,,,
,,,,,,,
,,,,,,,
,,,,,,,
,,,,,,,
,,,,,,,#N/A
,,,,,,,#N/A
,,,,,,,#N/A
,,,,,,,#N/A
,,,,,,,
8166,Germany,2017,485 BHP @ 7500rpm,1205 Kg,4.0l flat-6,RWD,110
,,,,,,,#N/A
8166,Germany,2017,485 BHP @ 7500rpm,1205 Kg,4.0l flat-6,RWD,110
,,,,,,,
8166,Germany,2017,485 BHP @ 7500rpm,1205 Kg,4.0l flat-6,RWD,110
,,,,,,,#N/A
,,,,,,,
,,,,,,,110
5818,Germany,2016,590BHP,1395kg with driver,4.4L V8,RWD,80
,,,,,,,
,,,,,,,#N/A
,,,,,,,
,,,,,,,
6057,Germany,2015,570BHP,1340kg with driver,5.2L V10,RWD,80
,,,,,,,
,,,,,,,
,,,,,,,#N/A
,,,,,,,
8201,Germany,2019,420 BHP,1435kg with driver,3.8l flat 6,RWD,165
,,,,,,,#N/A
,,,,,,,
8201,Germany,2019,420 BHP,1435kg with driver,3.8l flat 6,RWD,165
8053,Germany,2017,430BHP,1570kg with driver,3.0L straight-6,RWD,165
8053,Germany,2017,430BHP,1570kg with driver,3.0L straight-6,RWD,165
,,,,,,,#N/A
,,,,,,,#N/A
,,,,,,,#N/A
,,,,,,,#N/A
,,,,,,,#N/A
,,,,,,,#N/A
8053,Germany,2017,430BHP,1570kg with driver,3.0L straight-6,RWD,165
8053,Germany,2017,430BHP,1570kg with driver,3.0L straight-6,RWD,165
,,,,,,,#N/A
,,,,,,,#N/A
,,,,,,,#N/A
,,,,,,,#N/A
,,,,,,,#N/A
,,,,,,,#N/A
,,,,,,,#N/A
,,,,,,,#N/A
,,,,,,,#N/A
,,,,,,,#N/A
,,,,,,,#N/A
8053,Germany,2017,430BHP,1570kg with driver,3.0L straight-6,RWD,165
8053,Germany,2017,430BHP,1570kg with driver,3.0L straight-6,RWD,165
8053,Germany,2017,430BHP,1570kg with driver,3.0L straight-6,RWD,165
8053,Germany,2017,430BHP,1570kg with driver,3.0L straight-6,RWD,165
8053,Germany,2017,430BHP,1570kg with driver,3.0L straight-6,RWD,165
8053,Germany,2017,430BHP,1570kg with driver,3.0L straight-6,RWD,165
8053,Germany,2017,430BHP,1570kg with driver,3.0L straight-6,RWD,165
8053,Germany,2017,430BHP,1570kg with driver,3.0L straight-6,RWD,165
8053,Germany,2017,430BHP,1570kg with driver,3.0L straight-6,RWD,165
8053,Germany,2017,430BHP,1570kg with driver,3.0L straight-6,RWD,165
8053,Germany,2017,430BHP,1570kg with driver,3.0L straight-6,RWD,165
8053,Germany,2017,430BHP,1570kg with driver,3.0L straight-6,RWD,165
8053,Germany,2017,430BHP,1570kg with driver,3.0L straight-6,RWD,165
8053,Germany,2017,430BHP,1570kg with driver,3.0L straight-6,RWD,165
,,,,,,,
8053,Germany,2017,430BHP,1570kg with driver,3.0L straight-6,RWD,165
8242,Germany,2019,700BHP,1475kg with driver,3.8L Flat-6,RWD,85
,,,,,,,#N/A
8242,Germany,2019,700BHP,1475kg with driver,3.8L Flat-6,RWD,85
8053,Germany,2017,430BHP,1570kg with driver,3.0L straight-6,RWD,165
8166,Germany,2017,485 BHP @ 7500rpm,1205 Kg,4.0l flat-6,RWD,110
8053,Germany,2017,430BHP,1570kg with driver,3.0L straight-6,RWD,165
,,,,,,,85
,,,,,,,
,,,,,,,
,,,,,,,
8166,Germany,2017,485 BHP @ 7500rpm,1205 Kg,4.0l flat-6,RWD,110
,,,,,,,
,,,,,,,
,,,,,,,
8166,Germany,2017,485 BHP @ 7500rpm,1205 Kg,4.0l flat-6,RWD,110
8257,Germany,2019,570BHP,1345kg with driver,4.0L Flat-6,RWD,80
,,,,,,,#N/A
,,,,,,,
8257,Germany,2019,570BHP,1345kg with driver,4.0L Flat-6,RWD,80
8242,Germany,2019,700BHP,1475kg with driver,3.8L Flat-6,RWD,85
8257,Germany,2019,570BHP,1345kg with driver,4.0L Flat-6,RWD,80
8166,Germany,2017,485 BHP @ 7500rpm,1205 Kg,4.0l flat-6,RWD,110
,,,,,,,
,,,,,,,
,,,,,,,#N/A
,,,,,,,#N/A
,,,,,,,#N/A
,,,,,,,#N/A
,,,,,,,#N/A
,,,,,,,#N/A
,,,,,,,#N/A
,,,,,,,#N/A
,,,,,,,#N/A
,,,,,,,#N/A
,,,,,,,#N/A
,,,,,,,#N/A
,,,,,,,#N/A
,,,,,,,#N/A
,,,,,,,#N/A
8201,Germany,2019,420 BHP,1435kg with driver,3.8l flat 6,RWD,165
,,,,,,,#N/A
,,,,,,,#N/A
,,,,,,,#N/A
,,,,,,,#N/A
,,,,,,,#N/A
8201,Germany,2019,420 BHP,1435kg with driver,3.8l flat 6,RWD,165
8201,Germany,2019,420 BHP,1435kg with driver,3.8l flat 6,RWD,165
8201,Germany,2019,420 BHP,1435kg with driver,3.8l flat 6,RWD,165
8201,Germany,2019,420 BHP,1435kg with driver,3.8l flat 6,RWD,165
8201,Germany,2019,420 BHP,1435kg with driver,3.8l flat 6,RWD,165
8201,Germany,2019,420 BHP,1435kg with driver,3.8l flat 6,RWD,165
8201,Germany,2019,420 BHP,1435kg with driver,3.8l flat 6,RWD,165
,,,,,,,
,,,,,,,
,,,,,,,
,,,,,,,
,,,,,,,
,,,,,,,
,,,,,,,
,,,,,,,
,,,,,,,
,,,,,,,
,,,,,,,
,,,,,,,
,,,,,,,
,,,,,,,
,,,,,,,
Full circuit no chicane,China,,32,"3,962",Asia,,TC
Intermediate circuit,China,,32,"3,537",Asia,,TC
Intermediate circuit no chicane,China,,32,"3,500",Asia,,TC
,,,,,,,
,,,,,,,
Short circuit,China,,32,"1,862",Asia,,#N/A
8201,Germany,2019,420 BHP,1435kg with driver,3.8l flat 6,RWD,165
,,,,,,,#N/A
8257,Germany,2019,570BHP,1345kg with driver,4.0L Flat-6,RWD,80
8257,Germany,2019,570BHP,1345kg with driver,4.0L Flat-6,RWD,80
8257,Germany,2019,570BHP,1345kg with driver,4.0L Flat-6,RWD,80
8053,Germany,2017,430BHP,1570kg with driver,3.0L straight-6,RWD,165
,,,,,,,
8257,Germany,2019,570BHP,1345kg with driver,4.0L Flat-6,RWD,80
8257,Germany,2019,570BHP,1345kg with driver,4.0L Flat-6,RWD,80
8257,Germany,2019,570BHP,1345kg with driver,4.0L Flat-6,RWD,80
,,,,,,,
,,,,,,,
East circuit,China,,30,"1,540",Asia,,TC
,,,,,,,
,,,,,,,
,,,,,,,
8257,Germany,2019,570BHP,1345kg with driver,4.0L Flat-6,RWD,80
8257,Germany,2019,570BHP,1345kg with driver,4.0L Flat-6,RWD,80
8257,Germany,2019,570BHP,1345kg with driver,4.0L Flat-6,RWD,80
8257,Germany,2019,570BHP,1345kg with driver,4.0L Flat-6,RWD,80
8257,Germany,2019,570BHP,1345kg with driver,4.0L Flat-6,RWD,80
8257,Germany,2019,570BHP,1345kg with driver,4.0L Flat-6,RWD,80
,,,,,,,
,,,,,,,
,,,,,,,
,,,,,,,
,,,,,,,
,,,,,,,
,,,,,,,
,,,,,,,
,,,,,,,
,,,,,,,
,,,,,,,
,,,,,,,
,,,,,,,
,,,,,,,
,,,,,,,
,,,,,,,
,,,,,,,
,,,,,,,
,,,,,,,
,,,,,,,
,,,,,,,
,,,,,,,#N/A
,,,,,,,
,,,,,,,
,,,,,,,#N/A
,,,,,,,
,,,,,,,#N/A
8257,Germany,2019,570BHP,1345kg with driver,4.0L Flat-6,RWD,80
8257,Germany,2019,570BHP,1345kg with driver,4.0L Flat-6,RWD,80
,,,,,,,#N/A
Road Course,US,,80,"5,729",America,,TC
8242,Germany,2019,700BHP,1475kg with driver,3.8L Flat-6,RWD,85
8242,Germany,2019,700BHP,1475kg with driver,3.8L Flat-6,RWD,85
8242,Germany,2019,700BHP,1475kg with driver,3.8L Flat-6,RWD,85
8242,Germany,2019,700BHP,1475kg with driver,3.8L Flat-6,RWD,85
8242,Germany,2019,700BHP,1475kg with driver,3.8L Flat-6,RWD,85
8242,Germany,2019,700BHP,1475kg with driver,3.8L Flat-6,RWD,85
8242,Germany,2019,700BHP,1475kg with driver,3.8L Flat-6,RWD,85
8242,Germany,2019,700BHP,1475kg with driver,3.8L Flat-6,RWD,85
8257,Germany,2019,570BHP,1345kg with driver,4.0L Flat-6,RWD,80
8257,Germany,2019,570BHP,1345kg with driver,4.0L Flat-6,RWD,80
,,,,,,,#N/A
,,,,,,,#N/A
,,,,,,,#N/A
,,,,,,,#N/A
,,,,,,,#N/A
,,,,,,,#N/A
,,,,,,,#N/A
,,,,,,,#N/A
,,,,,,,#N/A
,,,,,,,#N/A
,,,,,,,#N/A
,,,,,,,#N/A
,,,,,,,#N/A
,,,,,,,#N/A
,,,,,,,#N/A
8257,Germany,2019,570BHP,1345kg with driver,4.0L Flat-6,RWD,80
8257,Germany,2019,570BHP,1345kg with driver,4.0L Flat-6,RWD,80
8257,Germany,2019,570BHP,1345kg with driver,4.0L Flat-6,RWD,80
8257,Germany,2019,570BHP,1345kg with driver,4.0L Flat-6,RWD,80
8257,Germany,2019,570BHP,1345kg with driver,4.0L Flat-6,RWD,80
8257,Germany,2019,570BHP,1345kg with driver,4.0L Flat-6,RWD,80
8257,Germany,2019,570BHP,1345kg with driver,4.0L Flat-6,RWD,80
8257,Germany,2019,570BHP,1345kg with driver,4.0L Flat-6,RWD,80
,,,,,,,
,,,,,,,
,,,,,,,
8242,Germany,2019,700BHP,1475kg with driver,3.8L Flat-6,RWD,85
,,,,,,,
,,,,,,,
,,,,,,,
,,,,,,,
,,,,,,,
,,,,,,,
,,,,,,,
,,,,,,,
,,,,,,,
,,,,,,,
,,,,,,,
,,,,,,,
,,,,,,,
,,,,,,,
,,,,,,,
,,,,,,,#N/A
,,,,,,,
,,,,,,,#N/A
,,,,,,,#N/A
,,,,,,,#N/A
,,,,,,,#N/A
,,,,,,,#N/A
,,,,,,,#N/A
,,,,,,,#N/A
,,,,,,,#N/A
,,,,,,,#N/A
,,,,,,,
,,,,,,,
,,,,,,,
,,,,,,,
,,,,,,,
,,,,,,,
,,,,,,,#N/A
,,,,,,,
,,,,,,,
,,,,,,,
,,,,,,,
,,,,,,,
,,,,,,,
,,,,,,,
,,,,,,,#N/A
,,,,,,,
,,,,,,,
8242,Germany,2019,700BHP,1475kg with driver,3.8L Flat-6,RWD,85
8242,Germany,2019,700BHP,1475kg with driver,3.8L Flat-6,RWD,85
8242,Germany,2019,700BHP,1475kg with driver,3.8L Flat-6,RWD,85
8242,Germany,2019,700BHP,1475kg with driver,3.8L Flat-6,RWD,85
,,,,,,,
,,,,,,,
,,,,,,,
,,,,,,,
,,,,,,,
,,,,,,,
,,,,,,,
,,,,,,,
,,,,,,,
,,,,,,,
,,,,,,,
,,,,,,,
,,,,,,,
,,,,,,,
,,,,,,,
8467,Japan,2014,380,1100,Inline-4,FWD,130
,,,,,,,#N/A
,,,,,,,
8467,Japan,2014,380,1100,Inline-4,FWD,130
8242,Germany,2019,700BHP,1475kg with driver,3.8L Flat-6,RWD,85
,,,,,,,#N/A
5818,Germany,2016,590BHP,1395kg with driver,4.4L V8,RWD,80
,,,,,,,
,,,,,,,
8166,Germany,2017,485 BHP @ 7500rpm,1205 Kg,4.0l flat-6,RWD,110
8166,Germany,2017,485 BHP @ 7500rpm,1205 Kg,4.0l flat-6,RWD,110
,,,,,,,
,,,,,,,
,,,,,,,
,,,,,,,
,,,,,,,
,,,,,,,212
,,,,,,,
,,,,,,,
,,,,,,,
8487,Germany,2019,610 BHP,1335kg with driver,F6,RWD,66
,,,,,,,#N/A
8487,Germany,2019,610 BHP,1335kg with driver,F6,RWD,66
,,,,,,,
,,,,,,,
,,,,,,,
,,,,,,,
8166,Germany,2017,485 BHP @ 7500rpm,1205 Kg,4.0l flat-6,RWD,110
8166,Germany,2017,485 BHP @ 7500rpm,1205 Kg,4.0l flat-6,RWD,110
,,,,,,,
8166,Germany,2017,485 BHP @ 7500rpm,1205 Kg,4.0l flat-6,RWD,110
8498,Germany,1976,176hp,855kg with driver,1.6L in-line 4,FWD,212
,,,,,,,#N/A
,,,,,,,
,,,,,,,
,,,,,,,#N/A
,,,,,,,#N/A
,,,,,,,#N/A
6057,Germany,2015,570BHP,1340kg with driver,5.2L V10,RWD,80
6057,Germany,2015,570BHP,1340kg with driver,5.2L V10,RWD,80
6057,Germany,2015,570BHP,1340kg with driver,5.2L V10,RWD,80
6057,Germany,2015,570BHP,1340kg with driver,5.2L V10,RWD,80
6057,Germany,2015,570BHP,1340kg with driver,5.2L V10,RWD,80
6057,Germany,2015,570BHP,1340kg with driver,5.2L V10,RWD,80
6057,Germany,2015,570BHP,1340kg with driver,5.2L V10,RWD,80
6057,Germany,2015,570BHP,1340kg with driver,5.2L V10,RWD,80
6057,Germany,2015,570BHP,1340kg with driver,5.2L V10,RWD,80
6057,Germany,2015,570BHP,1340kg with driver,5.2L V10,RWD,80
6057,Germany,2015,570BHP,1340kg with driver,5.2L V10,RWD,80
6057,Germany,2015,570BHP,1340kg with driver,5.2L V10,RWD,80
6057,Germany,2015,570BHP,1340kg with driver,5.2L V10,RWD,80
8498,Germany,1976,176hp,855kg with driver,1.6L in-line 4,FWD,212
8498,Germany,1976,176hp,855kg with driver,1.6L in-line 4,FWD,212
,,,,,,,#N/A
,,,,,,,#N/A
,,,,,,,#N/A
,,,,,,,#N/A
,,,,,,,#N/A
,,,,,,,#N/A
,,,,,,,#N/A
,,,,,,,#N/A
,,,,,,,#N/A
,,,,,,,#N/A
,,,,,,,#N/A
,,,,,,,#N/A
,,,,,,,#N/A
,,,,,,,#N/A
,,,,,,,#N/A
8498,Germany,1976,176hp,855kg with driver,1.6L in-line 4,FWD,212
8498,Germany,1976,176hp,855kg with driver,1.6L in-line 4,FWD,212
8498,Germany,1976,176hp,855kg with driver,1.6L in-line 4,FWD,212
8498,Germany,1976,176hp,855kg with driver,1.6L in-line 4,FWD,212
8498,Germany,1976,176hp,855kg with driver,1.6L in-line 4,FWD,212
8498,Germany,1976,176hp,855kg with driver,1.6L in-line 4,FWD,212
8498,Germany,1976,176hp,855kg with driver,1.6L in-line 4,FWD,212
8498,Germany,1976,176hp,855kg with driver,1.6L in-line 4,FWD,212
8498,Germany,1976,176hp,855kg with driver,1.6L in-line 4,FWD,212
8498,Germany,1976,176hp,855kg with driver,1.6L in-line 4,FWD,212
8498,Germany,1976,176hp,855kg with driver,1.6L in-line 4,FWD,212
8498,Germany,1976,176hp,855kg with driver,1.6L in-line 4,FWD,212
8498,Germany,1976,176hp,855kg with driver,1.6L in-line 4,FWD,212
8498,Germany,1976,176hp,855kg with driver,1.6L in-line 4,FWD,212
8498,Germany,1976,176hp,855kg with driver,1.6L in-line 4,FWD,212
8498,Germany,1976,176hp,855kg with driver,1.6L in-line 4,FWD,212
8498,Germany,1976,176hp,855kg with driver,1.6L in-line 4,FWD,212
8498,Germany,1976,176hp,855kg with driver,1.6L in-line 4,FWD,212
8498,Germany,1976,176hp,855kg with driver,1.6L in-line 4,FWD,212
,,,,,,,#N/A
8498,Germany,1976,176hp,855kg with driver,1.6L in-line 4,FWD,212
8498,Germany,1976,176hp,855kg with driver,1.6L in-line 4,FWD,212
8498,Germany,1976,176hp,855kg with driver,1.6L in-line 4,FWD,212
,,,,,,,
,,,,,,,#N/A
,,,,,,,
,,,,,,,
,,,,,,,
,,,,,,,
,,,,,,,
,,,,,,,
,,,,,,,
,,,,,,,
,,,,,,,
,,,,,,,
,,,,,,,#N/A
8487,Germany,2019,610 BHP,1335kg with driver,F6,RWD,66
8487,Germany,2019,610 BHP,1335kg with driver,F6,RWD,66
8487,Germany,2019,610 BHP,1335kg with driver,F6,RWD,66
5818,Germany,2016,590BHP,1395kg with driver,4.4L V8,RWD,80
,,,,,,,#N/A
5818,Germany,2016,590BHP,1395kg with driver,4.4L V8,RWD,80
5818,Germany,2016,590BHP,1395kg with driver,4.4L V8,RWD,80
,,,,,,,#N/A
5818,Germany,2016,590BHP,1395kg with driver,4.4L V8,RWD,80
6174,United States,2016,585BHP,1375kg with driver,6.2L V8,RWD,80
6174,United States,2016,585BHP,1375kg with driver,6.2L V8,RWD,80
6168,Germany,2016,590 BHP,1390kg with driver,6.3L V8,RWD,80
6168,Germany,2016,590 BHP,1390kg with driver,6.3L V8,RWD,80
6168,Germany,2016,590 BHP,1390kg with driver,6.3L V8,RWD,80
6168,Germany,2016,590 BHP,1390kg with driver,6.3L V8,RWD,80
6168,Germany,2016,590 BHP,1390kg with driver,6.3L V8,RWD,80
,,,,,,,#N/A
,,,,,,,#N/A
,,,,,,,#N/A
8498,Germany,1976,176hp,855kg with driver,1.6L in-line 4,FWD,212
8498,Germany,1976,176hp,855kg with driver,1.6L in-line 4,FWD,212
8257,Germany,2019,570BHP,1345kg with driver,4.0L Flat-6,RWD,80
8593,United Kingdom,2019,577 bhp,1410kg with driver,4.0L V8,RWD,80
,,,,,,,#N/A
,,,,,,,
,,,,,,,
,,,,,,,#N/A
,,,,,,,
,,,,,,,
,,,,,,,66
8487,Germany,2019,610 BHP,1335kg with driver,F6,RWD,66
,,,,,,,#N/A
8487,Germany,2019,610 BHP,1335kg with driver,F6,RWD,66
8604,Germany,2019,570BHP,1390kg with driver,5.2L V10,RWD,80
,,,,,,,#N/A
8604,Germany,2019,570BHP,1390kg with driver,5.2L V10,RWD,80
8257,Germany,2019,570BHP,1345kg with driver,4.0L Flat-6,RWD,80
8257,Germany,2019,570BHP,1345kg with driver,4.0L Flat-6,RWD,80
8604,Germany,2019,570BHP,1390kg with driver,5.2L V10,RWD,80
,,,,,,,#N/A
,,,,,,,
,,,,,,,
,,,,,,,
,,,,,,,
,,,,,,,
,,,,,,,
,,,,,,,
,,,,,,,
,,,,,,,
,,,,,,,
,,,,,,,
,,,,,,,
,,,,,,,
,,,,,,,
,,,,,,,
,,,,,,,
,,,,,,,
,,,,,,,
8257,Germany,2019,570BHP,1345kg with driver,4.0L Flat-6,RWD,80
,,,,,,,
8604,Germany,2019,570BHP,1390kg with driver,5.2L V10,RWD,80
,,,,,,,#N/A
,,,,,,,#N/A
,,,,,,,#N/A
,,,,,,,#N/A
,,,,,,,#N/A
,,,,,,,
,,,,,,,#N/A
,,,,,,,
,,,,,,,
,,,,,,,#N/A
,,,,,,,
,,,,,,,#N/A
,,,,,,,#N/A
8645,Japan,1997,310BHP,1080Kg with Driver,2-Litre 4-Cylinder,FWD,161
,,,,,,,#N/A
,,,,,,,
Speedway (Not Supported),US,,80,"4,023",America,,TC
8166,Germany,2017,485 BHP @ 7500rpm,1205 Kg,4.0l flat-6,RWD,110
,,,,,,,
,,,,,,,
8652,Germany,2019,635BHP,1435kg with driver,5.2L V10,RWD,85
,,,,,,,#N/A
8652,Germany,2019,635BHP,1435kg with driver,5.2L V10,RWD,85
Road Course Motorcycle (2006),US,,80,"5,640",America,,TC
,,,,,,,160
,Germany,2019,340 bhp,1315kg with driver,2.0L in-line 4,FWD,160
,,,,,,,#N/A
,Germany,2019,340 bhp,1315kg with driver,2.0L in-line 4,FWD,160
,,,,,,,160
8661,Südkorea,2019,340 bhp,1325 kg,2.0L in-line 4,FWD,160
,,,,,,,
8661,Südkorea,2019,340 bhp,1325 kg,2.0L in-line 4,FWD,160
8661,Südkorea,2019,340 bhp,1325 kg,2.0L in-line 4,FWD,160
8661,Südkorea,2019,340 bhp,1325 kg,2.0L in-line 4,FWD,160
8661,Südkorea,2019,340 bhp,1325 kg,2.0L in-line 4,FWD,160
,,,,,,,
,,,,,,,
,,,,,,,
,,,,,,,
,,,,,,,
,,,,,,,
,,,,,,,
,,,,,,,
,,,,,,,
,,,,,,,
8677,,,,,,,215
,,,,,,,#N/A
8677,,,,,,,215
,,,,,,,215
,,,,,,,110
,,,,,,,158
,,,,,,,2
,,,,,,,
8661,Südkorea,2019,340 bhp,1325 kg,2.0L in-line 4,FWD,160
8661,Südkorea,2019,340 bhp,1325 kg,2.0L in-line 4,FWD,160
5818,Germany,2016,590BHP,1395kg with driver,4.4L V8,RWD,80
,,,,,,,
,,,,,,,#N/A
,,,,,,,#N/A
,,,,,,,#N/A
,,,,,,,#N/A
,,,,,,,#N/A
,,,,,,,#N/A
,,,,,,,
,,,,,,,#N/A
8652,Germany,2019,635BHP,1435kg with driver,5.2L V10,RWD,85
8698,Russia,2020,340BHP,1345kg with driver,2.0L in-line 4,FWD,160
,,,,,,,#N/A
,,,,,,,
,,,,,,,
,,,,,,,
,,,,,,,#N/A
Grand Prix,Spain,,32,"5,344",Europe,,TC
8604,Germany,2019,570BHP,1390kg with driver,5.2L V10,RWD,80
8604,Germany,2019,570BHP,1390kg with driver,5.2L V10,RWD,80
8604,Germany,2019,570BHP,1390kg with driver,5.2L V10,RWD,80
,,,,,,,
5818,Germany,2016,590BHP,1395kg with driver,4.4L V8,RWD,80
,,,,,,,#N/A
,,,,,,,#N/A
,,,,,,,#N/A
8698,Russia,2020,340BHP,1345kg with driver,2.0L in-line 4,FWD,160
8698,Russia,2020,340BHP,1345kg with driver,2.0L in-line 4,FWD,160
8717,Südkorea,2019,340 bhp,1325 kg,2.0L in-line 4,FWD,160
,,,,,,,#N/A
8717,Südkorea,2019,340 bhp,1325 kg,2.0L in-line 4,FWD,160
8717,Südkorea,2019,340 bhp,1325 kg,2.0L in-line 4,FWD,160
8722,China,2019,340BHP,1355kg with driver,2.0L in-line 4,FWD,160
,,,,,,,#N/A
,,,,,,,#N/A
8722,China,2019,340BHP,1355kg with driver,2.0L in-line 4,FWD,160
8722,China,2019,340BHP,1355kg with driver,2.0L in-line 4,FWD,160
6262,Germany,2014,333 bhp @ 5800 rpm,1565kg with driver,3.0 Inline-6,RWD,201
6262,Germany,2014,333 bhp @ 5800 rpm,1565kg with driver,3.0 Inline-6,RWD,201
8726,Spain,2020,340 BHP,1305kg with driver,2.0L in-line 4,FWD,160
,,,,,,,#N/A
8726,Spain,2020,340 BHP,1305kg with driver,2.0L in-line 4,FWD,160
8726,Spain,2020,340 BHP,1305kg with driver,2.0L in-line 4,FWD,160
8726,Spain,2020,340 BHP,1305kg with driver,2.0L in-line 4,FWD,160
8726,Spain,2020,340 BHP,1305kg with driver,2.0L in-line 4,FWD,160
8726,Spain,2020,340 BHP,1305kg with driver,2.0L in-line 4,FWD,160
8726,Spain,2020,340 BHP,1305kg with driver,2.0L in-line 4,FWD,160
8726,Spain,2020,340 BHP,1305kg with driver,2.0L in-line 4,FWD,160
8726,Spain,2020,340 BHP,1305kg with driver,2.0L in-line 4,FWD,160
8726,Spain,2020,340 BHP,1305kg with driver,2.0L in-line 4,FWD,160
8726,Spain,2020,340 BHP,1305kg with driver,2.0L in-line 4,FWD,160
8726,Spain,2020,340 BHP,1305kg with driver,2.0L in-line 4,FWD,160
8726,Spain,2020,340 BHP,1305kg with driver,2.0L in-line 4,FWD,160
8726,Spain,2020,340 BHP,1305kg with driver,2.0L in-line 4,FWD,160
8726,Spain,2020,340 BHP,1305kg with driver,2.0L in-line 4,FWD,160
8726,Spain,2020,340 BHP,1305kg with driver,2.0L in-line 4,FWD,160
8726,Spain,2020,340 BHP,1305kg with driver,2.0L in-line 4,FWD,160
8726,Spain,2020,340 BHP,1305kg with driver,2.0L in-line 4,FWD,160
8726,Spain,2020,340 BHP,1305kg with driver,2.0L in-line 4,FWD,160
8726,Spain,2020,340 BHP,1305kg with driver,2.0L in-line 4,FWD,160
8726,Spain,2020,340 BHP,1305kg with driver,2.0L in-line 4,FWD,160
8726,Spain,2020,340 BHP,1305kg with driver,2.0L in-line 4,FWD,160
8726,Spain,2020,340 BHP,1305kg with driver,2.0L in-line 4,FWD,160
8726,Spain,2020,340 BHP,1305kg with driver,2.0L in-line 4,FWD,160
8726,Spain,2020,340 BHP,1305kg with driver,2.0L in-line 4,FWD,160
8726,Spain,2020,340 BHP,1305kg with driver,2.0L in-line 4,FWD,160
8713,Russia,2020,340BHP,1345kg with driver,2.0L in-line 4,FWD,160
8713,Russia,2020,340BHP,1345kg with driver,2.0L in-line 4,FWD,160
,,,,,,,
,,,,,,,
8757,Spain,2020,670BHP,1680kg with driver,Fully-electric,,158
,,,,,,,#N/A
8757,Spain,2020,670BHP,1680kg with driver,Fully-electric,,158
8722,China,2020,340BHP,1355kg with driver,2.0L in-line 4,FWD,160
8722,China,2020,340BHP,1355kg with driver,2.0L in-line 4,FWD,160
,,,,,,,
,,,,,,,
,,,,,,,
,,,,,,,
,,,,,,,
,,,,,,,
8717,Südkorea,2019,340 bhp,1325 kg,2.0L in-line 4,FWD,160
8717,Südkorea,2019,340 bhp,1325 kg,2.0L in-line 4,FWD,160
8717,Südkorea,2019,340 bhp,1325 kg,2.0L in-line 4,FWD,160
,,,,,,,160
,,,,,,,160
,,,,,,,
,,,,,,,
,,,,,,,
8790,Japan,2019,340 BHP,1325 kg,2.0L in-line 4,FWD,160
,,,,,,,#N/A
8790,Japan,2019,340 BHP,1325 kg,2.0L in-line 4,FWD,160
8790,Japan,2019,340 BHP,1325 kg,2.0L in-line 4,FWD,160
8790,Japan,2019,340 BHP,1325 kg,2.0L in-line 4,FWD,160
8779,Japan,2019,340 BHP,1325 kg,2.0L in-line 4,FWD,160
9252,Italy,2020,340,1305 Kg with  Driver,"1,75L In-Line 4",FWD,160
,,,,,,,#N/A
9252,Italy,2019,340,1305 Kg with  Driver,"1,75L In-Line 4",FWD,160
,,,,,,,
,,,,,,,#N/A
8787,France,2018,330 bhp,1285 kg,L4,FWD,160
8790,Spain,2020,340 BHP,1305kg with driver,2.0L in-line 4,FWD,160
,,,,,,,#N/A
8790,Spain,2020,340 BHP,1305kg with driver,2.0L in-line 4,FWD,160
8790,Spain,2020,340 BHP,1305kg with driver,2.0L in-line 4,FWD,160
8792,Germany,2021,503 bhp @ 8400rpm,1260 Kg,4.0l flat-6,RWD,110
,,,,,,,#N/A
8792,Germany,2021,503 bhp @ 8400rpm,1260 Kg,4.0l flat-6,RWD,110
8792,Germany,2021,503 bhp @ 8400rpm,1260 Kg,4.0l flat-6,RWD,110
8792,Germany,2021,503 bhp @ 8400rpm,1260 Kg,4.0l flat-6,RWD,110
8792,Germany,2021,503 bhp @ 8400rpm,1260 Kg,4.0l flat-6,RWD,110
,,,,,,,
,,,,,,,
8790,Spain,2020,340 BHP,1305kg with driver,2.0L in-line 4,FWD,160
,,,,,,,
,,,,,,,#N/A
,,,,,,,#N/A
8698,Russia,2020,340BHP,1345kg with driver,2.0L in-line 4,FWD,160
,,,,,,,#N/A
8698,Russia,2020,340BHP,1345kg with driver,2.0L in-line 4,FWD,160
,,,,,,,#N/A
,,,,,,,#N/A
,,,,,,,
,,,,,,,
,,,,,,,
,,,,,,,
,,,,,,,
,,,,,,,
,,,,,,,
8698,Russia,2020,340BHP,1345kg with driver,2.0L in-line 4,FWD,160
8698,Russia,2020,340BHP,1345kg with driver,2.0L in-line 4,FWD,160
,,,,,,,
,,,,,,,#N/A
,,,,,,,#N/A
8698,Russia,2020,340BHP,1345kg with driver,2.0L in-line 4,FWD,160
,,,,,,,#N/A
,,,,,,,
,,,,,,,
,,,,,,,
,,,,,,,
,,,,,,,
,,,,,,,
,,,,,,,
,,,,,,,
,,,,,,,
,,,,,,,#N/A
,,,,,,,
,,,,,,,
,,,,,,,
,,,,,,,
,,,,,,,
,,,,,,,
,,,,,,,
,,,,,,,
8790,Spain,2020,340 BHP,1305kg with driver,2.0L in-line 4,FWD,160
,,,,,,,
,,,,,,,
,,,,,,,#N/A
,,,,,,,#N/A
,,,,,,,
,,,,,,,#N/A
,,,,,,,
,,,,,,,158
,,,,,,,158
,,,,,,,158
,,,,,,,158
,,,,,,,158
,,,,,,,158
,,,,,,,158
,,,,,,,158
,,,,,,,158
,,,,,,,158
,,,,,,,158
,,,,,,,158
,,,,,,,158
,,,,,,,158
,,,,,,,158
,,,,,,,158
,,,,,,,158
,,,,,,,158
,,,,,,,158
,,,,,,,158
,,,,,,,158
,,,,,,,158
,,,,,,,158
,,,,,,,158
,,,,,,,
8792,Germany,2021,503 bhp @ 8400rpm,1260 Kg,4.0l flat-6,RWD,110
8792,Germany,2021,503 bhp @ 8400rpm,1260 Kg,4.0l flat-6,RWD,110
8792,Germany,2021,503 bhp @ 8400rpm,1260 Kg,4.0l flat-6,RWD,110
8792,Germany,2021,503 bhp @ 8400rpm,1260 Kg,4.0l flat-6,RWD,110
8792,Germany,2021,503 bhp @ 8400rpm,1260 Kg,4.0l flat-6,RWD,110
8792,Germany,2021,503 bhp @ 8400rpm,1260 Kg,4.0l flat-6,RWD,110
8792,Germany,2021,503 bhp @ 8400rpm,1260 Kg,4.0l flat-6,RWD,110
8792,Germany,2021,503 bhp @ 8400rpm,1260 Kg,4.0l flat-6,RWD,110
8792,Germany,2021,503 bhp @ 8400rpm,1260 Kg,4.0l flat-6,RWD,110
8792,Germany,2021,503 bhp @ 8400rpm,1260 Kg,4.0l flat-6,RWD,110
8792,Germany,2021,503 bhp @ 8400rpm,1260 Kg,4.0l flat-6,RWD,110
8792,Germany,2021,503 bhp @ 8400rpm,1260 Kg,4.0l flat-6,RWD,110
8792,Germany,2021,503 bhp @ 8400rpm,1260 Kg,4.0l flat-6,RWD,110
,,,,,,,#N/A
,,,,,,,#N/A
,,,,,,,#N/A
,,,,,,,#N/A
,,,,,,,#N/A
,,,,,,,#N/A
,,,,,,,#N/A
,,,,,,,#N/A
,,,,,,,
,,,,,,,
,,,,,,,
,,,,,,,
,,,,,,,
8900,Germany,2020,450BHP,1605kg with driver,5.2L V10,RWD,165
,,,,,,,#N/A
8900,Germany,2020,450BHP,1605kg with driver,5.2L V10,RWD,165
,,,,,,,
,,,,,,,
,,,,,,,
,,,,,,,
,,,,,,,
,,,,,,,
,,,,,,,
,,,,,,,
,,,,,,,
,,,,,,,#N/A
,,,,,,,#N/A
,,,,,,,#N/A
,,,,,,,#N/A
,,,,,,,#N/A
,,,,,,,#N/A
,,,,,,,#N/A
,,,,,,,#N/A
,,,,,,,#N/A
,,,,,,,#N/A
,,,,,,,#N/A
,,,,,,,#N/A
,,,,,,,#N/A
,,,,,,,#N/A
,,,,,,,#N/A
,,,,,,,#N/A
,,,,,,,#N/A
,,,,,,,#N/A
,,,,,,,#N/A
,,,,,,,#N/A
,,,,,,,#N/A
,,,,,,,#N/A
,,,,,,,#N/A
,,,,,,,#N/A
8936,Germany,2016,590BHP,1395kg with driver,4.4L V8,RWD,80
,,,,,,,#N/A
8938,Germany,2019,570BHP,1345kg with driver,4.0L Flat-6,RWD,80
,,,,,,,#N/A
8940,Germany,2016,590 BHP,1390kg with driver,6.3L V8,RWD,80
,,,,,,,#N/A
8942,United States,2016,585BHP,1375kg with driver,6.2L V8,RWD,80
,,,,,,,#N/A
,,,,,,,#N/A
,,,,,,,#N/A
,,,,,,,#N/A
,,,,,,,#N/A
,,,,,,,#N/A
,,,,,,,#N/A
,,,,,,,#N/A
,,,,,,,#N/A
,,,,,,,#N/A
,,,,,,,#N/A
,,,,,,,#N/A
,,,,,,,#N/A
,,,,,,,#N/A
,,,,,,,#N/A
8652,Germany,2019,635BHP,1435kg with driver,5.2L V10,RWD,85
8652,Germany,2019,635BHP,1435kg with driver,5.2L V10,RWD,85
,,,,,,,#N/A
,,,,,,,#N/A
8942,United States,2016,585BHP,1375kg with driver,6.2L V8,RWD,80
8942,United States,2016,585BHP,1375kg with driver,6.2L V8,RWD,80
8942,United States,2016,585BHP,1375kg with driver,6.2L V8,RWD,80
8936,Germany,2016,590BHP,1395kg with driver,4.4L V8,RWD,80
8936,Germany,2016,590BHP,1395kg with driver,4.4L V8,RWD,80
8936,Germany,2016,590BHP,1395kg with driver,4.4L V8,RWD,80
8940,Germany,2016,590 BHP,1390kg with driver,6.3L V8,RWD,80
8940,Germany,2016,590 BHP,1390kg with driver,6.3L V8,RWD,80
8940,Germany,2016,590 BHP,1390kg with driver,6.3L V8,RWD,80
8940,Germany,2016,590 BHP,1390kg with driver,6.3L V8,RWD,80
8940,Germany,2016,590 BHP,1390kg with driver,6.3L V8,RWD,80
8940,Germany,2016,590 BHP,1390kg with driver,6.3L V8,RWD,80
8940,Germany,2016,590 BHP,1390kg with driver,6.3L V8,RWD,80
8940,Germany,2016,590 BHP,1390kg with driver,6.3L V8,RWD,80
8940,Germany,2016,590 BHP,1390kg with driver,6.3L V8,RWD,80
8940,Germany,2016,590 BHP,1390kg with driver,6.3L V8,RWD,80
8940,Germany,2016,590 BHP,1390kg with driver,6.3L V8,RWD,80
8938,Germany,2019,570BHP,1345kg with driver,4.0L Flat-6,RWD,80
8938,Germany,2019,570BHP,1345kg with driver,4.0L Flat-6,RWD,80
8938,Germany,2019,570BHP,1345kg with driver,4.0L Flat-6,RWD,80
8652,Germany,2019,635BHP,1435kg with driver,5.2L V10,RWD,85
,,,,,,,#N/A
,,,,,,,#N/A
,,,,,,,#N/A
8652,Germany,2019,635BHP,1435kg with driver,5.2L V10,RWD,85
,,,,,,,
,,,,,,,
,,,,,,,
,,,,,,,
8604,Germany,2019,570BHP,1390kg with driver,5.2L V10,RWD,80
,,,,,,,#N/A
,,,,,,,
,,,,,,,#N/A
,,,,,,,#N/A
,,,,,,,#N/A
,,,,,,,#N/A
,,,,,,,#N/A
,,,,,,,#N/A
8604,Germany,2019,570BHP,1390kg with driver,5.2L V10,RWD,80
,,,,,,,
,,,,,,,
,,,,,,,
,,,,,,,
,,,,,,,
,,,,,,,
,,,,,,,
,,,,,,,
,,,,,,,
,,,,,,,
,,,,,,,
,,,,,,,
,,,,,,,
,,,,,,,
,,,,,,,
,,,,,,,
,,,,,,,
,,,,,,,
,,,,,,,
,,,,,,,
8652,Germany,2019,635BHP,1435kg with driver,5.2L V10,RWD,85
,,,,,,,#N/A
,,,,,,,
8936,Germany,2016,590BHP,1395kg with driver,4.4L V8,RWD,80
,,,,,,,#N/A
8593,United Kingdom,2019,577 bhp,1410kg with driver,4.0L V8,RWD,80
8593,United Kingdom,2019,577 bhp,1410kg with driver,4.0L V8,RWD,80
8593,United Kingdom,2019,577 bhp,1410kg with driver,4.0L V8,RWD,80
8942,United States,2016,585BHP,1375kg with driver,6.2L V8,RWD,80
8938,Germany,2019,570BHP,1345kg with driver,4.0L Flat-6,RWD,80
9031,Germany,2015,570BHP,1340kg with driver,5.2L V10,RWD,80
,,,,,,,#N/A
8940,Germany,2016,590 BHP,1390kg with driver,6.3L V8,RWD,80
,,,,,,,#N/A
,,,,,,,#N/A
,,,,,,,#N/A
9031,Germany,2015,570BHP,1340kg with driver,5.2L V10,RWD,80
8201,Germany,2019,420 BHP,1435kg with driver,3.8l flat 6,RWD,165
,,,,,,,#N/A
Motorcycle Grand Prix,Spain,,32,"5,078",Europe,,TC
National,Spain,,32,"2,646",Europe,,TC
Motorcycle National,Spain,,32,"2,379",Europe,,TC
Fast Circuit,Spain,,32,"4,862",Europe,,TC
,,,,,,,
,,,,,,,
8652,Germany,2019,635BHP,1435kg with driver,5.2L V10,RWD,85
,,,,,,,#N/A
,,,,,,,
,,,,,,,
,,,,,,,
,,,,,,,
,,,,,,,160
,,,,,,,
,,,,,,,
DTM Grand Prix Course,Germany,,36,"4,413",Europe,,TC
8593,United Kingdom,2019,577 bhp,1410kg with driver,4.0L V8,RWD,80
,,,,,,,
,,,,,,,
,,,,,,,
,,,,,,,
,,,,,,,
,,,,,,,
,,,,,,,
,,,,,,,#N/A
,,,,,,,#N/A
,,,,,,,#N/A
,,,,,,,#N/A
,,,,,,,#N/A
,,,,,,,#N/A
,,,,,,,#N/A
,,,,,,,#N/A
,,,,,,,#N/A
,,,,,,,#N/A
,,,,,,,#N/A
,,,,,,,#N/A
,,,,,,,#N/A
,,,,,,,#N/A
,,,,,,,
,,,,,,,
,,,,,,,#N/A
,,,,,,,#N/A
,,,,,,,
,,,,,,,
,,,,,,,#N/A
,,,,,,,#N/A
,,,,,,,
,,,,,,,
8593,United Kingdom,2019,577 bhp,1410kg with driver,4.0L V8,RWD,80
8593,United Kingdom,2019,577 bhp,1410kg with driver,4.0L V8,RWD,80
8593,United Kingdom,2019,577 bhp,1410kg with driver,4.0L V8,RWD,80
8604,Germany,2019,570BHP,1390kg with driver,5.2L V19,RWD,80
,,,,,,,
,,,,,,,
9094,Germany,2020,580 BHP,1070kg with driver,2.0L in-line 4,RWD,32
,,,,,,,#N/A
,,,,,,,
,,,,,,,#N/A
,,,,,,,#N/A
,,,,,,,#N/A
,,,,,,,
,,,,,,,32
9102,Germany,2020,580 BHP,1070kg with driver,2.0L in-line 4,RWD,32
,,,,,,,#N/A
,,,,,,,
,,,,,,,#N/A
,,,,,,,#N/A
,,,,,,,#N/A
,,,,,,,#N/A
9094,Germany,2020,580 BHP,1070kg with driver,2.0L in-line 4,RWD,32
9094,Germany,2020,580 BHP,1070kg with driver,2.0L in-line 4,RWD,32
9102,Germany,2020,580 BHP,1070kg with driver,2.0L in-line 4,RWD,32
9102,Germany,2020,580 BHP,1070kg with driver,2.0L in-line 4,RWD,32
,,,,,,,
9094,Germany,2020,580 BHP,1070kg with driver,2.0L in-line 4,RWD,32
9094,Germany,2020,580 BHP,1070kg with driver,2.0L in-line 4,RWD,32
9094,Germany,2020,580 BHP,1070kg with driver,2.0L in-line 4,RWD,32
,,,,,,,
9102,Germany,2020,580 BHP,1070kg with driver,2.0L in-line 4,RWD,32
9102,Germany,2020,580 BHP,1070kg with driver,2.0L in-line 4,RWD,32
9102,Germany,2020,580 BHP,1070kg with driver,2.0L in-line 4,RWD,32
9102,Germany,2020,580 BHP,1070kg with driver,2.0L in-line 4,RWD,32
9102,Germany,2020,580 BHP,1070kg with driver,2.0L in-line 4,RWD,32
9094,Germany,2020,580 BHP,1070kg with driver,2.0L in-line 4,RWD,32
,,,,,,,
9102,Germany,2020,580 BHP,1070kg with driver,2.0L in-line 4,RWD,32
9102,Germany,2020,580 BHP,1070kg with driver,2.0L in-line 4,RWD,32
9094,Germany,2020,580 BHP,1070kg with driver,2.0L in-line 4,RWD,32
,,,,,,,
,,,,,,,158
8726,Spain,2020,340 BHP,1305kg with driver,2.0L in-line 4,FWD,160
,,,,,,,
,,,,,,,
,,,,,,,
,,,,,,,
,,,,,,,
,,,,,,,
,,,,,,,
,,,,,,,
,,,,,,,
,,,,,,,
,,,,,,,
,,,,,,,
,,,,,,,
,,,,,,,
,,,,,,,
,,,,,,,
,,,,,,,
,,,,,,,
,,,,,,,#N/A
,,,,,,,#N/A
,,,,,,,
,,,,,,,
,,,,,,,
9154,China,2020,340BHP,1355kg with driver,2.0L in-line 4,FWD,160
,,,,,,,#N/A
9154,China,2020,340BHP,1355kg with driver,2.0L in-line 4,FWD,160
9154,China,2020,340BHP,1355kg with driver,2.0L in-line 4,FWD,160
9154,China,2020,340BHP,1355kg with driver,2.0L in-line 4,FWD,160
9154,China,2020,340BHP,1355kg with driver,2.0L in-line 4,FWD,160
9154,China,2020,340BHP,1355kg with driver,2.0L in-line 4,FWD,160
9154,China,2020,340BHP,1355kg with driver,2.0L in-line 4,FWD,160
9154,China,2020,340BHP,1355kg with driver,2.0L in-line 4,FWD,160
9154,China,2020,340BHP,1355kg with driver,2.0L in-line 4,FWD,160
9154,China,2020,340BHP,1355kg with driver,2.0L in-line 4,FWD,160
9154,China,2020,340BHP,1355kg with driver,2.0L in-line 4,FWD,160
,,,,,,,
,,,,,,,
,,,,,,,
,,,,,,,
,,,,,,,
,,,,,,,
,,,,,,,
,,,,,,,
,,,,,,,
,,,,,,,
,,,,,,,#N/A
Short with Inner loop,US,,43,"3,943",America,,TC
9094,Germany,2020,580 BHP,1070kg with driver,2.0L in-line 4,RWD,32
,,,,,,,
8900,Germany,2020,450BHP,1605kg with driver,5.2L V10,RWD,165
9094,Germany,2020,580 BHP,1070kg with driver,2.0L in-line 4,RWD,32
,,,,,,,#N/A
,,,,,,,#N/A
,,,,,,,#N/A
9094,Germany,2020,580 BHP,1070kg with driver,2.0L in-line 4,RWD,32
9094,Germany,2020,580 BHP,1070kg with driver,2.0L in-line 4,RWD,32
9094,Germany,2020,580 BHP,1070kg with driver,2.0L in-line 4,RWD,32
9102,Germany,2020,580 BHP,1070kg with driver,2.0L in-line 4,RWD,32
,,,,,,,#N/A
,,,,,,,
,,,,,,,
9094,Germany,2020,580 BHP,1070kg with driver,2.0L in-line 4,RWD,32
,,,,,,,#N/A
9102,Germany,2020,580 BHP,1070kg with driver,2.0L in-line 4,RWD,32
9102,Germany,2020,580 BHP,1070kg with driver,2.0L in-line 4,RWD,32
9094,Germany,2020,580 BHP,1070kg with driver,2.0L in-line 4,RWD,32
,,,,,,,#N/A
9102,Germany,2020,580 BHP,1070kg with driver,2.0L in-line 4,RWD,32
,,,,,,,#N/A
,,,,,,,#N/A
9102,Germany,2020,580 BHP,1070kg with driver,2.0L in-line 4,RWD,32
9094,Germany,2020,580 BHP,1070kg with driver,2.0L in-line 4,RWD,32
,,,,,,,#N/A
,,,,,,,#N/A
,,,,,,,32
9206,Germany,2020,580 BHP,1070kg with driver,2.0L in-line 4,RWD,32
,,,,,,,#N/A
,,,,,,,#N/A
,,,,,,,#N/A
,,,,,,,#N/A
9206,Germany,2020,580 BHP,1070kg with driver,2.0L in-line 4,RWD,32
9206,Germany,2020,580 BHP,1070kg with driver,2.0L in-line 4,RWD,32
9206,Germany,2020,580 BHP,1070kg with driver,2.0L in-line 4,RWD,32
9206,Germany,2020,580 BHP,1070kg with driver,2.0L in-line 4,RWD,32
9206,Germany,2020,580 BHP,1070kg with driver,2.0L in-line 4,RWD,32
9206,Germany,2020,580 BHP,1070kg with driver,2.0L in-line 4,RWD,32
9206,Germany,2020,580 BHP,1070kg with driver,2.0L in-line 4,RWD,32
9206,Germany,2020,580 BHP,1070kg with driver,2.0L in-line 4,RWD,32
9206,Germany,2020,580 BHP,1070kg with driver,2.0L in-line 4,RWD,32
9220,Germany,2020,580 BHP,1070kg with driver,2.0L in-line 4,RWD,32
,,,,,,,#N/A
,,,,,,,#N/A
,,,,,,,#N/A
,,,,,,,#N/A
9220,Germany,2020,580 BHP,1070kg with driver,2.0L in-line 4,RWD,32
9220,Germany,2020,580 BHP,1070kg with driver,2.0L in-line 4,RWD,32
9220,Germany,2020,580 BHP,1070kg with driver,2.0L in-line 4,RWD,32
9220,Germany,2020,580 BHP,1070kg with driver,2.0L in-line 4,RWD,32
9220,Germany,2020,580 BHP,1070kg with driver,2.0L in-line 4,RWD,32
9220,Germany,2020,580 BHP,1070kg with driver,2.0L in-line 4,RWD,32
9220,Germany,2020,580 BHP,1070kg with driver,2.0L in-line 4,RWD,32
,China,2020,340BHP,1355kg with driver,2.0L in-line 4,FWD,160
,,,,,,,#N/A
9234,Südkorea,2020,340 bhp,1325 kg,2.0L in-line 4,FWD,160
,,,,,,,#N/A
,,,,,,,#N/A
9234,Südkorea,2020,340 bhp,1325 kg,2.0L in-line 4,FWD,160
9234,Südkorea,2020,340 bhp,1325 kg,2.0L in-line 4,FWD,160
9234,Südkorea,2020,340 bhp,1325 kg,2.0L in-line 4,FWD,160
9234,Südkorea,2020,340 bhp,1325 kg,2.0L in-line 4,FWD,160
9241,China,2020,340BHP,1355kg with driver,2.0L in-line 4,FWD,160
,,,,,,,#N/A
,,,,,,,#N/A
9241,China,2020,340BHP,1355kg with driver,2.0L in-line 4,FWD,160
9241,China,2020,340BHP,1355kg with driver,2.0L in-line 4,FWD,160
,,,,,,,
9241,China,2020,340BHP,1355kg with driver,2.0L in-line 4,FWD,160
9241,China,2020,340BHP,1355kg with driver,2.0L in-line 4,FWD,160
,,,,,,,160
8936,Germany,2016,590BHP,1395kg with driver,4.4L V8,RWD,80
,,,,,,,
9252,Italy,2020,340,1305 Kg with  Driver,"1,75L In-Line 4",FWD,160
,,,,,,,#N/A
8790,Spain,2020,340 BHP,1305kg with driver,2.0L in-line 4,FWD,160
8790,Spain,2020,340 BHP,1305kg with driver,2.0L in-line 4,FWD,160
9256,Germany,2020,338 bhp,1315 kg,L4,FWD,160
,,,,,,,#N/A
,,,,,,,#N/A
9256,Germany,2020,338 bhp,1315 kg,L4,FWD,160
,,,,,,,
,,,,,,,#N/A
,,,,,,,
9256,Germany,2020,338 bhp,1315 kg,L4,FWD,160
9256,Germany,2020,338 bhp,1315 kg,L4,FWD,160
,,,,,,,
9266,Japan,2020,340 BHP,1325 kg,2.0L in-line 4,FWD,160
,,,,,,,#N/A
,,,,,,,#N/A
9266,Japan,2020,340 BHP,1325 kg,2.0L in-line 4,FWD,160
,,,,,,,
9266,Japan,2020,340 BHP,1325 kg,2.0L in-line 4,FWD,160
,,,,,,,
9266,Japan,2020,340 BHP,1325 kg,2.0L in-line 4,FWD,160
,,,,,,,
,,,,,,,
9266,Japan,2020,340 BHP,1325 kg,2.0L in-line 4,FWD,160
8900,Germany,2020,450BHP,1605kg with driver,5.2L V10,RWD,165
9278,Spain,2020,340 BHP,1305kg with driver,2.0L in-line 4,FWD,160
,,,,,,,#N/A
9278,Spain,2020,340 BHP,1305kg with driver,2.0L in-line 4,FWD,160
9278,Spain,2020,340 BHP,1305kg with driver,2.0L in-line 4,FWD,160
9278,Spain,2020,340 BHP,1305kg with driver,2.0L in-line 4,FWD,160
,,,,,,,
9278,Spain,2020,340 BHP,1305kg with driver,2.0L in-line 4,FWD,160
9278,Spain,2020,340 BHP,1305kg with driver,2.0L in-line 4,FWD,160
8790,Spain,2020,340 BHP,1305kg with driver,2.0L in-line 4,FWD,160
9252,Italy,2020,340,1305 Kg with  Driver,"1,75L In-Line 4",FWD,160
,,,,,,,
,,,,,,,
8782,Italy,2020,340,1305 Kg with  Driver,"1,75L In-Line 4",FWD,160
,,,,,,,#N/A
,,,,,,,
9252,Italy,2020,340,1305 Kg with  Driver,"1,75L In-Line 4",FWD,160
,,,,,,,
8782,Italy,2020,340,1305 Kg with  Driver,"1,75L In-Line 4",FWD,160
8604,Germany,2019,570BHP,1390kg with driver,5.2L V20,RWD,80
8604,Germany,2019,570BHP,1390kg with driver,5.2L V21,RWD,80
8604,Germany,2019,570BHP,1390kg with driver,5.2L V22,RWD,80
8604,Germany,2019,570BHP,1390kg with driver,5.2L V23,RWD,80
8604,Germany,2019,570BHP,1390kg with driver,5.2L V24,RWD,80
8257,Germany,2019,570BHP,1345kg with driver,4.0L Flat-6,RWD,80
,,,,,,,
8257,Germany,2019,570BHP,1345kg with driver,4.0L Flat-6,RWD,80
,,,,,,,
9278,Spain,2020,340 BHP,1305kg with driver,2.0L in-line 4,FWD,160
8790,Spain,2020,340 BHP,1305kg with driver,2.0L in-line 4,FWD,160
,,,,,,,
,,,,,,,
,,,,,,,#N/A
,,,,,,,
,,,,,,,
8604,Germany,2019,570BHP,1390kg with driver,5.2L V25,RWD,80
,,,,,,,#N/A
8604,Germany,2019,570BHP,1390kg with driver,5.2L V26,RWD,80
,,,,,,,
,,,,,,,#N/A
,,,,,,,
,,,,,,,
,,,,,,,2
,,,,,,,#N/A
Stage,Malaysia,,10,"17,3",Asia,,TC
,,,,,,,2
,,,,,,,
Grand Prix with Inner Loop,US,,43,"5,552",America,,TC
6168,Germany,2016,590 BHP,1390kg with driver,6.3L V8,RWD,80
6168,Germany,2016,590 BHP,1390kg with driver,6.3L V8,RWD,80
6168,Germany,2016,590 BHP,1390kg with driver,6.3L V8,RWD,80
9278,Spain,2020,340 BHP,1305kg with driver,2.0L in-line 4,FWD,160
,,,,,,,5
,,,,,,,5
,,,,,,,5
,,,,,,,5
,,,,,,,
,,,,,,,
,,,,,,,5
,,,,,,,
,,,,,,,
,,,,,,,5
,,,,,,,5
,,,,,,,
,,,,,,,
,,,,,,,
Short Circuit,US,,43,"3,907",America,,TC
Grand Prix,US,,43,"5,435",America,,TC
8652,Germany,2019,635BHP,1435kg with driver,5.2L V10,RWD,85
,,,,,,,#N/A
,,,,,,,#N/A
6168,Germany,2016,590 BHP,1390kg with driver,6.3L V8,RWD,80
6168,Germany,2016,590 BHP,1390kg with driver,6.3L V8,RWD,80
6168,Germany,2016,590 BHP,1390kg with driver,6.3L V8,RWD,80
6168,Germany,2016,590 BHP,1390kg with driver,6.3L V8,RWD,80
6168,Germany,2016,590 BHP,1390kg with driver,6.3L V8,RWD,80
6168,Germany,2016,590 BHP,1390kg with driver,6.3L V8,RWD,80
6168,Germany,2016,590 BHP,1390kg with driver,6.3L V8,RWD,80
6168,Germany,2016,590 BHP,1390kg with driver,6.3L V8,RWD,80
6168,Germany,2016,590 BHP,1390kg with driver,6.3L V8,RWD,80
,,,,,,,5
9234,Südkorea,2020,340 bhp,1325 kg,2.0L in-line 4,FWD,160
2859,United States,1983,800,1025,Boxer-6,RWD,100
Circuit,Malaysia,,39,"9,999",Asia,,TC
8652,Germany,2019,635BHP,1435kg with driver,5.2L V10,RWD,85
2859,United States,1983,800,1025,Boxer-6,RWD,100
,,,,,,,#N/A
,,,,,,,
,,,,,,,
,,,,,,,
,,,,,,,
,,,,,,,5
,,,,,,,5
,,,,,,,5
,,,,,,,5
,,,,,,,5
,,,,,,,5
,,,,,,,
,,,,,,,
,,,,,,,
,,,,,,,
,,,,,,,
,,,,,,,
,,,,,,,
,,,,,,,
,,,,,,,
,,,,,,,
,,,,,,,#N/A
,,,,,,,#N/A
,,,,,,,
,,,,,,,#N/A
,,,,,,,#N/A
,,,,,,,#N/A
,,,,,,,#N/A
,,,,,,,#N/A
,,,,,,,#N/A
,,,,,,,#N/A
,,,,,,,
,,,,,,,
,,,,,,,
,,,,,,,
,,,,,,,
,,,,,,,
,,,,,,,
,,,,,,,
,,,,,,,
,,,,,,,
,,,,,,,
,,,,,,,
,,,,,,,
,,,,,,,
,,,,,,,
,,,,,,,
2859,United States,1983,800,1025,Boxer-6,RWD,100
2859,United States,1983,800,1025,Boxer-6,RWD,100
,,,,,,,
,,,,,,,
2859,United States,1983,800,1025,Boxer-6,RWD,100
8900,Germany,2020,450BHP,1605kg with driver,5.2L V10,RWD,165
8900,Germany,2020,450BHP,1605kg with driver,5.2L V10,RWD,165
,,,,,,,#N/A
,,,,,,,#N/A
,,,,,,,#N/A
,,,,,,,#N/A
,,,,,,,#N/A
,,,,,,,#N/A
,,,,,,,#N/A
8900,Germany,2020,450BHP,1605kg with driver,5.2L V10,RWD,165
8900,Germany,2020,450BHP,1605kg with driver,5.2L V10,RWD,165
8900,Germany,2020,450BHP,1605kg with driver,5.2L V10,RWD,165
8900,Germany,2020,450BHP,1605kg with driver,5.2L V10,RWD,165
,,,,,,,
,,,,,,,
,,,,,,,
,,,,,,,
,,,,,,,
,,,,,,,
,,,,,,,
,,,,,,,
,,,,,,,
,,,,,,,
,,,,,,,
,,,,,,,
,,,,,,,
,,,,,,,
,,,,,,,
,,,,,,,
,,,,,,,
,,,,,,,
,,,,,,,
,,,,,,,#N/A
,,,,,,,#N/A
,,,,,,,#N/A
,,,,,,,
,,,,,,,
,,,,,,,#N/A
,,,,,,,
,,,,,,,
,,,,,,,
,,,,,,,
,,,,,,,#N/A
,,,,,,,
,,,,,,,
,,,,,,,
8053,Germany,2017,430BHP,1570kg with driver,3.0L straight-6,RWD,165
8053,Germany,2017,430BHP,1570kg with driver,3.0L straight-6,RWD,165
,,,,,,,
,,,,,,,#N/A
Full Circuit,Norway,,35,"2,300",Europe,,TC
,,,,,,,#N/A
9467,France,2020,340HP,1295kg with driver,1.8L in-line 4,FWD,160
,,,,,,,#N/A
,,,,,,,
,,,,,,,
,,,,,,,#N/A
,,,,,,,#N/A
Grand Prix,UK,,34,"3,908",Europe,,TC
,,,,,,,
,,,,,,,
,,,,,,,
8149,Germany,2018,339BHP,1315 with Driver,2.0L Inline 10,FWD,160
8149,Germany,2018,339BHP,1315 with Driver,2.0L Inline 12,FWD,160
,,,,,,,
,,,,,,,
8053,Germany,2017,430BHP,1570kg with driver,3.0L straight-6,RWD,165
8053,Germany,2017,430BHP,1570kg with driver,3.0L straight-6,RWD,165
WTCR,Spain,,32,"5,627",Europe,,TC
,,,,,,,5
,,,,,,,5
9467,France,2020,340HP,1295kg with driver,1.8L in-line 4,FWD,160
9467,France,2020,340HP,1295kg with driver,1.8L in-line 4,FWD,160
9467,France,2020,340HP,1295kg with driver,1.8L in-line 4,FWD,160
,,,,,,,
,,,,,,,
,,,,,,,
,,,,,,,
8604,Germany,2019,570BHP,1390kg with driver,5.2L V27,RWD,80
8604,Germany,2019,570BHP,1390kg with driver,5.2L V28,RWD,80
8604,Germany,2019,570BHP,1390kg with driver,5.2L V29,RWD,80
8604,Germany,2019,570BHP,1390kg with driver,5.2L V30,RWD,80
8604,Germany,2019,570BHP,1390kg with driver,5.2L V31,RWD,80
8604,Germany,2019,570BHP,1390kg with driver,5.2L V32,RWD,80
8604,Germany,2019,570BHP,1390kg with driver,5.2L V33,RWD,80
8604,Germany,2019,570BHP,1390kg with driver,5.2L V34,RWD,80
8604,Germany,2019,570BHP,1390kg with driver,5.2L V35,RWD,80
,,,,,,,#N/A
8604,Germany,2019,570BHP,1390kg with driver,5.2L V36,RWD,80
,,,,,,,#N/A
8604,Germany,2019,570BHP,1390kg with driver,5.2L V37,RWD,80
,,,,,,,#N/A
,,,,,,,
,,,,,,,
,,,,,,,
,,,,,,,
,,,,,,,
,,,,,,,
,,,,,,,#N/A
,,,,,,,
,,,,,,,
,,,,,,,#N/A
,,,,,,,
,,,,,,,
,,,,,,,
,,,,,,,
,,,,,,,#N/A
,,,,,,,
,,,,,,,
,,,,,,,
,,,,,,,
,,,,,,,
,,,,,,,#N/A
,,,,,,,
,,,,,,,
,,,,,,,#N/A
,,,,,,,
,,,,,,,
,,,,,,,#N/A
,,,,,,,#N/A
,,,,,,,
,,,,,,,#N/A
,,,,,,,
,,,,,,,#N/A
,,,,,,,
,,,,,,,
,,,,,,,
,,,,,,,
,,,,,,,
,,,,,,,
,,,,,,,
,,,,,,,
,,,,,,,
9548,Germany,2019,570BHP,1390kg with driver,5.2L V10,RWD,80
,,,,,,,#N/A
9548,Germany,2019,570BHP,1390kg with driver,5.2L V10,RWD,80
9548,Germany,2019,570BHP,1390kg with driver,5.2L V10,RWD,80
9548,Germany,2019,570BHP,1390kg with driver,5.2L V10,RWD,80
9548,Germany,2019,570BHP,1390kg with driver,5.2L V10,RWD,80
9548,Germany,2019,570BHP,1390kg with driver,5.2L V10,RWD,80
9548,Germany,2019,570BHP,1390kg with driver,5.2L V10,RWD,80
9548,Germany,2019,570BHP,1390kg with driver,5.2L V10,RWD,80
9548,Germany,2019,570BHP,1390kg with driver,5.2L V10,RWD,80
9548,Germany,2019,570BHP,1390kg with driver,5.2L V10,RWD,80
9548,Germany,2019,570BHP,1390kg with driver,5.2L V10,RWD,80
9548,Germany,2019,570BHP,1390kg with driver,5.2L V10,RWD,80
9548,Germany,2019,570BHP,1390kg with driver,5.2L V10,RWD,80
9548,Germany,2019,570BHP,1390kg with driver,5.2L V10,RWD,80
9548,Germany,2019,570BHP,1390kg with driver,5.2L V10,RWD,80
9548,Germany,2019,570BHP,1390kg with driver,5.2L V10,RWD,80
9565,United Kingdom,2019,577 bhp,1410kg with driver,4.0L V8,RWD,80
,,,,,,,#N/A
9565,United Kingdom,2019,577 bhp,1410kg with driver,4.0L V8,RWD,80
8938,Germany,2019,570BHP,1345kg with driver,4.0L Flat-6,RWD,80
8938,Germany,2019,570BHP,1345kg with driver,4.0L Flat-6,RWD,80
8938,Germany,2019,570BHP,1345kg with driver,4.0L Flat-6,RWD,80
9234,Südkorea,2020,340 bhp,1325 kg,2.0L in-line 4,FWD,160
9234,Südkorea,2020,340 bhp,1325 kg,2.0L in-line 4,FWD,160
9234,Südkorea,2020,340 bhp,1325 kg,2.0L in-line 4,FWD,160
9234,Südkorea,2020,340 bhp,1325 kg,2.0L in-line 4,FWD,160
9575,United Kingdom,2021,575 BHP,1390kg with driver,4.0L V8,RWD,80
,,,,,,,#N/A
9575,United Kingdom,2021,575 BHP,1390kg with driver,4.0L V8,RWD,80
9256,Germany,2020,338 bhp,1315 kg,L4,FWD,160
9548,Germany,2019,570BHP,1390kg with driver,5.2L V10,RWD,80
8938,Germany,2019,570BHP,1345kg with driver,4.0L Flat-6,RWD,80
9581,Germany,2019,585 BHP,1390kg with driver,6.3L V8,RWD,80
,,,,,,,#N/A
,,,,,,,
8201,Germany,2019,420 BHP,1435kg with driver,3.8l flat 6,RWD,165
8936,Germany,2016,590BHP,1395kg with driver,4.4L V8,RWD,80
8942,United States,2016,585BHP,1375kg with driver,6.2L V8,RWD,80
,,,,,,,
9581,Germany,2019,585 BHP,1390kg with driver,6.3L V8,RWD,80
,,,,,,,#N/A
,,,,,,,
1700,Germany,1980,650,875,Inline-4,RWD,100
1700,Germany,1980,650,875,Inline-4,RWD,100
1700,Germany,1980,650,875,Inline-4,RWD,100
1700,Germany,1980,650,875,Inline-4,RWD,100
1700,Germany,1980,650,875,Inline-4,RWD,100
1700,Germany,1980,650,875,Inline-4,RWD,100
1700,Germany,1980,650,875,Inline-4,RWD,100
1700,Germany,1980,650,875,Inline-4,RWD,100
9581,Germany,2019,585 BHP,1390kg with driver,6.3L V8,RWD,80
9581,Germany,2019,585 BHP,1390kg with driver,6.3L V8,RWD,80
9581,Germany,2019,585 BHP,1390kg with driver,6.3L V8,RWD,80
9581,Germany,2019,585 BHP,1390kg with driver,6.3L V8,RWD,80
9603,Germany,2019,585 BHP,1390kg with driver,6.3L V8,RWD,80
,,,,,,,#N/A
9581,Germany,2019,585 BHP,1390kg with driver,6.3L V8,RWD,80
,,,,,,,#N/A
,,,,,,,#N/A
,,,,,,,#N/A
,,,,,,,#N/A
,,,,,,,#N/A
,,,,,,,#N/A
,,,,,,,#N/A
,,,,,,,#N/A
,,,,,,,#N/A
9603,Germany,2019,585 BHP,1390kg with driver,6.3L V8,RWD,80
9603,Germany,2019,585 BHP,1390kg with driver,6.3L V8,RWD,80
8938,Germany,2019,570BHP,1345kg with driver,4.0L Flat-6,RWD,80
8938,Germany,2019,570BHP,1345kg with driver,4.0L Flat-6,RWD,80
,,,,,,,
,,,,,,,#N/A
,,,,,,,
,,,,,,,
,,,,,,,#N/A
,,,,,,,
,,,,,,,
,,,,,,,
,,,,,,,
,,,,,,,
8940,Germany,2019,585 BHP,1390kg with driver,6.3L V8,RWD,80
8936,Germany,2016,590BHP,1395kg with driver,4.4L V8,RWD,80
5818,Germany,2016,590BHP,1395kg with driver,4.4L V8,RWD,80
8936,Germany,2016,590BHP,1395kg with driver,4.4L V8,RWD,80
1700,Germany,1980,650,875,Inline-4,RWD,100
,,,,,,,#N/A
,,,,,,,#N/A
,,,,,,,#N/A
,,,,,,,#N/A
,,,,,,,#N/A
,,,,,,,#N/A
,,,,,,,#N/A
,,,,,,,
,,,,,,,
8242,Germany,2019,700BHP,1475kg with driver,3.8L Flat-6,RWD,85
9644,Germany,2020,415bhp,1545kg,4.0L V8,RWD,165
,,,,,,,#N/A
9644,Germany,2020,415bhp,1545kg,4.0L V8,RWD,165
8149,Germany,2018,339BHP,1315 with Driver,2.0L Inline 14,FWD,160
8149,Germany,2018,339BHP,1315 with Driver,2.0L Inline 16,FWD,160
8149,Germany,2018,339BHP,1315 with Driver,2.0L Inline 18,FWD,160
,,,,,,,
,,,,,,,
,,,,,,,
,,,,,,,
,,,,,,,#N/A
,,,,,,,
,,,,,,,
,,,,,,,#N/A
,,,,,,,
Grand Prix Circuit,France,,36,"3,636",Europe,,TC
9660,Austria,2020,523BHP,1048 kg,2.5L-Inline-5,RWD,73
,,,,,,,#N/A
,,,,,,,
8242,Germany,2019,700BHP,1475kg with driver,3.8L Flat-6,RWD,85
,,,,,,,
9548,Germany,2019,570BHP,1390kg with driver,5.2L V10,RWD,80
9548,Germany,2019,570BHP,1390kg with driver,5.2L V10,RWD,80
8149,Germany,2018,339BHP,1315 with Driver,2.0L Inline 20,FWD,160
8149,Germany,2018,339BHP,1315 with Driver,2.0L Inline 22,FWD,160
4145,United States,1975,650,1030,V8,RWD,100
8242,Germany,2019,700BHP,1475kg with driver,3.8L Flat-6,RWD,85
,,,,,,,#N/A
,,,,,,,#N/A
,,,,,,,
9644,Germany,2020,415bhp,1545kg,4.0L V8,RWD,165
9644,Germany,2020,415bhp,1545kg,4.0L V8,RWD,165
9644,Germany,2020,415bhp,1545kg,4.0L V8,RWD,165
9644,Germany,2020,415bhp,1545kg,4.0L V8,RWD,165
9644,Germany,2020,415bhp,1545kg,4.0L V8,RWD,165
9644,Germany,2020,415bhp,1545kg,4.0L V8,RWD,165
9644,Germany,2020,415bhp,1545kg,4.0L V8,RWD,165
9644,Germany,2020,415bhp,1545kg,4.0L V8,RWD,165
9644,Germany,2020,415bhp,1545kg,4.0L V8,RWD,165
9644,Germany,2020,415bhp,1545kg,4.0L V8,RWD,165
,,,,,,,
,,,,,,,
,,,,,,,
,,,,,,,
,,,,,,,
,,,,,,,
,,,,,,,
,,,,,,,
,,,,,,,
,,,,,,,
,,,,,,,
,,,,,,,
,,,,,,,
,,,,,,,
,,,,,,,
,,,,,,,
,,,,,,,
,,,,,,,
,,,,,,,
,,,,,,,
,,,,,,,
,,,,,,,
,,,,,,,
,,,,,,,
,,,,,,,
,,,,,,,
,,,,,,,
,,,,,,,
,,,,,,,
,,,,,,,
,,,,,,,
,,,,,,,
,,,,,,,
,,,,,,,
,,,,,,,
,,,,,,,
,,,,,,,
,,,,,,,
,,,,,,,
,,,,,,,#N/A
,,,,,,,
,,,,,,,
,,,,,,,
,,,,,,,
,,,,,,,#N/A
,,,,,,,#N/A
,,,,,,,
,,,,,,,
,,,,,,,#N/A
,,,,,,,
,,,,,,,#N/A
,,,,,,,
,,,,,,,
,,,,,,,
,,,,,,,
,,,,,,,
,,,,,,,
,,,,,,,
,,,,,,,
,,,,,,,
,,,,,,,#N/A
,,,,,,,#N/A
,,,,,,,
,,,,,,,#N/A
,,,,,,,
,,,,,,,#N/A
,,,,,,,
,,,,,,,
,,,,,,,#N/A
,,,,,,,
,,,,,,,
,,,,,,,#N/A
,,,,,,,
,,,,,,,#N/A
8149,Germany,2018,339BHP,1315 with Driver,2.0L Inline 24,FWD,160
8149,Germany,2018,339BHP,1315 with Driver,2.0L Inline 26,FWD,160
8149,Germany,2018,339BHP,1315 with Driver,2.0L Inline 28,FWD,160
9761,Germany,2018,600,,V8,RWD,210
,,,,,,,#N/A
,,,,,,,
,,,,,,,
8149,Germany,2018,339BHP,1315 with Driver,2.0L Inline 30,FWD,160
8149,Germany,2018,339BHP,1315 with Driver,2.0L Inline 32,FWD,160
2859,United States,1983,800,1025,Boxer-6,RWD,100
,,,,,,,
8166,Germany,2017,485 BHP @ 7500rpm,1205 Kg,4.0l flat-6,RWD,110
8166,Germany,2017,485 BHP @ 7500rpm,1205 Kg,4.0l flat-6,RWD,110
9761,Germany,2018,600,,V8,RWD,210
9761,Germany,2018,600,,V8,RWD,210
,,,,,,,
2116,Germany,1991,330+,940,Inline -4,RWD,205
,,,,,,,#N/A
,,,,,,,#N/A
,,,,,,,#N/A
,,,,,,,#N/A
,,,,,,,#N/A
,,,,,,,#N/A
,,,,,,,
,,,,,,,
,,,,,,,
,,,,,,,
8698,Russia,2020,340BHP,1345kg with driver,2.0L in-line 4,FWD,160
8487,Germany,2019,610 BHP,1335kg with driver,F6,RWD,66
,,,,,,,#N/A
,,,,,,,
,,,,,,,
,,,,,,,
,,,,,,,
,,,,,,,
8257,Germany,2019,570BHP,1345kg with driver,4.0L Flat-6,RWD,80
8257,Germany,2019,570BHP,1345kg with driver,4.0L Flat-6,RWD,80
,,,,,,,
Grand Prix (Short Pit Entry),Czech Republic,,47,"5,403",Europe,,TC
9761,Germany,2018,600,,V8,RWD,210
6174,United States,2016,585BHP,1375kg with driver,6.2L V8,RWD,80
6174,United States,2016,585BHP,1375kg with driver,6.2L V8,RWD,80
,,,,,,,#N/A
,,,,,,,
,,,,,,,
,,,,,,,#N/A
,,,,,,,
8053,Germany,2017,430BHP,1570kg with driver,3.0L straight-6,RWD,165
8257,Germany,2019,570BHP,1345kg with driver,4.0L Flat-6,RWD,80
8257,Germany,2019,570BHP,1345kg with driver,4.0L Flat-6,RWD,80
8166,Germany,2017,485 BHP @ 7500rpm,1205 Kg,4.0l flat-6,RWD,110
,,,,,,,5
,,,,,,,5
,,,,,,,5
,,,,,,,5
,,,,,,,5
,,,,,,,5
,,,,,,,5
,,,,,,,5
,,,,,,,5
,,,,,,,5
,,,,,,,5
,,,,,,,5
,,,,,,,5
,,,,,,,5
,,,,,,,5
,,,,,,,5
,,,,,,,5
,,,,,,,5
,,,,,,,5
,,,,,,,5
,,,,,,,5
,,,,,,,5
,,,,,,,5
,,,,,,,5
,,,,,,,5
,,,,,,,5
,,,,,,,5
,,,,,,,5
,,,,,,,
,,,,,,,
Duel,UK,,2,"1,500",Europe,,TC
8257,Germany,2019,570BHP,1345kg with driver,4.0L Flat-6,RWD,80
9575,United Kingdom,2021,575 BHP,1390kg with driver,4.0L V8,RWD,80
8053,Germany,2017,430BHP,1570kg with driver,3.0L straight-6,RWD,165
,,,,,,,
,,,,,,,
,,,,,,,#N/A
,,,,,,,#N/A
Müllenbachschleife,Germany,,32,"1,489",Europe,,TC
8645,Japan,1997,310BHP,1080Kg with Driver,2-Litre 4-Cylinder,FWD,161
,,,,,,,#N/A
,,,,,,,
,,,,,,,#N/A
,,,,,,,#N/A
,,,,,,,#N/A
,,,,,,,#N/A
,,,,,,,#N/A
,,,,,,,#N/A
,,,,,,,#N/A
,,,,,,,
,,,,,,,
8053,Germany,2017,430BHP,1570kg with driver,3.0L straight-6,RWD,165
8053,Germany,2017,430BHP,1570kg with driver,3.0L straight-6,RWD,165
,,,,,,,
,,,,,,,
,,,,,,,
,,,,,,,
,,,,,,,
,,,,,,,
,,,,,,,
,,,,,,,
,,,,,,,
,,,,,,,
,,,,,,,
,,,,,,,
,,,,,,,
,,,,,,,
,,,,,,,
,,,,,,,
,,,,,,,
,,,,,,,
,,,,,,,
,,,,,,,
,,,,,,,
,,,,,,,
,,,,,,,
,,,,,,,
,,,,,,,
,,,,,,,
,,,,,,,
,,,,,,,
,,,,,,,
,,,,,,,
,,,,,,,
,,,,,,,
,,,,,,,
,,,,,,,
,,,,,,,
,,,,,,,
,,,,,,,
,,,,,,,
,,,,,,,
,,,,,,,
,,,,,,,
,,,,,,,
,,,,,,,
,,,,,,,
,,,,,,,
,,,,,,,
,,,,,,,
,,,,,,,
,,,,,,,
,,,,,,,
,,,,,,,
,,,,,,,
,,,,,,,
,,,,,,,
,,,,,,,
,,,,,,,
,,,,,,,
,,,,,,,
,,,,,,,
,,,,,,,
,,,,,,,
,,,,,,,
,,,,,,,
,,,,,,,#N/A
,,,,,,,#N/A
,,,,,,,
,,,,,,,
,,,,,,,
,,,,,,,#N/A
8053,Germany,2017,430BHP,1570kg with driver,3.0L straight-6,RWD,165
8257,Germany,2019,570BHP,1345kg with driver,4.0L Flat-6,RWD,80
8257,Germany,2019,570BHP,1345kg with driver,4.0L Flat-6,RWD,80
7162,United Kingdom,2010,355bhp,1300Kg,V6,RWD,165
,,,,,,,#N/A
,,,,,,,
,,,,,,,
,,,,,,,
,,,,,,,
2116,Germany,1991,330+,940,Inline -4,RWD,205
,,,,,,,
,,,,,,,
Road Course,US,,46,"3,925",America,,TC
,,,,,,,
,,,,,,,
,,,,,,,
,,,,,,,
,,,,,,,
,,,,,,,
,,,,,,,
,,,,,,,
,,,,,,,#N/A
,,,,,,,#N/A
,,,,,,,
,,,,,,,
,,,,,,,#N/A
Historic,US,,46,"4,078",America,,TC
Oval,US,,46,"4,023",America,,TC
8726,Spain,2020,340 BHP,1305kg with driver,2.0L in-line 4,FWD,160
8726,Spain,2020,340 BHP,1305kg with driver,2.0L in-line 4,FWD,160
8726,Spain,2020,340 BHP,1305kg with driver,2.0L in-line 4,FWD,160
8726,Spain,2020,340 BHP,1305kg with driver,2.0L in-line 4,FWD,160
8726,Spain,2020,340 BHP,1305kg with driver,2.0L in-line 4,FWD,160
8726,Spain,2020,340 BHP,1305kg with driver,2.0L in-line 4,FWD,160
8726,Spain,2020,340 BHP,1305kg with driver,2.0L in-line 4,FWD,160
8726,Spain,2020,340 BHP,1305kg with driver,2.0L in-line 4,FWD,160
8726,Spain,2020,340 BHP,1305kg with driver,2.0L in-line 4,FWD,160
8726,Spain,2020,340 BHP,1305kg with driver,2.0L in-line 4,FWD,160
8726,Spain,2020,340 BHP,1305kg with driver,2.0L in-line 4,FWD,160
8726,Spain,2020,340 BHP,1305kg with driver,2.0L in-line 4,FWD,160
8726,Spain,2020,340 BHP,1305kg with driver,2.0L in-line 4,FWD,160
8726,Spain,2020,340 BHP,1305kg with driver,2.0L in-line 4,FWD,160
8726,Spain,2020,340 BHP,1305kg with driver,2.0L in-line 4,FWD,160
8726,Spain,2020,340 BHP,1305kg with driver,2.0L in-line 4,FWD,160
8726,Spain,2020,340 BHP,1305kg with driver,2.0L in-line 4,FWD,160
8726,Spain,2020,340 BHP,1305kg with driver,2.0L in-line 4,FWD,160
8726,Spain,2020,340 BHP,1305kg with driver,2.0L in-line 4,FWD,160
8726,Spain,2020,340 BHP,1305kg with driver,2.0L in-line 4,FWD,160
8726,Spain,2020,340 BHP,1305kg with driver,2.0L in-line 4,FWD,160
,Germany,2020,415bhp,1545kg,4.0L V8,RWD,165
,,,,,,,
,,,,,,,
,,,,,,,
,,,,,,,
Grand Prix,Netherlands,,33,"4,555",Europe,,TC
9986,Germany,2022,1100BHP,5300kg,,RWD,217
,,,,,,,#N/A
,Germany,2022,1100BHP,5300kg,,RWD,217
,,,,,,,217
8487,Germany,2019,610 BHP,1335kg with driver,F6,RWD,66
8604,Germany,2019,570BHP,1390kg with driver,5.2L V38,RWD,80
,,,,,,,
,,,,,,,
,,,,,,,
,,,,,,,#N/A
,,,,,,,#N/A
,,,,,,,#N/A
,,,,,,,#N/A
,,,,,,,#N/A
,,,,,,,#N/A
,,,,,,,#N/A
,,,,,,,#N/A
,,,,,,,#N/A
,,,,,,,#N/A
,,,,,,,#N/A
,,,,,,,
,,,,,,,
,,,,,,,
,,,,,,,
,,,,,,,
,,,,,,,
,,,,,,,
,,,,,,,
,,,,,,,
,,,,,,,
,,,,,,,
,,,,,,,
10018,Sweden,2022,1050BHP,769kg,1.6L V6-T Hybrid,RWD,4
,,,,,,,#N/A
10018,,,,,,,4
8900,Germany,2020,450BHP,1605kg with driver,5.2L V10,RWD,165
8900,Germany,2020,450BHP,1605kg with driver,5.2L V10,RWD,165
8900,Germany,2020,450BHP,1605kg with driver,5.2L V10,RWD,165
8900,Germany,2020,450BHP,1605kg with driver,5.2L V10,RWD,165
7162,United Kingdom,2010,355bhp,1300Kg,V6,RWD,165
7162,United Kingdom,2010,355bhp,1300Kg,V7,RWD,165
7162,United Kingdom,2010,355bhp,1300Kg,V8,RWD,165
7162,United Kingdom,2010,355bhp,1300Kg,V9,RWD,165
5767,Austria,2015,353BHP,1300Kg,L4,RWD,165
5767,Austria,2015,353BHP,1300Kg,L4,RWD,165
5767,Austria,2015,353BHP,1300Kg,L4,RWD,165
5767,Austria,2015,353BHP,1300Kg,L4,RWD,165
8053,Germany,2017,430BHP,1570kg with driver,3.0L straight-6,RWD,165
8053,Germany,2017,430BHP,1570kg with driver,3.0L straight-6,RWD,165
8053,Germany,2017,430BHP,1570kg with driver,3.0L straight-6,RWD,165
8053,Germany,2017,430BHP,1570kg with driver,3.0L straight-6,RWD,165
9644,Germany,2020,415bhp,1545kg,4.0L V8,RWD,165
9644,Germany,2020,415bhp,1545kg,4.0L V8,RWD,165
9644,Germany,2020,415bhp,1545kg,4.0L V8,RWD,165
9644,Germany,2020,415bhp,1545kg,4.0L V8,RWD,165
8201,Germany,2019,420 BHP,1435kg with driver,3.8l flat 6,RWD,165
8201,Germany,2019,420 BHP,1435kg with driver,3.8l flat 6,RWD,165
8201,Germany,2019,420 BHP,1435kg with driver,3.8l flat 6,RWD,165
8201,Germany,2019,420 BHP,1435kg with driver,3.8l flat 6,RWD,165
,,,,,,,
,,,,,,,#N/A
,,,,,,,
,,,,,,,#N/A
,,,,,,,80
,,,,,,,4
10051,Germany,2019,570BHP,1390kg with driver,5.2L V10,RWD,80
,,,,,,,#N/A
,,,,,,,#N/A
,,,,,,,#N/A
,,,,,,,#N/A
,,,,,,,#N/A
,,,,,,,#N/A
,,,,,,,#N/A
,,,,,,,#N/A
10051,Germany,2019,570BHP,1390kg with driver,5.2L V10,RWD,80
10051,Germany,2019,570BHP,1390kg with driver,5.2L V10,RWD,80
,,,,,,,
10051,Germany,2019,570BHP,1390kg with driver,5.2L V10,RWD,80
,,,,,,,
10051,Germany,2019,570BHP,1390kg with driver,5.2L V10,RWD,80
10051,Germany,2019,570BHP,1390kg with driver,5.2L V10,RWD,80
10051,Germany,2019,570BHP,1390kg with driver,5.2L V10,RWD,80
10051,Germany,2019,570BHP,1390kg with driver,5.2L V10,RWD,80
,,,,,,,
10051,Germany,2019,570BHP,1390kg with driver,5.2L V10,RWD,80
,,,,,,,
10051,Germany,2019,570BHP,1390kg with driver,5.2L V10,RWD,80
10051,Germany,2019,570BHP,1390kg with driver,5.2L V10,RWD,80
,,,,,,,
10051,Germany,2019,570BHP,1390kg with driver,5.2L V10,RWD,80
10076,Germany,2016,590BHP,1395kg with driver,4.4L V8,RWD,80
,,,,,,,#N/A
,,,,,,,#N/A
10076,Germany,2016,590BHP,1395kg with driver,4.4L V8,RWD,80
,,,,,,,
,,,,,,,
10076,Germany,2016,590BHP,1395kg with driver,4.4L V8,RWD,80
10076,Germany,2016,590BHP,1395kg with driver,4.4L V8,RWD,80
,,,,,,,#N/A
10085,United Kingdom,2019,577 bhp,1410kg with driver,4.0L V8,RWD,80
,,,,,,,#N/A
,,,,,,,#N/A
,,,,,,,#N/A
,,,,,,,#N/A
,,,,,,,#N/A
,,,,,,,#N/A
,,,,,,,
10085,United Kingdom,2019,577 bhp,1410kg with driver,4.0L V8,RWD,80
10085,United Kingdom,2019,577 bhp,1410kg with driver,4.0L V8,RWD,80
10085,United Kingdom,2019,577 bhp,1410kg with driver,4.0L V8,RWD,80
10085,United Kingdom,2019,577 bhp,1410kg with driver,4.0L V8,RWD,80
,,,,,,,
10085,United Kingdom,2019,577 bhp,1410kg with driver,4.0L V8,RWD,80
,,,,,,,
10085,United Kingdom,2019,577 bhp,1410kg with driver,4.0L V8,RWD,80
,,,,,,,
10085,United Kingdom,2019,577 bhp,1410kg with driver,4.0L V8,RWD,80
10085,United Kingdom,2019,577 bhp,1410kg with driver,4.0L V8,RWD,80
10085,United Kingdom,2019,577 bhp,1410kg with driver,4.0L V8,RWD,80
10085,United Kingdom,2019,577 bhp,1410kg with driver,4.0L V8,RWD,80
,,,,,,,
10085,United Kingdom,2019,577 bhp,1410kg with driver,4.0L V8,RWD,80
10085,United Kingdom,2019,577 bhp,1410kg with driver,4.0L V8,RWD,80
,,,,,,,#N/A
10110,Germany,2019,585 BHP,1390kg with driver,6.3L V8,RWD,80
,,,,,,,#N/A
10110,Germany,2019,585 BHP,1390kg with driver,6.3L V8,RWD,80
10110,Germany,2019,585 BHP,1390kg with driver,6.3L V8,RWD,80
,,,,,,,#N/A
,,,,,,,#N/A
10110,Germany,2019,585 BHP,1390kg with driver,6.3L V8,RWD,80
10110,Germany,2019,585 BHP,1390kg with driver,6.3L V8,RWD,80
,,,,,,,#N/A
10119,Germany,2019,570BHP,1345kg with driver,4.0L Flat-6,RWD,80
,,,,,,,#N/A
10119,Germany,2019,570BHP,1345kg with driver,4.0L Flat-6,RWD,80
,,,,,,,
,,,,,,,#N/A
10119,Germany,2019,570BHP,1345kg with driver,4.0L Flat-6,RWD,80
,,,,,,,#N/A
10119,Germany,2019,570BHP,1345kg with driver,4.0L Flat-6,RWD,80
10127,United States,2016,585BHP,1375kg with driver,6.2L V8,RWD,80
,,,,,,,#N/A
10127,United States,2016,585BHP,1375kg with driver,6.2L V8,RWD,80
,,,,,,,
,,,,,,,
,,,,,,,
10051,Germany,2019,570BHP,1390kg with driver,5.2L V10,RWD,80
10051,Germany,2019,570BHP,1390kg with driver,5.2L V10,RWD,80
10076,Germany,2016,590BHP,1395kg with driver,4.4L V8,RWD,80
10076,Germany,2016,590BHP,1395kg with driver,4.4L V8,RWD,80
10085,United Kingdom,2019,577 bhp,1410kg with driver,4.0L V8,RWD,80
10085,United Kingdom,2019,577 bhp,1410kg with driver,4.0L V8,RWD,80
10127,United States,2016,585BHP,1375kg with driver,6.2L V8,RWD,80
10127,United States,2016,585BHP,1375kg with driver,6.2L V8,RWD,80
10110,Germany,2019,585 BHP,1390kg with driver,6.3L V8,RWD,80
10110,Germany,2019,585 BHP,1390kg with driver,6.3L V8,RWD,80
10119,Germany,2019,570BHP,1345kg with driver,4.0L Flat-6,RWD,80
10119,Germany,2019,570BHP,1345kg with driver,4.0L Flat-6,RWD,80
,,,,,,,#N/A
,,,,,,,#N/A
,,,,,,,#N/A
,,,,,,,#N/A
,,,,,,,#N/A
,,,,,,,
,,,,,,,#N/A
,,,,,,,
,,,,,,,#N/A
,,,,,,,#N/A
,,,,,,,
,,,,,,,
,,,,,,,#N/A
,,,,,,,#N/A
,,,,,,,
,,,,,,,#N/A
,,,,,,,#N/A
,,,,,,,
,,,,,,,
,,,,,,,#N/A
,,,,,,,#N/A
,,,,,,,#N/A
,,,,,,,#N/A
,,,,,,,#N/A
,,,,,,,#N/A
,,,,,,,#N/A
,,,,,,,#N/A
,,,,,,,#N/A
,,,,,,,#N/A
,,,,,,,#N/A
,,,,,,,#N/A
8900,Germany,2020,450BHP,1605kg with driver,5.2L V10,RWD,165
,,,,,,,#N/A
,,,,,,,#N/A
,,,,,,,#N/A
8900,Germany,2020,450BHP,1605kg with driver,5.2L V10,RWD,165
9644,Germany,2020,415bhp,1545kg,4.0L V8,RWD,165
,,,,,,,#N/A
,,,,,,,#N/A
,,,,,,,#N/A
,,,,,,,#N/A
,,,,,,,#N/A
,,,,,,,#N/A
9644,Germany,2020,415bhp,1545kg,4.0L V8,RWD,165
9644,Germany,2020,415bhp,1545kg,4.0L V8,RWD,165
9644,Germany,2020,415bhp,1545kg,4.0L V8,RWD,165
,,,,,,,#N/A
,,,,,,,#N/A
,,,,,,,#N/A
,,,,,,,#N/A
,,,,,,,
,,,,,,,
,,,,,,,
,,,,,,,#N/A
,,,,,,,#N/A
,,,,,,,#N/A
,,,,,,,#N/A
,,,,,,,#N/A
,,,,,,,#N/A
,,,,,,,
,,,,,,,
,,,,,,,#N/A
,,,,,,,
,,,,,,,
,,,,,,,
,,,,,,,#N/A
,,,,,,,#N/A
,,,,,,,#N/A
,,,,,,,#N/A
,,,,,,,#N/A
,,,,,,,#N/A
,,,,,,,#N/A
,,,,,,,#N/A
,,,,,,,
,,,,,,,
,,,,,,,
,,,,,,,
,,,,,,,#N/A
,,,,,,,#N/A
,,,,,,,#N/A
,,,,,,,#N/A
,,,,,,,
,,,,,,,
,,,,,,,
,,,,,,,
,,,,,,,
,,,,,,,
,,,,,,,
,,,,,,,
,,,,,,,
,,,,,,,
,,,,,,,
,,,,,,,
,,,,,,,#N/A
,,,,,,,#N/A
,,,,,,,
8726,Spain,2020,340 BHP,1305kg with driver,2.0L in-line 4,FWD,160
8726,Spain,2020,340 BHP,1305kg with driver,2.0L in-line 4,FWD,160
8726,Spain,2020,340 BHP,1305kg with driver,2.0L in-line 4,FWD,160
8726,Spain,2020,340 BHP,1305kg with driver,2.0L in-line 4,FWD,160
8726,Spain,2020,340 BHP,1305kg with driver,2.0L in-line 4,FWD,160
8726,Spain,2020,340 BHP,1305kg with driver,2.0L in-line 4,FWD,160
,,,,,,,#N/A
,,,,,,,
,,,,,,,
8726,Spain,2020,340 BHP,1305kg with driver,2.0L in-line 4,FWD,160
8726,Spain,2020,340 BHP,1305kg with driver,2.0L in-line 4,FWD,160
8726,Spain,2020,340 BHP,1305kg with driver,2.0L in-line 4,FWD,160
8726,Spain,2020,340 BHP,1305kg with driver,2.0L in-line 4,FWD,160
8726,Spain,2020,340 BHP,1305kg with driver,2.0L in-line 4,FWD,160
,,,,,,,
,,,,,,,
,,,,,,,
Club Circuit,France,,26,"1,862",Europe,,TC
,,,,,,,
,,,,,,,
,,,,,,,#N/A
,,,,,,,
10263,,,,,,,158
,,,,,,,#N/A
10263,,,,,,,158
,,,,,,,158
,,,,,,,#N/A
,,,,,,,#N/A
,,,,,,,#N/A
,,,,,,,4
,,,,,,,
,,,,,,,
,,,,,,,
DMEC,Germany,,8,,Europe,,TC
,,,,,,,
,,,,,,,4
,,,,,,,
,,,,,,,
,,,,,,,
,,,,,,,
9660,Austria,2020,523BHP,1048 kg,2.5L-Inline-5,RWD,73
5818,Germany,2016,590BHP,1395kg with driver,4.4L V8,RWD,80
9603,Germany,2019,585 BHP,1390kg with driver,6.3L V8,RWD,80
9603,Germany,2019,585 BHP,1390kg with driver,6.3L V8,RWD,80
9603,Germany,2019,585 BHP,1390kg with driver,6.3L V8,RWD,80
9603,Germany,2019,585 BHP,1390kg with driver,6.3L V8,RWD,80
9603,Germany,2019,585 BHP,1390kg with driver,6.3L V8,RWD,80
9603,Germany,2019,585 BHP,1390kg with driver,6.3L V8,RWD,80
8053,Germany,2017,430BHP,1570kg with driver,3.0L straight-6,RWD,165
8053,Germany,2017,430BHP,1570kg with driver,3.0L straight-6,RWD,165
8053,Germany,2017,430BHP,1570kg with driver,3.0L straight-6,RWD,165
9603,Germany,2019,585 BHP,1390kg with driver,6.3L V8,RWD,80
9603,Germany,2019,585 BHP,1390kg with driver,6.3L V8,RWD,80
9603,Germany,2019,585 BHP,1390kg with driver,6.3L V8,RWD,80
,,,,,,,
9644,Germany,2020,415bhp,1545kg,4.0L V8,RWD,165
9644,Germany,2020,415bhp,1545kg,4.0L V8,RWD,165
9644,Germany,2020,415bhp,1545kg,4.0L V8,RWD,165
9644,Germany,2020,415bhp,1545kg,4.0L V8,RWD,165
,,,,,,,
,,,,,,,
,,,,,,,
,,,,,,,
,,,,,,,
,,,,,,,
,,,,,,,
,,,,,,,
,,,,,,,
,,,,,,,
,,,,,,,
,,,,,,,
,,,,,,,
,,,,,,,
,,,,,,,
,,,,,,,
,,,,,,,
,,,,,,,
,,,,,,,
,,,,,,,
,,,,,,,
,,,,,,,
,,,,,,,
,,,,,,,
,,,,,,,
,,,,,,,
,,,,,,,
,,,,,,,
GP Course Oval T1,Germany,,36,"4,534",Europe,,TC
,,,,,,,
,,,,,,,
9603,Germany,2019,585 BHP,1390kg with driver,6.3L V8,RWD,80
9603,Germany,2019,585 BHP,1390kg with driver,6.3L V8,RWD,80
,,,,,,,#N/A
,,,,,,,
8166,Germany,2017,485 BHP @ 7500rpm,1205 Kg,4.0l flat-6,RWD,110
8166,Germany,2017,485 BHP @ 7500rpm,1205 Kg,4.0l flat-6,RWD,110
8166,Germany,2017,485 BHP @ 7500rpm,1205 Kg,4.0l flat-6,RWD,110
8604,Germany,2019,570BHP,1390kg with driver,5.2L V39,RWD,80
8593,United Kingdom,2019,,1410kg with driver,4.0L V8,RWD,80
5818,Germany,2016,590BHP,1395kg with driver,4.4L V8,RWD,80
6174,United States,2016,585BHP,1375kg with driver,6.2L V8,RWD,80
9603,Germany,2019,585 BHP,1390kg with driver,6.3L V8,RWD,80
8257,Germany,2019,570BHP,1345kg with driver,4.0L Flat-6,RWD,80
,,,,,,,160
10345,Germany,2021,345BHP,1385kg with driver,L4,FWD,160
,,,,,,,#N/A
,,,,,,,
,,,,,,,#N/A
8166,Germany,2017,485 BHP @ 7500rpm,1205 Kg,4.0l flat-6,RWD,110
8166,Germany,2017,485 BHP @ 7500rpm,1205 Kg,4.0l flat-6,RWD,110
North Course,Netherlands,,33,"2,555",Europe,,TC
,,,,,,,#N/A
,,,,,,,
8053,Germany,2017,430BHP,1570kg with driver,3.0L straight-6,RWD,165
Motorcycle Course,Netherlands,,33,"4,542",Europe,,TC
,,,,,,,#N/A
,,,,,,,
,,,,,,,
,,,,,,,
,,,,,,,#N/A
,,,,,,,#N/A
,,,,,,,
,,,,,,,#N/A
,,,,,,,
,,,,,,,
,,,,,,,
,,,,,,,
10368,China,2020,340BHP,1355kg with driver,2.0L in-line 4,FWD,160
,,,,,,,#N/A
,,,,,,,#N/A
10371,Spain,2020,340BHP,1305kg with driver,2.0L in-line 4,FWD,160
,,,,,,,#N/A
,,,,,,,#N/A
10368,China,2020,340BHP,1355kg with driver,2.0L in-line 4,FWD,160
10368,China,2020,340BHP,1355kg with driver,2.0L in-line 4,FWD,160
10368,China,2020,340BHP,1355kg with driver,2.0L in-line 4,FWD,160
10368,China,2020,340BHP,1355kg with driver,2.0L in-line 4,FWD,160
,,,,,,,#N/A
10371,Spain,2020,340BHP,1305kg with driver,2.0L in-line 4,FWD,160
10371,Spain,2020,340BHP,1305kg with driver,2.0L in-line 4,FWD,160
10371,Spain,2020,340BHP,1305kg with driver,2.0L in-line 4,FWD,160
10371,Spain,2020,340BHP,1305kg with driver,2.0L in-line 4,FWD,160
,,,,,,,
,,,,,,,
,,,,,,,
,,,,,,,
10387,Italy,2021,560BHP,1370kg with driver,3.9L V8,RWD,80
,,,,,,,#N/A
,,,,,,,
,,,,,,,
,,,,,,,
Caupenne Circuit,France,,36,"1,576",Europe,,TC
,,,,,,,
Grand Prix,UK,,35,"4,020",Europe,,TC
,,,,,,,#N/A
,,,,,,,80
10397,Südkorea,2020,340BHP,1365kg with driver,2.0L in-line 4,FWD,160
,,,,,,,#N/A
,,,,,,,
,,,,,,,
10401,Japan,2020,340BHP,1325kg with driver,2.0L in-line 4,FWD,160
,,,,,,,#N/A
,,,,,,,#N/A
10401,Japan,2020,340BHP,1325kg with driver,2.0L in-line 4,FWD,160
10401,Japan,2020,340BHP,1325kg with driver,2.0L in-line 4,FWD,160
10401,Japan,2020,340BHP,1325kg with driver,2.0L in-line 4,FWD,160
10401,Japan,2020,340BHP,1325kg with driver,2.0L in-line 4,FWD,160
10345,Germany,2021,345BHP,1385kg with driver,L4,FWD,160
10345,Germany,2021,345BHP,1385kg with driver,L4,FWD,160
,,,,,,,#N/A
,,,,,,,#N/A
10345,Germany,2021,345BHP,1385kg with driver,L4,FWD,160
10345,Germany,2021,345BHP,1385kg with driver,L4,FWD,160
Drift Area,France,,12,3.356,Europe,,TC
,,,,,,,
,,,,,,,
,,,,,,,
,,,,,,,#N/A
,,,,,,,#N/A
,,,,,,,#N/A
10397,Südkorea,2020,340BHP,1365kg with driver,2.0L in-line 4,FWD,160
10397,Südkorea,2020,340BHP,1365kg with driver,2.0L in-line 4,FWD,160
10397,Südkorea,2020,340BHP,1365kg with driver,2.0L in-line 4,FWD,160
10397,Südkorea,2020,340BHP,1365kg with driver,2.0L in-line 4,FWD,160
10397,Südkorea,2020,340BHP,1365kg with driver,2.0L in-line 4,FWD,160
10397,Südkorea,2020,340BHP,1365kg with driver,2.0L in-line 4,FWD,160
10397,Südkorea,2020,340BHP,1365kg with driver,2.0L in-line 4,FWD,160
,,,,,,,
,,,,,,,
,,,,,,,
,,,,,,,
,,,,,,,
,,,,,,,
,,,,,,,
,,,,,,,
,,,,,,,
,,,,,,,
,,,,,,,
,,,,,,,
,,,,,,,
10441,Japan,2020,340 BHP,1325 kg,2.0L in-line 4,FWD,160
,,,,,,,#N/A
10441,Japan,2020,340 BHP,1325 kg,2.0L in-line 4,FWD,160
10441,Japan,2020,340 BHP,1325 kg,2.0L in-line 4,FWD,160
10441,Japan,2020,340 BHP,1325 kg,2.0L in-line 4,FWD,160
10441,Japan,2020,340 BHP,1325 kg,2.0L in-line 4,FWD,160
10441,Japan,2020,340 BHP,1325 kg,2.0L in-line 4,FWD,160
10441,Japan,2020,340 BHP,1325 kg,2.0L in-line 4,FWD,160
10441,Japan,2020,340 BHP,1325 kg,2.0L in-line 4,FWD,160
10441,Japan,2020,340 BHP,1325 kg,2.0L in-line 4,FWD,160
10441,Japan,2020,340 BHP,1325 kg,2.0L in-line 4,FWD,160
10441,Japan,2020,340 BHP,1325 kg,2.0L in-line 4,FWD,160
10441,Japan,2020,340 BHP,1325 kg,2.0L in-line 4,FWD,160
10441,Japan,2020,340 BHP,1325 kg,2.0L in-line 4,FWD,160
,,,,,,,
,,,,,,,
,,,,,,,
,,,,,,,
,,,,,,,
,,,,,,,
,,,,,,,
,,,,,,,
Grand Prix,Brasil,,36,"4,309",America,,TC
8604,Germany,2019,570BHP,1390kg with driver,5.2L V40,RWD,80
8604,Germany,2019,570BHP,1390kg with driver,5.2L V41,RWD,80
8604,Germany,2019,570BHP,1390kg with driver,5.2L V42,RWD,80
8604,Germany,2019,570BHP,1390kg with driver,5.2L V43,RWD,80
5818,Germany,2016,590BHP,1395kg with driver,4.4L V8,RWD,80
5818,Germany,2016,590BHP,1395kg with driver,4.4L V8,RWD,80
5818,Germany,2016,590BHP,1395kg with driver,4.4L V8,RWD,80
5818,Germany,2016,590BHP,1395kg with driver,4.4L V8,RWD,80
8593,United Kingdom,2019,,1410kg with driver,4.0L V8,RWD,80
8593,United Kingdom,2019,,1410kg with driver,4.0L V8,RWD,80
8593,United Kingdom,2019,,1410kg with driver,4.0L V8,RWD,80
8593,United Kingdom,2019,,1410kg with driver,4.0L V8,RWD,80
6174,United States,2016,585BHP,1375kg with driver,6.2L V8,RWD,80
6174,United States,2016,585BHP,1375kg with driver,6.2L V8,RWD,80
6174,United States,2016,585BHP,1375kg with driver,6.2L V8,RWD,80
6174,United States,2016,585BHP,1375kg with driver,6.2L V8,RWD,80
8257,Germany,2019,570BHP,1345kg with driver,4.0L Flat-6,RWD,80
8257,Germany,2019,570BHP,1345kg with driver,4.0L Flat-6,RWD,80
8257,Germany,2019,570BHP,1345kg with driver,4.0L Flat-6,RWD,80
8257,Germany,2019,570BHP,1345kg with driver,4.0L Flat-6,RWD,80
9603,Germany,2019,585 BHP,1390kg with driver,6.3L V8,RWD,80
9603,Germany,2019,585 BHP,1390kg with driver,6.3L V8,RWD,80
9603,Germany,2019,585 BHP,1390kg with driver,6.3L V8,RWD,80
9603,Germany,2019,585 BHP,1390kg with driver,6.3L V8,RWD,80
8487,Germany,2019,610 BHP,1335kg with driver,F6,RWD,66
,,,,,,,#N/A
,,,,,,,
,,,,,,,#N/A
,,,,,,,
,,,,,,,#N/A
,,,,,,,#N/A
,,,,,,,#N/A
,,,,,,,#N/A
,,,,,,,#N/A
,,,,,,,#N/A
,,,,,,,#N/A
,,,,,,,#N/A
,,,,,,,#N/A
,,,,,,,
,,,,,,,#N/A
,,,,,,,#N/A
,,,,,,,#N/A
,,,,,,,#N/A
,,,,,,,#N/A
,,,,,,,
,,,,,,,#N/A
,,,,,,,
,,,,,,,
,,,,,,,#N/A
,,,,,,,#N/A
8487,Germany,2019,610 BHP,1335kg with driver,F6,RWD,66
8487,Germany,2019,610 BHP,1335kg with driver,F6,RWD,66
8487,Germany,2019,610 BHP,1335kg with driver,F6,RWD,66
8487,Germany,2019,610 BHP,1335kg with driver,F6,RWD,66
8487,Germany,2019,610 BHP,1335kg with driver,F6,RWD,66
8487,Germany,2019,610 BHP,1335kg with driver,F6,RWD,66
8487,Germany,2019,610 BHP,1335kg with driver,F6,RWD,66
8487,Germany,2019,610 BHP,1335kg with driver,F6,RWD,66
8487,Germany,2019,610 BHP,1335kg with driver,F6,RWD,66
8487,Germany,2019,610 BHP,1335kg with driver,F6,RWD,66
8487,Germany,2019,610 BHP,1335kg with driver,F6,RWD,66
8487,Germany,2019,610 BHP,1335kg with driver,F6,RWD,66
8487,Germany,2019,610 BHP,1335kg with driver,F6,RWD,66
8487,Germany,2019,610 BHP,1335kg with driver,F6,RWD,66
8487,Germany,2019,610 BHP,1335kg with driver,F6,RWD,66
8487,Germany,2019,610 BHP,1335kg with driver,F6,RWD,66
8487,Germany,2019,610 BHP,1335kg with driver,F6,RWD,66
8487,Germany,2019,610 BHP,1335kg with driver,F6,RWD,66
8487,Germany,2019,610 BHP,1335kg with driver,F6,RWD,66
8487,Germany,2019,610 BHP,1335kg with driver,F6,RWD,66
8487,Germany,2019,610 BHP,1335kg with driver,F6,RWD,66
8487,Germany,2019,610 BHP,1335kg with driver,F6,RWD,66
8487,Germany,2019,610 BHP,1335kg with driver,F6,RWD,66
8166,Germany,2017,485 BHP @ 7500rpm,1205 Kg,4.0l flat-6,RWD,110
8166,Germany,2017,485 BHP @ 7500rpm,1205 Kg,4.0l flat-6,RWD,110
8166,Germany,2017,485 BHP @ 7500rpm,1205 Kg,4.0l flat-6,RWD,110
,,,,,,,
10541,Germany,2019,570BHP,1390kg with driver,5.2L V44,RWD,80
,,,,,,,#N/A
,,,,,,,#N/A
,,,,,,,#N/A
10541,Germany,2019,570BHP,1390kg with driver,5.2L V45,RWD,80
10546,Germany,2016,590BHP,1395kg with driver,4.4L V8,RWD,80
,,,,,,,#N/A
,,,,,,,#N/A
,,,,,,,
,,,,,,,
,,,,,,,
10552,United Kingdom,2021,575 BHP,1390kg with driver,4.0L V8,RWD,80
,,,,,,,#N/A
10552,United Kingdom,2021,575 BHP,1390kg with driver,4.0L V8,RWD,80
10546,Germany,2016,590BHP,1395kg with driver,4.4L V8,RWD,80
10556,Germany,2019,585 BHP,1390kg with driver,6.3L V8,RWD,80
,,,,,,,#N/A
,,,,,,,#N/A
,,,,,,,#N/A
,,,,,,,#N/A
,,,,,,,#N/A
,,,,,,,#N/A
10556,Germany,2019,585 BHP,1390kg with driver,6.3L V8,RWD,80
10564,Germany,2019,570BHP,1345kg with driver,4.0L Flat-6,RWD,80
,,,,,,,#N/A
10564,Germany,2019,570BHP,1345kg with driver,4.0L Flat-6,RWD,80
10387,Italy,2021,560BHP,1370kg with driver,3.9L V8,RWD,80
,,,,,,,#N/A
10387,Italy,2021,560BHP,1370kg with driver,3.9L V8,RWD,80
,,,,,,,
10541,Germany,2019,570BHP,1390kg with driver,5.2L V46,RWD,80
10541,Germany,2019,570BHP,1390kg with driver,5.2L V47,RWD,80
10541,Germany,2019,570BHP,1390kg with driver,5.2L V48,RWD,80
10541,Germany,2019,570BHP,1390kg with driver,5.2L V49,RWD,80
10541,Germany,2019,570BHP,1390kg with driver,5.2L V50,RWD,80
10546,Germany,2016,590BHP,1395kg with driver,4.4L V8,RWD,80
10546,Germany,2016,590BHP,1395kg with driver,4.4L V8,RWD,80
10578,Germany,2018,338 bhp,1315 kg,L4,FWD,160
,,,,,,,#N/A
10578,Germany,2018,338 bhp,1315 kg,L4,FWD,160
10578,Germany,2018,338 bhp,1315 kg,L4,FWD,160
10578,Germany,2018,338 bhp,1315 kg,L4,FWD,160
10578,Germany,2018,338 bhp,1315 kg,L4,FWD,160
10578,Germany,2018,338 bhp,1315 kg,L4,FWD,160
10578,Germany,2018,338 bhp,1315 kg,L4,FWD,160
10578,Germany,2018,338 bhp,1315 kg,L4,FWD,160
10578,Germany,2018,338 bhp,1315 kg,L4,FWD,160
10578,Germany,2018,338 bhp,1315 kg,L4,FWD,160
10578,Germany,2018,338 bhp,1315 kg,L4,FWD,160
10578,Germany,2018,338 bhp,1315 kg,L4,FWD,160
10556,Germany,2019,585 BHP,1390kg with driver,6.3L V8,RWD,80
10556,Germany,2019,585 BHP,1390kg with driver,6.3L V8,RWD,80
10556,Germany,2019,585 BHP,1390kg with driver,6.3L V8,RWD,80
10556,Germany,2019,585 BHP,1390kg with driver,6.3L V8,RWD,80
10556,Germany,2019,585 BHP,1390kg with driver,6.3L V8,RWD,80
10556,Germany,2019,585 BHP,1390kg with driver,6.3L V8,RWD,80
10556,Germany,2019,585 BHP,1390kg with driver,6.3L V8,RWD,80
10556,Germany,2019,585 BHP,1390kg with driver,6.3L V8,RWD,80
10599,Germany,2021,450BHP,1620kg with driver,3L-Inline6,RWD,186
,,,,,,,#N/A
10599,Germany,2021,450BHP,1620kg with driver,3L-Inline6,RWD,186
,,,,,,,
,,,,,,,
10604,Germany,2021,600,,V8,RWD,210
,,,,,,,#N/A
,,,,,,,
10604,Germany,2021,600,,V8,RWD,210
10604,Germany,2021,600,,V8,RWD,210
,,,,,,,
,,,,,,,
,,,,,,,
,,,,,,,
,,,,,,,
,,,,,,,
,,,,,,,
,,,,,,,
,,,,,,,125
,,,,,,,125
,,,,,,,125
,,,,,,,125
,,,,,,,125
,,,,,,,
,,,,,,,125
,,,,,,,125
,,,,,,,125
,,,,,,,125
,,,,,,,125
,,,,,,,125
,,,,,,,125
,,,,,,,125
,,,,,,,125
,,,,,,,125
,,,,,,,125
,,,,,,,125
,,,,,,,125
,,,,,,,125
,,,,,,,125
,,,,,,,#N/A
9603,Germany,2019,585 BHP,1390kg with driver,6.3L V8,RWD,80
9603,Germany,2019,585 BHP,1390kg with driver,6.3L V8,RWD,80
9603,Germany,2019,585 BHP,1390kg with driver,6.3L V8,RWD,80
9603,Germany,2019,585 BHP,1390kg with driver,6.3L V8,RWD,80
9603,Germany,2019,585 BHP,1390kg with driver,6.3L V8,RWD,80
9603,Germany,2019,585 BHP,1390kg with driver,6.3L V8,RWD,80
9603,Germany,2019,585 BHP,1390kg with driver,6.3L V8,RWD,80
9603,Germany,2019,585 BHP,1390kg with driver,6.3L V8,RWD,80
9603,Germany,2019,585 BHP,1390kg with driver,6.3L V8,RWD,80
9603,Germany,2019,585 BHP,1390kg with driver,6.3L V8,RWD,80
9603,Germany,2019,585 BHP,1390kg with driver,6.3L V8,RWD,80
,,,,,,,#N/A
,,,,,,,
9603,Germany,2019,585 BHP,1390kg with driver,6.3L V8,RWD,80
9603,Germany,2019,585 BHP,1390kg with driver,6.3L V8,RWD,80
9603,Germany,2019,585 BHP,1390kg with driver,6.3L V8,RWD,80
9603,Germany,2019,585 BHP,1390kg with driver,6.3L V8,RWD,80
9603,Germany,2019,585 BHP,1390kg with driver,6.3L V8,RWD,80
9603,Germany,2019,585 BHP,1390kg with driver,6.3L V8,RWD,80
9603,Germany,2019,585 BHP,1390kg with driver,6.3L V8,RWD,80
9603,Germany,2019,585 BHP,1390kg with driver,6.3L V8,RWD,80
9603,Germany,2019,585 BHP,1390kg with driver,6.3L V8,RWD,80
9603,Germany,2019,585 BHP,1390kg with driver,6.3L V8,RWD,80
9603,Germany,2019,585 BHP,1390kg with driver,6.3L V8,RWD,80
9603,Germany,2019,585 BHP,1390kg with driver,6.3L V8,RWD,80
9603,Germany,2019,585 BHP,1390kg with driver,6.3L V8,RWD,80
9603,Germany,2019,585 BHP,1390kg with driver,6.3L V8,RWD,80
9603,Germany,2019,585 BHP,1390kg with driver,6.3L V8,RWD,80
9603,Germany,2019,585 BHP,1390kg with driver,6.3L V8,RWD,80
9603,Germany,2019,585 BHP,1390kg with driver,6.3L V8,RWD,80
9603,Germany,2019,585 BHP,1390kg with driver,6.3L V8,RWD,80
9603,Germany,2019,585 BHP,1390kg with driver,6.3L V8,RWD,80
9603,Germany,2019,585 BHP,1390kg with driver,6.3L V8,RWD,80
9603,Germany,2019,585 BHP,1390kg with driver,6.3L V8,RWD,80
9603,Germany,2019,585 BHP,1390kg with driver,6.3L V8,RWD,80
10674,Russia,2020,340BHP,1345kg with driver,2.0L in-line 4,FWD,160
,,,,,,,#N/A
,,,,,,,
10674,Russia,2020,340BHP,1345kg with driver,2.0L in-line 4,FWD,160
,,,,,,,
,,,,,,,
,,,,,,,
,,,,,,,#N/A
10674,Russia,2020,340BHP,1345kg with driver,2.0L in-line 4,FWD,160
,,,,,,,
,,,,,,,
,,,,,,,
,,,,,,,
,,,,,,,
8604,Germany,2019,570BHP,1390kg with driver,5.2L V10,RWD,80
5818,Germany,2016,590BHP,1395kg with driver,4.4L V8,RWD,#REF!
,,,,,,,#REF!
,,,,,,,#REF!
,,,,,,,#REF!
,,,,,,,#REF!
,,,,,,,
,,,,,,,
,,,,,,,
,,,,,,,
,,,,,,,#N/A
,,,,,,,#N/A
,,,,,,,#N/A
,,,,,,,#N/A
,,,,,,,#N/A
,,,,,,,#N/A
,,,,,,,#N/A
,,,,,,,#N/A
,,,,,,,#N/A
,,,,,,,#N/A
,,,,,,,#N/A
,,,,,,,#N/A
,,,,,,,
,,,,,,,
,,,,,,,
,,,,,,,
,,,,,,,
,,,,,,,
,,,,,,,
,,,,,,,
,,,,,,,
,,,,,,,
,,,,,,,
10721,Spain,2020,335HP,1310 Kg,L4,FWD,
,,,,,,,#N/A
10721,Spain,2020,335HP,1310 Kg,L4,FWD,
,,,,,,,#N/A
National,UK,,35,"3,149",Europe,,TC
8166,Germany,2017,485 BHP @ 7500rpm,1205 Kg,4.0l flat-6,RWD,110
,,,,,,,
8166,Germany,2017,485 BHP @ 7500rpm,1205 Kg,4.0l flat-6,RWD,110
8166,Germany,2017,485 BHP @ 7500rpm,1205 Kg,4.0l flat-6,RWD,110
8166,Germany,2017,485 BHP @ 7500rpm,1205 Kg,4.0l flat-6,RWD,110
8166,Germany,2017,485 BHP @ 7500rpm,1205 Kg,4.0l flat-6,RWD,110
8166,Germany,2017,485 BHP @ 7500rpm,1205 Kg,4.0l flat-6,RWD,110
8166,Germany,2017,485 BHP @ 7500rpm,1205 Kg,4.0l flat-6,RWD,110
8166,Germany,2017,485 BHP @ 7500rpm,1205 Kg,4.0l flat-6,RWD,110
8166,Germany,2017,485 BHP @ 7500rpm,1205 Kg,4.0l flat-6,RWD,110
8166,Germany,2017,485 BHP @ 7500rpm,1205 Kg,4.0l flat-6,RWD,110
8166,Germany,2017,485 BHP @ 7500rpm,1205 Kg,4.0l flat-6,RWD,110
8166,Germany,2017,485 BHP @ 7500rpm,1205 Kg,4.0l flat-6,RWD,110
8166,Germany,2017,485 BHP @ 7500rpm,1205 Kg,4.0l flat-6,RWD,110
,,,,,,,
,,,,,,,
,,,,,,,
,,,,,,,
10744,United Kingdom,2017,425BHP,1540kg with driver,3.8L V8,RWD,165
,,,,,,,#N/A
10744,United Kingdom,2017,425BHP,1540kg with driver,3.8L V8,RWD,165
,,,,,,,
4145,United States,1975,650,1030,V8,RWD,100
,,,,,,,
,,,,,,,
,,,,,,,
,,,,,,,
,,,,,,,
,,,,,,,
,,,,,,,
,,,,,,,
,,,,,,,
,,,,,,,
,,,,,,,
,,,,,,,
,,,,,,,
,,,,,,,
,,,,,,,
,,,,,,,
,,,,,,,
,,,,,,,
,,,,,,,#N/A
,,,,,,,#N/A
9660,Austria,2020,523BHP,1048 kg,2.5L-Inline-5,RWD,73
,,,,,,,#N/A
,,,,,,,#N/A
,,,,,,,#N/A
,,,,,,,#N/A
,,,,,,,#N/A
,,,,,,,#N/A
,,,,,,,#N/A
,,,,,,,#N/A
,,,,,,,#N/A
,,,,,,,#N/A
,,,,,,,#N/A
,,,,,,,
Grand Prix,Netherlands,,38,"4,259",Europe,,#N/A
,,,,,,,#N/A
,,,,,,,
,,,,,,,
,,,,,,,80
10787,Germany,2019,570BHP,1390kg with driver,5.2L V10,RWD,80
,,,,,,,#N/A
,,,,,,,#N/A
10790,United Kingdom,2019,577 bhp,1410kg with driver,4.0L V8,RWD,80
,,,,,,,#N/A
,,,,,,,#N/A
,,,,,,,#N/A
,,,,,,,#N/A
10076,Germany,2016,590BHP,1395kg with driver,4.4L V8,RWD,80
,,,,,,,#N/A
,,,,,,,#N/A
,,,,,,,#N/A
,,,,,,,#N/A
,,,,,,,#N/A
,,,,,,,#N/A
,,,,,,,#N/A
,,,,,,,#N/A
10804,United Kingdom,2021,575 BHP,1390kg with driver,4.0L V8,RWD,80
,,,,,,,#N/A
10806,Germany,2019,585 BHP,1390kg with driver,6.3L V8,RWD,80
,,,,,,,#N/A
10808,Germany,2019,570BHP,1345kg with driver,4.0L Flat-6,RWD,80
,,,,,,,#N/A
10787,Germany,2019,570BHP,1390kg with driver,5.2L V10,RWD,80
10787,Germany,2019,570BHP,1390kg with driver,5.2L V10,RWD,80
10790,United Kingdom,2019,577 bhp,1410kg with driver,4.0L V8,RWD,80
10804,United Kingdom,2021,575 BHP,1390kg with driver,4.0L V8,RWD,80
10804,United Kingdom,2021,575 BHP,1390kg with driver,4.0L V8,RWD,80
10790,United Kingdom,2019,577 bhp,1410kg with driver,4.0L V8,RWD,80
10806,Germany,2019,585 BHP,1390kg with driver,6.3L V8,RWD,80
10790,United Kingdom,2019,577 bhp,1410kg with driver,4.0L V8,RWD,80
10790,United Kingdom,2019,577 bhp,1410kg with driver,4.0L V8,RWD,80
10795,Germany,2016,590BHP,1395kg with driver,4.4L V8,RWD,80
10795,Germany,2016,590BHP,1395kg with driver,4.4L V8,RWD,80
10795,Germany,2016,590BHP,1395kg with driver,4.4L V8,RWD,80
10795,Germany,2016,590BHP,1395kg with driver,4.4L V8,RWD,80
10795,Germany,2016,590BHP,1395kg with driver,4.4L V8,RWD,80
10795,Germany,2016,590BHP,1395kg with driver,4.4L V8,RWD,80
10795,Germany,2016,590BHP,1395kg with driver,4.4L V8,RWD,80
10795,Germany,2016,590BHP,1395kg with driver,4.4L V8,RWD,80
10795,Germany,2016,590BHP,1395kg with driver,4.4L V8,RWD,80
10795,Germany,2016,590BHP,1395kg with driver,4.4L V8,RWD,80
10795,Germany,2016,590BHP,1395kg with driver,4.4L V8,RWD,80
,,,,,,,
,,,,,,,
,,,,,,,
,,,,,,,
10806,Germany,2019,585 BHP,1390kg with driver,6.3L V8,RWD,80
,,,,,,,
,,,,,,,
10806,Germany,2019,585 BHP,1390kg with driver,6.3L V8,RWD,80
10806,Germany,2019,585 BHP,1390kg with driver,6.3L V8,RWD,80
10806,Germany,2019,585 BHP,1390kg with driver,6.3L V8,RWD,80
10806,Germany,2019,585 BHP,1390kg with driver,6.3L V8,RWD,80
10808,Germany,2019,570BHP,1345kg with driver,4.0L Flat-6,RWD,80
,,,,,,,
8900,Germany,2020,450BHP,1605kg with driver,5.2L V10,RWD,165
8900,Germany,2020,450BHP,1605kg with driver,5.2L V10,RWD,165
,,,,,,,#N/A
10787,Germany,2019,570BHP,1390kg with driver,5.2L V10,RWD,80
10787,Germany,2019,570BHP,1390kg with driver,5.2L V10,RWD,80
10787,Germany,2019,570BHP,1390kg with driver,5.2L V10,RWD,80
10790,United Kingdom,2019,577 bhp,1410kg with driver,4.0L V8,RWD,80
10790,United Kingdom,2019,577 bhp,1410kg with driver,4.0L V8,RWD,80
10790,United Kingdom,2019,577 bhp,1410kg with driver,4.0L V8,RWD,80
10795,Germany,2016,590BHP,1395kg with driver,4.4L V8,RWD,80
10804,United Kingdom,2021,575 BHP,1390kg with driver,4.0L V8,RWD,80
10795,Germany,2016,590BHP,1395kg with driver,4.4L V8,RWD,80
10795,Germany,2016,590BHP,1395kg with driver,4.4L V8,RWD,80
10806,Germany,2019,585 BHP,1390kg with driver,6.3L V8,RWD,80
10806,Germany,2019,585 BHP,1390kg with driver,6.3L V8,RWD,80
10806,Germany,2019,585 BHP,1390kg with driver,6.3L V8,RWD,80
10808,Germany,2019,570BHP,1345kg with driver,4.0L Flat-6,RWD,80
10808,Germany,2019,570BHP,1345kg with driver,4.0L Flat-6,RWD,80
10808,Germany,2019,570BHP,1345kg with driver,4.0L Flat-6,RWD,80
10804,United Kingdom,2021,575 BHP,1390kg with driver,4.0L V8,RWD,80
10787,Germany,2019,570BHP,1390kg with driver,5.2L V10,RWD,80
,,,,,,,#N/A
,,,,,,,#N/A
,,,,,,,
,,,,,,,#N/A
,,,,,,,#N/A
,,,,,,,#N/A
,,,,,,,#N/A
,,,,,,,#N/A
,,,,,,,#N/A
,,,,,,,#N/A
,,,,,,,#N/A
,,,,,,,#N/A
,,,,,,,#N/A
,,,,,,,#N/A
,,,,,,,#N/A
,,,,,,,#N/A
,,,,,,,#N/A
,,,,,,,#N/A
,,,,,,,#N/A
,,,,,,,
,,,,,,,
,,,,,,,#N/A
,,,,,,,#N/A
,,,,,,,#N/A
,,,,,,,#N/A
,,,,,,,
10890,Italy,2021,560BHP,1370kg with driver,3.9L V8,RWD,80
,,,,,,,#N/A
10890,Italy,2021,560BHP,1370kg with driver,3.9L V8,RWD,80
,,,,,,,
,,,,,,,#N/A
,,,,,,,
10896,Irland,2017,110BHP,500kg with driver,4-cylinder 2.0L,RWD,207
,,,,,,,#N/A
10896,Irland,2017,110BHP,500kg with driver,4-cylinder 2.0L,RWD,207
10899,Irland,2017,110BHP,500kg with driver,4-cylinder 2.0L,RWD,207
,,,,,,,#N/A
,,,,,,,#N/A
,,,,,,,
,,,,,,,
Grand Prix,France,,35,"4,050",Europe,,TC
,,,,,,,
,,,,,,,
,,,,,,,
,,,,,,,
,,,,,,,186
10599,Germany,2021,450BHP,1620kg with driver,3L-Inline6,RWD,186
,,,,,,,#N/A
10890,Italy,2021,560BHP,1370kg with driver,3.9L V8,RWD,80
,,,,,,,
10914,Japan,2019,184,1140kg,Mazda SKYACTIV,RWD,203
,,,,,,,#N/A
10914,Japan,2019,184,1140kg,Mazda SKYACTIV,RWD,203
,,,,,,,80
10918,Germany,2019,570BHP,1390kg with driver,5.2L V10,RWD,80
,,,,,,,#N/A
10920,,,,,,,80
,,,,,,,#N/A
,,,,,,,#N/A
,,,,,,,#N/A
10924,,,,,,,80
,,,,,,,#N/A
10918,Germany,2019,570BHP,1390kg with driver,5.2L V10,RWD,80
,,,,,,,80
,,,,,,,80
,,,,,,,80
,,,,,,,#N/A
,,,,,,,#N/A
,,,,,,,80
,,,,,,,80
,,,,,,,80
,,,,,,,80
,,,,,,,80
,,,,,,,#N/A
,,,,,,,#N/A
,,,,,,,#N/A
,,,,,,,#N/A
,,,,,,,#N/A
,,,,,,,#N/A
,,,,,,,#N/A
,,,,,,,#N/A
10945,,,,,,,80
,,,,,,,#N/A
,,,,,,,80
,,,,,,,80
,,,,,,,80
10950,,,,,,,80
,,,,,,,#N/A
,,,,,,,80
,,,,,,,80
,,,,,,,80
,,,,,,,80
,,,,,,,80
,,,,,,,80
,,,,,,,80
,,,,,,,80
,,,,,,,80
,,,,,,,#N/A
,,,,,,,#N/A
,,,,,,,#N/A
,,,,,,,#N/A
,,,,,,,#N/A
,,,,,,,80
,,,,,,,80
,,,,,,,80
,,,,,,,80
,,,,,,,80
,,,,,,,80
,,,,,,,80
,,,,,,,80
,,,,,,,
,,,,,,,
,,,,,,,
,,,,,,,203
,,,,,,,#N/A
,,,,,,,#N/A
10890,Italy,2021,560BHP,1370kg with driver,3.9L V8,RWD,80
,,,,,,,#N/A
,,,,,,,#N/A
,,,,,,,#N/A
,,,,,,,#N/A
10890,Italy,2021,560BHP,1370kg with driver,3.9L V8,RWD,80
10890,Italy,2021,560BHP,1370kg with driver,3.9L V8,RWD,80
10890,Italy,2021,560BHP,1370kg with driver,3.9L V8,RWD,80
10890,Italy,2021,560BHP,1370kg with driver,3.9L V8,RWD,80
,,,,,,,#N/A
,,,,,,,#N/A
,,,,,,,#N/A
,,,,,,,#N/A
,,,,,,,#N/A
,,,,,,,#N/A
,,,,,,,#N/A
,,,,,,,
,,,,,,,
,,,,,,,
,,,,,,,
,,,,,,,
,,,,,,,#N/A
,,,,,,,
,,,,,,,#N/A
,,,,,,,
,,,,,,,#N/A
,,,,,,,#N/A
,,,,,,,#N/A
,,,,,,,
,,,,,,,
,,,,,,,
,,,,,,,
,,,,,,,
,,,,,,,
,,,,,,,#N/A
,,,,,,,#N/A
,,,,,,,#N/A
,,,,,,,#N/A
,,,,,,,#N/A
,,,,,,,
,,,,,,,
,,,,,,,
,,,,,,,
,,,,,,,
,,,,,,,
11025,United States,2016,585BHP,1375kg with driver,6.2L V8,RWD,80
,,,,,,,#N/A
11025,United States,2016,585BHP,1375kg with driver,6.2L V8,RWD,80
,,,,,,,
,,,,,,,
,,,,,,,
,,,,,,,
,,,,,,,
,,,,,,,
,,,,,,,
,,,,,,,
,,,,,,,#N/A
10806,Germany,2019,585 BHP,1390kg with driver,6.3L V8,RWD,80
10795,Germany,2016,590BHP,1395kg with driver,4.4L V8,RWD,80
,,,,,,,#N/A
10127,United States,2016,585BHP,1375kg with driver,6.2L V8,RWD,80
,,,,,,,#N/A
,,,,,,,#N/A
,,,,,,,4
,,,,,,,#N/A
,,,,,,,
,,,,,,,
,,,,,,,
,,,,,,,
,,,,,,,
10896,Irland,2017,110BHP,500kg with driver,4-cylinder 2.0L,RWD,207
11051,Czech Republic,2022,365BHP,745kg with driver,R-A Praga T Engine,RWD,82
,,,,,,,#N/A
,,,,,,,
,,,,,,,#N/A
,,,,,,,82
,,,,,,,82
,,,,,,,
10744,United Kingdom,2017,425BHP,1540kg with driver,3.8L V8,RWD,165
10914,Japan,2019,184,1140kg,Mazda SKYACTIV,RWD,203
,,,,,,,4
,,,,,,,4
,,,,,,,4
,,,,,,,4
,,,,,,,4
,,,,,,,4
,,,,,,,4
,,,,,,,4
,,,,,,,4
,,,,,,,4
,,,,,,,4
,,,,,,,4
,,,,,,,4
,,,,,,,4
,,,,,,,4
,,,,,,,4
,,,,,,,4
,,,,,,,4
,,,,,,,4
,,,,,,,4
,,,,,,,4
,,,,,,,4
,,,,,,,4
,,,,,,,4
,,,,,,,4
,,,,,,,4
,,,,,,,#N/A
,,,,,,,
,,,,,,,
,,,,,,,
Short,Netherlands,,38,"2,887",Europe,,TC
9644,Germany,2020,415bhp,1545kg,4.0L V8,RWD,165
,,,,,,,#N/A
9644,Germany,2020,415bhp,1545kg,4.0L V8,RWD,165
,,,,,,,#N/A
,,,,,,,
,,,,,,,#N/A
,,,,,,,
,,,,,,,4
,,,,,,,4
,,,,,,,
,,,,,,,4
,,,,,,,4
,,,,,,,
,,,,,,,4
,,,,,,,4
,,,,,,,4
,,,,,,,4
,,,,,,,
,,,,,,,#N/A
,,,,,,,#N/A
,,,,,,,#N/A
,,,,,,,#N/A
,,,,,,,#N/A
,,,,,,,#N/A
,,,,,,,#N/A
,,,,,,,#N/A
,,,,,,,#N/A
,,,,,,,#N/A
,,,,,,,#N/A
,,,,,,,#N/A
,,,,,,,#N/A
,,,,,,,#N/A
,,,,,,,#N/A
,,,,,,,#N/A
,,,,,,,#N/A
,,,,,,,#N/A
,,,,,,,#N/A
9644,Germany,2020,415bhp,1545kg,4.0L V8,RWD,165
9644,Germany,2020,415bhp,1545kg,4.0L V8,RWD,165
,,,,,,,
,,,,,,,
9644,Germany,2020,415bhp,1545kg,4.0L V8,RWD,165
9644,Germany,2020,415bhp,1545kg,4.0L V8,RWD,165
9644,Germany,2020,415bhp,1545kg,4.0L V8,RWD,165
9644,Germany,2020,415bhp,1545kg,4.0L V8,RWD,165
9644,Germany,2020,415bhp,1545kg,4.0L V8,RWD,165
9644,Germany,2020,415bhp,1545kg,4.0L V8,RWD,165
9644,Germany,2020,415bhp,1545kg,4.0L V8,RWD,165
9644,Germany,2020,415bhp,1545kg,4.0L V8,RWD,165
9644,Germany,2020,415bhp,1545kg,4.0L V8,RWD,165
9644,Germany,2020,415bhp,1545kg,4.0L V8,RWD,165
9644,Germany,2020,415bhp,1545kg,4.0L V8,RWD,165
9644,Germany,2020,415bhp,1545kg,4.0L V8,RWD,165
,,,,,,,
,,,,,,,
9644,Germany,2020,415bhp,1545kg,4.0L V8,RWD,165
9644,Germany,2020,415bhp,1545kg,4.0L V8,RWD,165
9644,Germany,2020,415bhp,1545kg,4.0L V8,RWD,165
9644,Germany,2020,415bhp,1545kg,4.0L V8,RWD,165
9644,Germany,2020,415bhp,1545kg,4.0L V8,RWD,165
9644,Germany,2020,415bhp,1545kg,4.0L V8,RWD,165
9644,Germany,2020,415bhp,1545kg,4.0L V8,RWD,165
9644,Germany,2020,415bhp,1545kg,4.0L V8,RWD,165
,,,,,,,
,,,,,,,4
,,,,,,,#N/A
,,,,,,,#N/A
,,,,,,,4
,,,,,,,217
,,,,,,,
,,,,,,,217
,,,,,,,
,,,,,,,217
,,,,,,,
,,,,,,,217
,,,,,,,
,,,,,,,#N/A
,,,,,,,#N/A
,,,,,,,#N/A
,,,,,,,#N/A
,,,,,,,#N/A
10890,Italy,2021,560BHP,1370kg with driver,3.9L V8,RWD,80
10890,Italy,2021,560BHP,1370kg with driver,3.9L V8,RWD,80
10890,Italy,2021,560BHP,1370kg with driver,3.9L V8,RWD,80
10890,Italy,2021,560BHP,1370kg with driver,3.9L V8,RWD,80
10890,Italy,2021,560BHP,1370kg with driver,3.9L V8,RWD,80
10890,Italy,2021,560BHP,1370kg with driver,3.9L V8,RWD,80
10890,Italy,2021,560BHP,1370kg with driver,3.9L V8,RWD,80
,,,,,,,
,,,,,,,
,,,,,,,
,,,,,,,
,,,,,,,
,,,,,,,
,,,,,,,
,,,,,,,
,,,,,,,
,,,,,,,
,,,,,,,
,,,,,,,
,,,,,,,
,,,,,,,
,,,,,,,
,,,,,,,
,,,,,,,
,,,,,,,
,,,,,,,
,,,,,,,
,,,,,,,
,,,,,,,
,,,,,,,
,,,,,,,
,,,,,,,
,,,,,,,
,,,,,,,4
,,,,,,,4
,,,,,,,4
,,,,,,,4
,,,,,,,
,,,,,,,
,,,,,,,
,,,,,,,
,,,,,,,
,,,,,,,
,,,,,,,217
,,,,,,,217
,,,,,,,217
,,,,,,,217
,,,,,,,217
,,,,,,,217
,,,,,,,#N/A
,,,,,,,#N/A
,,,,,,,#N/A
,,,,,,,#N/A
,,,,,,,#N/A
,,,,,,,4
,,,,,,,4
,,,,,,,
,,,,,,,#N/A
,,,,,,,#N/A
,,,,,,,#N/A
,,,,,,,#N/A
,,,,,,,#N/A
,,,,,,,#N/A
,,,,,,,#N/A
,,,,,,,#N/A
,,,,,,,#N/A
10914,Japan,2019,184,1140kg,Mazda SKYACTIV,RWD,203
10914,Japan,2019,184,1140kg,Mazda SKYACTIV,RWD,203
10914,Japan,2019,184,1140kg,Mazda SKYACTIV,RWD,203
10914,Japan,2019,184,1140kg,Mazda SKYACTIV,RWD,203
10914,Japan,2019,184,1140kg,Mazda SKYACTIV,RWD,203
10914,Japan,2019,184,1140kg,Mazda SKYACTIV,RWD,203
10914,Japan,2019,184,1140kg,Mazda SKYACTIV,RWD,203
10914,Japan,2019,184,1140kg,Mazda SKYACTIV,RWD,203
,,,,,,,
10914,Japan,2019,184,1140kg,Mazda SKYACTIV,RWD,203
10914,Japan,2019,184,1140kg,Mazda SKYACTIV,RWD,203
10914,Japan,2019,184,1140kg,Mazda SKYACTIV,RWD,203
10914,Japan,2019,184,1140kg,Mazda SKYACTIV,RWD,203
10914,Japan,2019,184,1140kg,Mazda SKYACTIV,RWD,203
10914,Japan,2019,184,1140kg,Mazda SKYACTIV,RWD,203
10914,Japan,2019,184,1140kg,Mazda SKYACTIV,RWD,203
10914,Japan,2019,184,1140kg,Mazda SKYACTIV,RWD,203
10914,Japan,2019,184,1140kg,Mazda SKYACTIV,RWD,203
10914,Japan,2019,184,1140kg,Mazda SKYACTIV,RWD,203
10914,Japan,2019,184,1140kg,Mazda SKYACTIV,RWD,203
10914,Japan,2019,184,1140kg,Mazda SKYACTIV,RWD,203
10914,Japan,2019,184,1140kg,Mazda SKYACTIV,RWD,203
10914,Japan,2019,184,1140kg,Mazda SKYACTIV,RWD,203
10914,Japan,2019,184,1140kg,Mazda SKYACTIV,RWD,203
10914,Japan,2019,184,1140kg,Mazda SKYACTIV,RWD,203
10914,Japan,2019,184,1140kg,Mazda SKYACTIV,RWD,203
10914,Japan,2019,184,1140kg,Mazda SKYACTIV,RWD,203
10914,Japan,2019,184,1140kg,Mazda SKYACTIV,RWD,203
,,,,,,,
,,,,,,,217
,,,,,,,217
,,,,,,,217
,,,,,,,#N/A
,,,,,,,217
,,,,,,,#N/A
,,,,,,,217
,,,,,,,217
,,,,,,,217
,,,,,,,#N/A
,,,,,,,
,,,,,,,
,,,,,,,5
,,,,,,,#N/A
,,,,,,,217
,,,,,,,217
,,,,,,,
,,,,,,,#N/A
11285,Irland,1966,185BHP,590kg with driver,4-cylinder 2.0L,RWD,195
,,,,,,,#N/A
11285,Irland,1966,185BHP,590kg with driver,4-cylinder 2.0L,RWD,195
11051,Czech Republic,2022,365BHP,745kg with driver,R-A Praga T Engine,RWD,82
11051,Czech Republic,2022,365BHP,745kg with driver,R-A Praga T Engine,RWD,82
,,,,,,,#N/A
8645,Japan,1997,310BHP,1080Kg with Driver,2-Litre 4-Cylinder,FWD,161
8645,Japan,1997,310BHP,1080Kg with Driver,2-Litre 4-Cylinder,FWD,161
,,,,,,,#N/A
,,,,,,,#N/A
11051,Czech Republic,2022,365BHP,745kg with driver,R-A Praga T Engine,RWD,82
Moto,Austria,,36,"4,396",Europe,,TC
,,,,,,,#N/A
11051,Czech Republic,2022,365BHP,745kg with driver,R-A Praga T Engine,RWD,82
,,,,,,,#N/A
9603,Germany,2019,585 BHP,1390kg with driver,6.3L V8,RWD,80
,,,,,,,#N/A
8645,Japan,1997,310BHP,1080Kg with Driver,2-Litre 4-Cylinder,FWD,161
11051,Czech Republic,2022,365BHP,745kg with driver,R-A Praga T Engine,RWD,82
,,,,,,,#N/A
,,,,,,,#N/A
11051,Czech Republic,2022,365BHP,745kg with driver,R-A Praga T Engine,RWD,82
11051,Czech Republic,2022,365BHP,745kg with driver,R-A Praga T Engine,RWD,82
11051,Czech Republic,2022,365BHP,745kg with driver,R-A Praga T Engine,RWD,82
,,,,,,,#N/A
,,,,,,,#N/A
,,,,,,,4
,,,,,,,
,,,,,,,
,,,,,,,#N/A
,,,,,,,4
11051,Czech Republic,2022,365BHP,745kg with driver,R-A Praga T Engine,RWD,82
,,,,,,,160
11318,Südkorea,2020,340BHP,1365kg with driver,2.0L in-line 4,FWD,160
,,,,,,,#N/A
11320,Japan,2020,340BHP,1325kg with driver,2.0L in-line 4,FWD,160
,,,,,,,#N/A
,,,,,,,#N/A
11323,Spain,2020,340BHP,1305kg with driver,2.0L in-line 4,FWD,160
,,,,,,,#N/A
11325,Germany,2021,345BHP,1385kg with driver,L4,FWD,160
,,,,,,,#N/A
,,,,,,,#N/A
11328,China,2020,340BHP,1355kg with driver,2.0L in-line 4,FWD,160
,,,,,,,#N/A
,,,,,,,#N/A
11318,Südkorea,2020,340BHP,1365kg with driver,2.0L in-line 4,FWD,160
11318,Südkorea,2020,340BHP,1365kg with driver,2.0L in-line 4,FWD,160
11328,China,2020,340BHP,1355kg with driver,2.0L in-line 4,FWD,160
11328,China,2020,340BHP,1355kg with driver,2.0L in-line 4,FWD,160
11328,China,2020,340BHP,1355kg with driver,2.0L in-line 4,FWD,160
11328,China,2020,340BHP,1355kg with driver,2.0L in-line 4,FWD,160
11328,China,2020,340BHP,1355kg with driver,2.0L in-line 4,FWD,160
11325,Germany,2021,345BHP,1385kg with driver,L4,FWD,160
11320,Japan,2020,340BHP,1325kg with driver,2.0L in-line 4,FWD,160
11323,Spain,2020,340BHP,1305kg with driver,2.0L in-line 4,FWD,160
,,,,,,,
11342,United States,2021,620BHP,930kg with driver,2-Liter-Turbomotor,RWD,28
,,,,,,,#N/A
11342,United States,2021,620BHP,930kg with driver,2-Liter-Turbomotor,RWD,28
,,,,,,,
,,,,,,,
,,,,,,,
,,,,,,,
,,,,,,,
,,,,,,,
,,,,,,,
,,,,,,,
,,,,,,,
,,,,,,,
,,,,,,,
,,,,,,,
,,,,,,,
,,,,,,,#N/A
8645,Japan,1997,310BHP,1080Kg with Driver,2-Litre 4-Cylinder,FWD,161
,,,,,,,#N/A
11051,Czech Republic,2022,365BHP,745kg with driver,R-A Praga T Engine,RWD,82
,,,,,,,
,,,,,,,
,,,,,,,
,,,,,,,
,,,,,,,
,,,,,,,
,,,,,,,
,,,,,,,
,,,,,,,
,,,,,,,
,,,,,,,
,,,,,,,
,,,,,,,
,,,,,,,
,,,,,,,
,,,,,,,
11320,Japan,2020,340BHP,1325kg with driver,2.0L in-line 4,FWD,160
11320,Japan,2020,340BHP,1325kg with driver,2.0L in-line 4,FWD,160
11320,Japan,2020,340BHP,1325kg with driver,2.0L in-line 4,FWD,160
11325,Germany,2021,345BHP,1385kg with driver,L4,FWD,160
11323,Spain,2020,340BHP,1305kg with driver,2.0L in-line 4,FWD,160
,,,,,,,
,,,,,,,
,,,,,,,#N/A
9660,Austria,2020,523BHP,1048 kg,2.5L-Inline-5,RWD,73
,,,,,,,
,,,,,,,#N/A
11325,Germany,2021,345BHP,1385kg with driver,L4,FWD,160
11325,Germany,2021,345BHP,1385kg with driver,L4,FWD,160
,,,,,,,#N/A
10890,Italy,2021,560BHP,1370kg with driver,3.9L V8,RWD,80
,,,,,,,
10890,Italy,2021,560BHP,1370kg with driver,3.9L V8,RWD,80
,,,,,,,
,,,,,,,#N/A
,,,,,,,#N/A
,,,,,,,
,,,,,,,#N/A
,,,,,,,#N/A
,,,,,,,#N/A
,,,,,,,#N/A
,,,,,,,#N/A
,,,,,,,#N/A
11051,Czech Republic,2022,365BHP,745kg with driver,R-A Praga T Engine,RWD,82
,,,,,,,#N/A
,,,,,,,#N/A
,,,,,,,#N/A
,,,,,,,
,,,,,,,
,,,,,,,
,,,,,,,
,,,,,,,
,,,,,,,
,,,,,,,
,,,,,,,#N/A
,,,,,,,#N/A
,,,,,,,#N/A
,,,,,,,
,,,,,,,
,,,,,,,
,,,,,,,
,,,,,,,
,,,,,,,
,,,,,,,
,,,,,,,
,,,,,,,
,,,,,,,
,,,,,,,
,,,,,,,
,,,,,,,
,,,,,,,
,,,,,,,
,,,,,,,
,,,,,,,
,,,,,,,
,,,,,,,
,,,,,,,
,,,,,,,
,,,,,,,
,,,,,,,
,,,,,,,
,,,,,,,
,,,,,,,
,,,,,,,
,,,,,,,
,,,,,,,
,,,,,,,
,,,,,,,
9575,United Kingdom,2021,575 BHP,1390kg with driver,4.0L V8,RWD,80
,,,,,,,
,,,,,,,#N/A
8645,Japan,1997,310BHP,1080Kg with Driver,2-Litre 4-Cylinder,FWD,161
,,,,,,,
,,,,,,,
,,,,,,,217
,,,,,,,
,,,,,,,#N/A
,,,,,,,#N/A
,,,,,,,#N/A
,,,,,,,#N/A
,,,,,,,#N/A
,,,,,,,#N/A
,,,,,,,#N/A
,,,,,,,#N/A
,,,,,,,#N/A
,,,,,,,#N/A
,,,,,,,#N/A
,,,,,,,#N/A
,,,,,,,#N/A
,,,,,,,#N/A
,,,,,,,#N/A
,,,,,,,
11474,,,,,,,4
,,,,,,,#N/A
,,,,,,,#N/A
,,,,,,,#N/A
,,,,,,,#N/A
,,,,,,,#N/A
,,,,,,,#N/A
,,,,,,,#N/A
,,,,,,,#N/A
,,,,,,,#N/A
,,,,,,,#N/A
,,,,,,,4
,,,,,,,4
,,,,,,,4
,,,,,,,4
,,,,,,,#N/A
,,,,,,,4
,,,,,,,4
,,,,,,,4
,,,,,,,4
,,,,,,,
,,,,,,,4
,,,,,,,4
,,,,,,,4
,,,,,,,
,,,,,,,4
,,,,,,,
,,,,,,,4
,,,,,,,4
,,,,,,,4
,,,,,,,4
,,,,,,,4
,,,,,,,
,,,,,,,
,,,,,,,4
,,,,,,,
,,,,,,,4
,,,,,,,4
,,,,,,,4
,,,,,,,
8645,Japan,1997,310BHP,1080Kg with Driver,2-Litre 4-Cylinder,FWD,161
,,,,,,,
,,,,,,,
,,,,,,,4
,,,,,,,#N/A
,,,,,,,
,,,,,,,
,,,,,,,4
,,,,,,,4
,,,,,,,
,,,,,,,#N/A
,,,,,,,
,,,,,,,#N/A
9575,United Kingdom,2021,575 BHP,1390kg with driver,4.0L V8,RWD,80
,,,,,,,#N/A
,,,,,,,#N/A
9575,United Kingdom,2021,575 BHP,1390kg with driver,4.0L V8,RWD,80
,,,,,,,
9575,United Kingdom,2021,575 BHP,1390kg with driver,4.0L V8,RWD,80
,,,,,,,#N/A
,,,,,,,4
,,,,,,,#N/A
11536,Germany,2021,545BHP,1385kg with driver,3.0l L6,RWD,80
,,,,,,,#N/A
11536,Germany,2021,545BHP,1385kg with driver,3.0l L6,RWD,80
,,,,,,,
,,,,,,,#N/A
8645,Japan,1997,310BHP,1080Kg with Driver,2-Litre 4-Cylinder,FWD,161
,,,,,,,
,,,,,,,#N/A
9575,United Kingdom,2021,575 BHP,1390kg with driver,4.0L V8,RWD,80
,,,,,,,#N/A
,,,,,,,
9575,United Kingdom,2021,575 BHP,1390kg with driver,4.0L V8,RWD,80
,,,,,,,#N/A
,,,,,,,
9575,United Kingdom,2021,575 BHP,1390kg with driver,4.0L V8,RWD,80
,,,,,,,
,,,,,,,#N/A
9575,United Kingdom,2021,575 BHP,1390kg with driver,4.0L V8,RWD,80
,,,,,,,#N/A
9575,United Kingdom,2021,575 BHP,1390kg with driver,4.0L V8,RWD,80
,,,,,,,
,,,,,,,
,,,,,,,#N/A
9575,United Kingdom,2021,575 BHP,1390kg with driver,4.0L V8,RWD,80
,,,,,,,
11561,Germany,1986,250hp,1245kg with driver,2.5l 4-cylinder,RWD,209
,,,,,,,#N/A
11561,Germany,1986,250hp,1245kg with driver,2.5l 4-cylinder,RWD,209
,Germany,1986,250hp,1245kg with driver,2.5l 4-cylinder,RWD,209
,,,,,,,#N/A
,,,,,,,80
11567,Germany,2019,570BHP,1390kg with driver,5.2L V10,RWD,80
,,,,,,,#N/A
,,,,,,,#N/A
,,,,,,,#N/A
,,,,,,,#N/A
,,,,,,,#N/A
,,,,,,,#N/A
,,,,,,,#N/A
11567,Germany,2019,570BHP,1390kg with driver,5.2L V10,RWD,80
11567,Germany,2019,570BHP,1390kg with driver,5.2L V10,RWD,80
11567,Germany,2019,570BHP,1390kg with driver,5.2L V10,RWD,80
,,,,,,,
11567,Germany,2019,570BHP,1390kg with driver,5.2L V10,RWD,80
11567,Germany,2019,570BHP,1390kg with driver,5.2L V10,RWD,80
11567,Germany,2019,570BHP,1390kg with driver,5.2L V10,RWD,80
11567,Germany,2019,570BHP,1390kg with driver,5.2L V10,RWD,80
11567,Germany,2019,570BHP,1390kg with driver,5.2L V10,RWD,80
11567,Germany,2019,570BHP,1390kg with driver,5.2L V10,RWD,80
11567,Germany,2019,570BHP,1390kg with driver,5.2L V10,RWD,80
11586,Germany,2016,590BHP,1395kg with driver,4.4L V8,RWD,80
,,,,,,,#N/A
11586,Germany,2016,590BHP,1395kg with driver,4.4L V8,RWD,80
11589,Germany,2019,585 BHP,1390kg with driver,6.3L V8,RWD,80
,,,,,,,#N/A
11589,Germany,2019,585 BHP,1390kg with driver,6.3L V8,RWD,80
11589,Germany,2019,585 BHP,1390kg with driver,6.3L V8,RWD,80
11589,Germany,2019,585 BHP,1390kg with driver,6.3L V8,RWD,80
,,,,,,,#N/A
,,,,,,,#N/A
11589,Germany,2019,585 BHP,1390kg with driver,6.3L V8,RWD,80
11597,Germany,2019,570BHP,1345kg with driver,4.0L Flat-6,RWD,80
,,,,,,,#N/A
,,,,,,,#N/A
,,,,,,,#N/A
,,,,,,,#N/A
,,,,,,,#N/A
11597,Germany,2019,570BHP,1345kg with driver,4.0L Flat-6,RWD,80
11597,Germany,2019,570BHP,1345kg with driver,4.0L Flat-6,RWD,80
11597,Germany,2019,570BHP,1345kg with driver,4.0L Flat-6,RWD,80
11597,Germany,2019,570BHP,1345kg with driver,4.0L Flat-6,RWD,80
11597,Germany,2019,570BHP,1345kg with driver,4.0L Flat-6,RWD,80
11597,Germany,2019,570BHP,1345kg with driver,4.0L Flat-6,RWD,80
11597,Germany,2019,570BHP,1345kg with driver,4.0L Flat-6,RWD,80
,,,,,,,#N/A
10914,Japan,2019,184,1140kg,Mazda SKYACTIV,RWD,203
11561,Germany,1986,250hp,1245kg with driver,2.5l 4-cylinder,RWD,209
,,,,,,,
,,,,,,,
,,,,,,,#N/A
,,,,,,,#N/A
,,,,,,,#N/A
,,,,,,,4
,,,,,,,
,,,,,,,
,,,,,,,4
,,,,,,,
,,,,,,,4
,,,,,,,
,,,,,,,4
,,,,,,,
,,,,,,,4
,,,,,,,
,,,,,,,
,,,,,,,
,,,,,,,
,,,,,,,
,,,,,,,
,,,,,,,
,,,,,,,
,,,,,,,
,,,,,,,#N/A
,,,,,,,#N/A
,,,,,,,
,,,,,,,
,,,,,,,
,,,,,,,#N/A
,,,,,,,
,,,,,,,
,,,,,,,
,,,,,,,#N/A
,,,,,,,
,,,,,,,#N/A
,,,,,,,
,,,,,,,
,,,,,,,
,,,,,,,#N/A
,,,,,,,
,,,,,,,
,,,,,,,#N/A
,,,,,,,
,,,,,,,#N/A
,,,,,,,#N/A
,,,,,,,
,,,,,,,
,,,,,,,
,,,,,,,
,,,,,,,
,,,,,,,
,,,,,,,
,,,,,,,
,,,,,,,
,,,,,,,
,,,,,,,
,,,,,,,
,,,,,,,
,,,,,,,
,,,,,,,
,,,,,,,
,,,,,,,
,,,,,,,
,,,,,,,
,,,,,,,
,,,,,,,
,,,,,,,
,,,,,,,
,,,,,,,
,,,,,,,
,,,,,,,
,,,,,,,
,,,,,,,
,,,,,,,
,,,,,,,
,,,,,,,
,,,,,,,
,,,,,,,
,,,,,,,
,,,,,,,
,,,,,,,
,,,,,,,
,,,,,,,
,,,,,,,
,,,,,,,#N/A
,,,,,,,#N/A
,,,,,,,#N/A
,,,,,,,#N/A
,,,,,,,#N/A
,,,,,,,#N/A
,,,,,,,
9660,Austria,2020,523BHP,1048 kg,2.5L-Inline-5,RWD,73
9660,Austria,2020,523BHP,1048 kg,2.5L-Inline-5,RWD,73
,,,,,,,#N/A
9660,Austria,2020,523BHP,1048 kg,2.5L-Inline-5,RWD,73
9660,Austria,2020,523BHP,1048 kg,2.5L-Inline-5,RWD,73
9660,Austria,2020,523BHP,1048 kg,2.5L-Inline-5,RWD,73
9660,Austria,2020,523BHP,1048 kg,2.5L-Inline-5,RWD,73
9660,Austria,2020,523BHP,1048 kg,2.5L-Inline-5,RWD,73
9660,Austria,2020,523BHP,1048 kg,2.5L-Inline-5,RWD,73
,,,,,,,
,,,,,,,
,,,,,,,
,,,,,,,
,,,,,,,
,,,,,,,#N/A
,,,,,,,
,,,,,,,
,,,,,,,
,,,,,,,
,,,,,,,
9660,Austria,2020,523BHP,1048 kg,2.5L-Inline-5,RWD,73
,,,,,,,#N/A
8604,Germany,2019,570BHP,1390kg with driver,5.2L V45,RWD,80
8604,Germany,2019,570BHP,1390kg with driver,5.2L V46,RWD,80
8604,Germany,2019,570BHP,1390kg with driver,5.2L V47,RWD,80
8604,Germany,2019,570BHP,1390kg with driver,5.2L V48,RWD,80
8604,Germany,2019,570BHP,1390kg with driver,5.2L V49,RWD,80
8604,Germany,2019,570BHP,1390kg with driver,5.2L V50,RWD,80
8604,Germany,2019,570BHP,1390kg with driver,5.2L V51,RWD,80
8604,Germany,2019,570BHP,1390kg with driver,5.2L V52,RWD,80
8604,Germany,2019,570BHP,1390kg with driver,5.2L V53,RWD,80
8604,Germany,2019,570BHP,1390kg with driver,5.2L V54,RWD,80
8604,Germany,2019,570BHP,1390kg with driver,5.2L V55,RWD,80
8604,Germany,2019,570BHP,1390kg with driver,5.2L V56,RWD,80
,,,,,,,#N/A
9603,Germany,2019,585 BHP,1390kg with driver,6.3L V8,RWD,80
9603,Germany,2019,585 BHP,1390kg with driver,6.3L V8,RWD,80
9603,Germany,2019,585 BHP,1390kg with driver,6.3L V8,RWD,80
9603,Germany,2019,585 BHP,1390kg with driver,6.3L V8,RWD,80
9603,Germany,2019,585 BHP,1390kg with driver,6.3L V8,RWD,80
9603,Germany,2019,585 BHP,1390kg with driver,6.3L V8,RWD,80
9603,Germany,2019,585 BHP,1390kg with driver,6.3L V8,RWD,80
9603,Germany,2019,585 BHP,1390kg with driver,6.3L V8,RWD,80
9603,Germany,2019,585 BHP,1390kg with driver,6.3L V8,RWD,80
9603,Germany,2019,585 BHP,1390kg with driver,6.3L V8,RWD,80
9603,Germany,2019,585 BHP,1390kg with driver,6.3L V8,RWD,80
9603,Germany,2019,585 BHP,1390kg with driver,6.3L V8,RWD,80
,,,,,,,#N/A
,,,,,,,#N/A
,,,,,,,#N/A
,,,,,,,#N/A
,,,,,,,#N/A
,,,,,,,#N/A
,,,,,,,#N/A
,,,,,,,#N/A
,,,,,,,#N/A
,,,,,,,#N/A
,,,,,,,#N/A
,,,,,,,#N/A
,,,,,,,#N/A
,,,,,,,
,,,,,,,#N/A
,,,,,,,#N/A
11561,Germany,1986,250hp,1245kg with driver,2.5l 4-cylinder,RWD,209
,,,,,,,
,,,,,,,#N/A
10896,Irland,2017,110BHP,500kg with driver,4-cylinder 2.0L,RWD,207
,,,,,,,#N/A
,,,,,,,#N/A
10896,Irland,2017,110BHP,500kg with driver,4-cylinder 2.0L,RWD,207
11285,Irland,1966,185BHP,590kg with driver,4-cylinder 2.0L,RWD,195
11285,Irland,1966,185BHP,590kg with driver,4-cylinder 2.0L,RWD,195
11285,Irland,1966,185BHP,590kg with driver,4-cylinder 2.0L,RWD,195
10896,Irland,2017,110BHP,500kg with driver,4-cylinder 2.0L,RWD,207
10896,Irland,2017,110BHP,500kg with driver,4-cylinder 2.0L,RWD,207
11285,Irland,1966,185BHP,590kg with driver,4-cylinder 2.0L,RWD,195
,,,,,,,
,,,,,,,
,,,,,,,
,,,,,,,
,,,,,,,
11285,Irland,1966,185BHP,590kg with driver,4-cylinder 2.0L,RWD,195
,,,,,,,
,,,,,,,
11051,Czech Republic,2022,365BHP,745kg with driver,R-A Praga T Engine,RWD,82
11285,Irland,1966,185BHP,590kg with driver,4-cylinder 2.0L,RWD,195
,,,,,,,
10896,Irland,2017,110BHP,500kg with driver,4-cylinder 2.0L,RWD,207
10896,Irland,2017,110BHP,500kg with driver,4-cylinder 2.0L,RWD,207
11561,Germany,1986,250hp,1245kg with driver,2.5l 4-cylinder,RWD,209
11561,Germany,1986,250hp,1245kg with driver,2.5l 4-cylinder,RWD,209
11561,Germany,1986,250hp,1245kg with driver,2.5l 4-cylinder,RWD,209
11285,Irland,1966,185BHP,590kg with driver,4-cylinder 2.0L,RWD,195
10896,Irland,2017,110BHP,500kg with driver,4-cylinder 2.0L,RWD,207
10896,Irland,2017,110BHP,500kg with driver,4-cylinder 2.0L,RWD,207
10896,Irland,2017,110BHP,500kg with driver,4-cylinder 2.0L,RWD,207
10896,Irland,2017,110BHP,500kg with driver,4-cylinder 2.0L,RWD,207
11285,Irland,1966,185BHP,590kg with driver,4-cylinder 2.0L,RWD,195
11561,Germany,1986,250hp,1245kg with driver,2.5l 4-cylinder,RWD,209
,,,,,,,
11561,Germany,1986,250hp,1245kg with driver,2.5l 4-cylinder,RWD,209
11561,Germany,1986,250hp,1245kg with driver,2.5l 4-cylinder,RWD,209
11561,Germany,1986,250hp,1245kg with driver,2.5l 4-cylinder,RWD,209
11285,Irland,1966,185BHP,590kg with driver,4-cylinder 2.0L,RWD,195
,,,,,,,
11285,Irland,1966,185BHP,590kg with driver,4-cylinder 2.0L,RWD,195
10896,Irland,2017,110BHP,500kg with driver,4-cylinder 2.0L,RWD,207
10896,Irland,2017,110BHP,500kg with driver,4-cylinder 2.0L,RWD,207
10896,Irland,2017,110BHP,500kg with driver,4-cylinder 2.0L,RWD,207
10896,Irland,2017,110BHP,500kg with driver,4-cylinder 2.0L,RWD,207
10896,Irland,2017,110BHP,500kg with driver,4-cylinder 2.0L,RWD,207
11285,Irland,1966,185BHP,590kg with driver,4-cylinder 2.0L,RWD,195
11285,Irland,1966,185BHP,590kg with driver,4-cylinder 2.0L,RWD,195
,,,,,,,
,,,,,,,
,,,,,,,
,,,,,,,
,,,,,,,
,,,,,,,
,,,,,,,
,,,,,,,
,,,,,,,
,,,,,,,
,,,,,,,
,,,,,,,
,,,,,,,
,,,,,,,
,,,,,,,
11285,Irland,1966,185BHP,590kg with driver,4-cylinder 2.0L,RWD,195
,,,,,,,
,,,,,,,
,,,,,,,
,,,,,,,
,,,,,,,
,,,,,,,
,,,,,,,
,,,,,,,
,,,,,,,
,,,,,,,
11285,Irland,1966,185BHP,590kg with driver,4-cylinder 2.0L,RWD,195
,,,,,,,
,,,,,,,#N/A
,,,,,,,
,,,,,,,
,,,,,,,
,,,,,,,
,,,,,,,
,,,,,,,
,,,,,,,
,,,,,,,
,,,,,,,
,,,,,,,#N/A
,,,,,,,
,,,,,,,
Dual Stage,Malaysia,,10,"17,3",Asia,,TC
11285,Irland,1966,185BHP,590kg with driver,4-cylinder 2.0L,RWD,195
Short Stage,Malaysia,,10,"5,2",Asia,,TC
10896,Irland,2017,110BHP,500kg with driver,4-cylinder 2.0L,RWD,207
10896,Irland,2017,110BHP,500kg with driver,4-cylinder 2.0L,RWD,207
10896,Irland,2017,110BHP,500kg with driver,4-cylinder 2.0L,RWD,207
10896,Irland,2017,110BHP,500kg with driver,4-cylinder 2.0L,RWD,207
11561,Germany,1986,250hp,1245kg with driver,2.5l 4-cylinder,RWD,209
11561,Germany,1986,250hp,1245kg with driver,2.5l 4-cylinder,RWD,209
11561,Germany,1986,250hp,1245kg with driver,2.5l 4-cylinder,RWD,209
11561,Germany,1986,250hp,1245kg with driver,2.5l 4-cylinder,RWD,209
11561,Germany,1986,250hp,1245kg with driver,2.5l 4-cylinder,RWD,209
11561,Germany,1986,250hp,1245kg with driver,2.5l 4-cylinder,RWD,209
11561,Germany,1986,250hp,1245kg with driver,2.5l 4-cylinder,RWD,209
,,,,,,,
,,,,,,,
,,,,,,,
,,,,,,,
,,,,,,,
,,,,,,,
,,,,,,,
,,,,,,,
,,,,,,,
,,,,,,,
,,,,,,,
,,,,,,,
,,,,,,,
,,,,,,,
,,,,,,,
,,,,,,,
,,,,,,,
,,,,,,,
,,,,,,,
,,,,,,,
,,,,,,,
,,,,,,,
,,,,,,,
,,,,,,,
,,,,,,,
,,,,,,,
,,,,,,,
,,,,,,,
,,,,,,,
,,,,,,,
11285,Irland,1966,185BHP,590kg with driver,4-cylinder 2.0L,RWD,195
,,,,,,,
Grand Prix,France,,34,"2,760",Europe,,TC
,,,,,,,
,,,,,,,
Classic Racing School,France,,35,"4,050",Europe,,TC
Solution 1A,France,,44,"5,752",Europe,,TC
11536,Germany,2021,545BHP,1385kg with driver,3.0l L6,RWD,80
11536,Germany,2021,545BHP,1385kg with driver,3.0l L6,RWD,80
,,,,,,,#N/A
11561,Germany,1986,250hp,1245kg with driver,2.5l 4-cylinder,RWD,209
11561,Germany,1986,250hp,1245kg with driver,2.5l 4-cylinder,RWD,209
11561,Germany,1986,250hp,1245kg with driver,2.5l 4-cylinder,RWD,209
11561,Germany,1986,250hp,1245kg with driver,2.5l 4-cylinder,RWD,209
11917,Germany,2021,345BHP,1385kg with driver,L4,FWD,160
,,,,,,,#N/A
,,,,,,,#N/A
,,,,,,,#N/A
,,,,,,,#N/A
11933,Südkorea,2020,340BHP,1365kg with driver,2.0L in-line 5,FWD,160
,,,,,,,#N/A
,Germany,2021,345BHP,1385kg with driver,L4,FWD,160
,,,,,,,
,Germany,2021,345BHP,1385kg with driver,L4,FWD,160
,Germany,2021,345BHP,1385kg with driver,L4,FWD,160
,Germany,2021,345BHP,1385kg with driver,L4,FWD,160
,Germany,2021,345BHP,1385kg with driver,L4,FWD,160
,Germany,2021,345BHP,1385kg with driver,L4,FWD,160
,Germany,2021,345BHP,1385kg with driver,L4,FWD,160
,,,,,,,
11933,Südkorea,2020,340BHP,1365kg with driver,2.0L in-line 5,FWD,160
,,,,,,,#N/A
,,,,,,,
,,,,,,,
,,,,,,,
,,,,,,,#N/A
,,,,,,,#N/A
,,,,,,,#N/A
8790,Spain,2020,340 BHP,1305kg with driver,2.0L in-line 4,FWD,160
11561,Germany,1986,250hp,1245kg with driver,2.5l 4-cylinder,RWD,209
11342,United States,2021,620BHP,930kg with driver,2-Liter-Turbomotor,RWD,28
11342,United States,2021,620BHP,930kg with driver,2-Liter-Turbomotor,RWD,28
11342,United States,2021,620BHP,930kg with driver,2-Liter-Turbomotor,RWD,28
11342,United States,2021,620BHP,930kg with driver,2-Liter-Turbomotor,RWD,28
11342,United States,2021,620BHP,930kg with driver,2-Liter-Turbomotor,RWD,28
11342,United States,2021,620BHP,930kg with driver,2-Liter-Turbomotor,RWD,28
11342,United States,2021,620BHP,930kg with driver,2-Liter-Turbomotor,RWD,28
11342,United States,2021,620BHP,930kg with driver,2-Liter-Turbomotor,RWD,28
11342,United States,2021,620BHP,930kg with driver,2-Liter-Turbomotor,RWD,28
11342,United States,2021,620BHP,930kg with driver,2-Liter-Turbomotor,RWD,28
11342,United States,2021,620BHP,930kg with driver,2-Liter-Turbomotor,RWD,28
11342,United States,2021,620BHP,930kg with driver,2-Liter-Turbomotor,RWD,28
11342,United States,2021,620BHP,930kg with driver,2-Liter-Turbomotor,RWD,28
11342,United States,2021,620BHP,930kg with driver,2-Liter-Turbomotor,RWD,28
11342,United States,2021,620BHP,930kg with driver,2-Liter-Turbomotor,RWD,28
11342,United States,2021,620BHP,930kg with driver,2-Liter-Turbomotor,RWD,28
11342,United States,2021,620BHP,930kg with driver,2-Liter-Turbomotor,RWD,28
11342,United States,2021,620BHP,930kg with driver,2-Liter-Turbomotor,RWD,28
,,,,,,,
,,,,,,,#N/A
,,,,,,,217
,,,,,,,
,,,,,,,217
,,,,,,,
,,,,,,,217
,,,,,,,
,,,,,,,#N/A
,,,,,,,217
,,,,,,,
,,,,,,,#N/A
,,,,,,,217
,,,,,,,
,,,,,,,217
,,,,,,,
,,,,,,,217
11342,United States,2021,620BHP,930kg with driver,2-Liter-Turbomotor,RWD,28
11342,United States,2021,620BHP,930kg with driver,2-Liter-Turbomotor,RWD,28
11342,United States,2021,620BHP,930kg with driver,2-Liter-Turbomotor,RWD,28
8790,Spain,2020,340 BHP,1305kg with driver,2.0L in-line 4,FWD,160
,,,,,,,#N/A
,,,,,,,#N/A
,,,,,,,#N/A
11342,United States,2021,620BHP,930kg with driver,2-Liter-Turbomotor,RWD,28
,,,,,,,
11342,United States,2021,620BHP,930kg with driver,2-Liter-Turbomotor,RWD,28
11342,United States,2021,620BHP,930kg with driver,2-Liter-Turbomotor,RWD,28
,,,,,,,#N/A
,,,,,,,73
11991,Austria,2020,600 HP,950 Kg,Turbocharged inline-four,RWD,85
,,,,,,,#N/A
11991,Austria,2020,600 HP,950 Kg,Turbocharged inline-four,RWD,85
,,,,,,,
11991,Austria,2020,600 HP,950 Kg,Turbocharged inline-four,RWD,85
8053,Germany,2017,430BHP,1570kg with driver,3.0L straight-6,RWD,165
,,,,,,,#N/A
,,,,,,,#N/A
,,,,,,,
10744,United Kingdom,2017,425BHP,1540kg with driver,3.8L V8,RWD,165
10744,United Kingdom,2017,425BHP,1540kg with driver,3.8L V8,RWD,165
10744,United Kingdom,2017,425BHP,1540kg with driver,3.8L V8,RWD,165
,,,,,,,28
,,,,,,,
,,,,,,,#N/A
8645,Japan,1997,310BHP,1080Kg with Driver,2-Litre 4-Cylinder,FWD,161
,,,,,,,
11342,United States,2021,620BHP,930kg with driver,2-Liter-Turbomotor,RWD,28
,,,,,,,
,,,,,,,
11342,United States,2021,620BHP,930kg with driver,2-Liter-Turbomotor,RWD,28
12012,Germany,2021,503 bhp @ 8400rpm,1260 kg,4.0l flat-6,RWD,104
,,,,,,,#N/A
12012,Germany,2021,503 bhp @ 8400rpm,1260 kg,4.0l flat-6,RWD,104
,,,,,,,110
,,,,,,,
,,,,,,,#N/A
10744,United Kingdom,2017,425BHP,1540kg with driver,3.8L V8,RWD,165
,,,,,,,
,,,,,,,#N/A
8645,Japan,1997,310BHP,1080Kg with Driver,2-Litre 4-Cylinder,FWD,161
8645,Japan,1997,310BHP,1080Kg with Driver,2-Litre 4-Cylinder,FWD,161
11991,Austria,2020,600 HP,950 Kg,Turbocharged inline-four,RWD,85
11991,Austria,2020,600 HP,950 Kg,Turbocharged inline-four,RWD,85
11991,Austria,2020,600 HP,950 Kg,Turbocharged inline-four,RWD,85
11991,Austria,2020,600 HP,950 Kg,Turbocharged inline-four,RWD,85
,,,,,,,#N/A
,,,,,,,#N/A
10744,United Kingdom,2017,425BHP,1540kg with driver,3.8L V8,RWD,165
,,,,,,,
,,,,,,,
10744,United Kingdom,2017,425BHP,1540kg with driver,3.8L V8,RWD,165
,,,,,,,#N/A
10744,United Kingdom,2017,425BHP,1540kg with driver,3.8L V8,RWD,165
,,,,,,,
,,,,,,,
10744,United Kingdom,2017,425BHP,1540kg with driver,3.8L V8,RWD,165
11991,Austria,2020,600 HP,950 Kg,Turbocharged inline-four,RWD,85
11991,Austria,2020,600 HP,950 Kg,Turbocharged inline-four,RWD,85
,,,,,,,
,,,,,,,#N/A
10744,United Kingdom,2017,425BHP,1540kg with driver,3.8L V8,RWD,165
,,,,,,,
10744,United Kingdom,2017,425BHP,1540kg with driver,3.8L V8,RWD,165
,,,,,,,
,,,,,,,
,,,,,,,#N/A
10744,United Kingdom,2017,425BHP,1540kg with driver,3.8L V8,RWD,165
,,,,,,,
,,,,,,,
,,,,,,,#N/A
10744,United Kingdom,2017,425BHP,1540kg with driver,3.8L V8,RWD,165
10744,United Kingdom,2017,425BHP,1540kg with driver,3.8L V8,RWD,165
10744,United Kingdom,2017,425BHP,1540kg with driver,3.8L V8,RWD,165
,,,,,,,
,,,,,,,#N/A
8645,Japan,1997,310BHP,1080Kg with Driver,2-Litre 4-Cylinder,FWD,161
8645,Japan,1997,310BHP,1080Kg with Driver,2-Litre 4-Cylinder,FWD,161
8645,Japan,1997,310BHP,1080Kg with Driver,2-Litre 4-Cylinder,FWD,161
,,,,,,,
,,,,,,,
,,,,,,,#N/A
,,,,,,,
,,,,,,,#N/A
,,,,,,,
,,,,,,,#N/A
,,,,,,,
,,,,,,,
,,,,,,,#N/A
,,,,,,,
,,,,,,,#N/A
,,,,,,,
,,,,,,,#N/A
,,,,,,,
,,,,,,,
,,,,,,,
,,,,,,,
,,,,,,,#N/A
,,,,,,,
,,,,,,,#N/A
,,,,,,,#N/A
11536,Germany,2021,545BHP,1385kg with driver,3.0l L6,RWD,80
,,,,,,,#N/A
,,,,,,,#N/A
11536,Germany,2021,545BHP,1385kg with driver,3.0l L6,RWD,80
11536,Germany,2021,545BHP,1385kg with driver,3.0l L6,RWD,80
11991,Austria,2020,600 HP,950 Kg,Turbocharged inline-four,RWD,85
,,,,,,,#N/A
,,,,,,,
12090,Germany,2022,575HP,1385kg with driver,4.0l flat-6,RWD,80
,,,,,,,#N/A
12090,Germany,2022,575HP,1385kg with driver,4.0l flat-6,RWD,80
,,,,,,,
,,,,,,,
,,,,,,,
12090,Germany,2022,575HP,1385kg with driver,4.0l flat-6,RWD,80
,,,,,,,#N/A
,,,,,,,#N/A
,,,,,,,#N/A
,,,,,,,#N/A
,,,,,,,#N/A
11536,Germany,2021,545BHP,1385kg with driver,3.0l L6,RWD,80
12090,Germany,2022,575HP,1385kg with driver,4.0l flat-6,RWD,80
,,,,,,,
,,,,,,,#N/A
11536,Germany,2021,545BHP,1385kg with driver,3.0l L6,RWD,80
,,,,,,,
,,,,,,,#N/A
12090,Germany,2022,575HP,1385kg with driver,4.0l flat-6,RWD,80
,,,,,,,
,,,,,,,
Grand Prix,Germany,,36,"6,789",Europe,,TC
,,,,,,,
,,,,,,,
12090,Germany,2022,575HP,1385kg with driver,4.0l flat-6,RWD,80
12090,Germany,2022,575HP,1385kg with driver,4.0l flat-6,RWD,80
12090,Germany,2022,575HP,1385kg with driver,4.0l flat-6,RWD,80
12090,Germany,2022,575HP,1385kg with driver,4.0l flat-6,RWD,80
,,,,,,,
,,,,,,,#N/A
11536,Germany,2021,545BHP,1385kg with driver,3.0l L6,RWD,80
11536,Germany,2021,545BHP,1385kg with driver,3.0l L6,RWD,80
,,,,,,,#N/A
,,,,,,,#N/A
,,,,,,,
12012,Germany,2021,503 bhp @ 8400rpm,1260 kg,4.0l flat-6,RWD,104
,,,,,,,
12012,Germany,2021,503 bhp @ 8400rpm,1260 kg,4.0l flat-6,RWD,104
,,,,,,,#N/A
,,,,,,,
,,,,,,,#N/A
11536,Germany,2021,545BHP,1385kg with driver,3.0l L6,RWD,80
,,,,,,,
,,,,,,,#N/A
12012,Germany,2021,503 bhp @ 8400rpm,1260 kg,4.0l flat-6,RWD,104
,,,,,,,#N/A
11536,Germany,2021,545BHP,1385kg with driver,3.0l L6,RWD,80
,,,,,,,
,,,,,,,#N/A
12012,Germany,2021,503 bhp @ 8400rpm,1260 kg,4.0l flat-6,RWD,104
,,,,,,,#N/A
12012,Germany,2021,503 bhp @ 8400rpm,1260 kg,4.0l flat-6,RWD,104
,,,,,,,
12090,Germany,2022,575HP,1385kg with driver,4.0l flat-6,RWD,80
11536,Germany,2021,545BHP,1385kg with driver,3.0l L6,RWD,80
,,,,,,,#N/A
12012,Germany,2021,503 bhp @ 8400rpm,1260 kg,4.0l flat-6,RWD,104
,,,,,,,
11536,Germany,2021,545BHP,1385kg with driver,3.0l L6,RWD,80
11536,Germany,2021,545BHP,1385kg with driver,3.0l L6,RWD,80
,,,,,,,
,,,,,,,
,,,,,,,#N/A
,,,,,,,
,,,,,,,#N/A
,,,,,,,
,,,,,,,#N/A
,,,,,,,
11536,Germany,2021,545BHP,1385kg with driver,3.0l L6,RWD,80
11536,Germany,2021,545BHP,1385kg with driver,3.0l L6,RWD,80
,,,,,,,
11536,Germany,2021,545BHP,1385kg with driver,3.0l L6,RWD,80
12163,Germany,2021,503 bhp @ 8400rpm,1260 Kg,4.0l flat-6,RWD,110
,,,,,,,#N/A
,,,,,,,#N/A
,,,,,,,#N/A
,,,,,,,#N/A
12163,Germany,2021,503 bhp @ 8400rpm,1260 Kg,4.0l flat-6,RWD,110
12163,Germany,2021,503 bhp @ 8400rpm,1260 Kg,4.0l flat-6,RWD,110
12163,Germany,2021,503 bhp @ 8400rpm,1260 Kg,4.0l flat-6,RWD,110
,,,,,,,
11536,Germany,2021,545BHP,1385kg with driver,3.0l L6,RWD,80
,,,,,,,#N/A
11536,Germany,2021,545BHP,1385kg with driver,3.0l L6,RWD,80
11536,Germany,2021,545BHP,1385kg with driver,3.0l L6,RWD,80
,,,,,,,
,,,,,,,
,,,,,,,
,,,,,,,
,,,,,,,
,,,,,,,
,,,,,,,
,,,,,,,
,,,,,,,
,,,,,,,
,,,,,,,
,,,,,,,
,,,,,,,
12163,Germany,2021,503 bhp @ 8400rpm,1260 Kg,4.0l flat-6,RWD,110
12163,Germany,2021,503 bhp @ 8400rpm,1260 Kg,4.0l flat-6,RWD,110
12163,Germany,2021,503 bhp @ 8400rpm,1260 Kg,4.0l flat-6,RWD,110
11536,Germany,2021,545BHP,1385kg with driver,3.0l L6,RWD,80
,,,,,,,
,,,,,,,#N/A
12163,Germany,2021,503 bhp @ 8400rpm,1260 Kg,4.0l flat-6,RWD,110
,,,,,,,80
12197,Germany,2022,575HP,1385kg with driver,4.0l flat-6,RWD,80
,,,,,,,#N/A
12197,Germany,2022,575HP,1385kg with driver,4.0l flat-6,RWD,80
,,,,,,,
12163,Germany,2021,503 bhp @ 8400rpm,1260 Kg,4.0l flat-6,RWD,110
,,,,,,,
,,,,,,,#N/A
12163,Germany,2021,503 bhp @ 8400rpm,1260 Kg,4.0l flat-6,RWD,110
,,,,,,,#N/A
12090,Germany,2022,575HP,1385kg with driver,4.0l flat-6,RWD,80
,,,,,,,#N/A
12090,Germany,2022,575HP,1385kg with driver,4.0l flat-6,RWD,80
,,,,,,,
,,,,,,,
,,,,,,,
,,,,,,,
12163,Germany,2021,503 bhp @ 8400rpm,1260 Kg,4.0l flat-6,RWD,110
,,,,,,,#N/A
12163,Germany,2021,503 bhp @ 8400rpm,1260 Kg,4.0l flat-6,RWD,110
12163,Germany,2021,503 bhp @ 8400rpm,1260 Kg,4.0l flat-6,RWD,110
,,,,,,,
12163,Germany,2021,503 bhp @ 8400rpm,1260 Kg,4.0l flat-6,RWD,110
,,,,,,,
12163,Germany,2021,503 bhp @ 8400rpm,1260 Kg,4.0l flat-6,RWD,110
12163,Germany,2021,503 bhp @ 8400rpm,1260 Kg,4.0l flat-6,RWD,110
12163,Germany,2021,503 bhp @ 8400rpm,1260 Kg,4.0l flat-6,RWD,110
12090,Germany,2022,575HP,1385kg with driver,4.0l flat-6,RWD,80
12163,Germany,2021,503 bhp @ 8400rpm,1260 Kg,4.0l flat-6,RWD,110
,,,,,,,#N/A
12163,Germany,2021,503 bhp @ 8400rpm,1260 Kg,4.0l flat-6,RWD,110
,,,,,,,
,,,,,,,
12163,Germany,2021,503 bhp @ 8400rpm,1260 Kg,4.0l flat-6,RWD,110
,,,,,,,
,,,,,,,
,,,,,,,#N/A
12163,Germany,2021,503 bhp @ 8400rpm,1260 Kg,4.0l flat-6,RWD,110
,,,,,,,
12163,Germany,2021,503 bhp @ 8400rpm,1260 Kg,4.0l flat-6,RWD,110
Short,Germany,,36,"2,638",Europe,,TC
12237,Germany,2021,545BHP,1385kg with driver,3.0l L6,RWD,80
,,,,,,,#N/A
,,,,,,,#N/A
12240,Germany,2019,585 BHP,1390kg with driver,6.3L V8,RWD,80
,,,,,,,#N/A
,,,,,,,#N/A
,,,,,,,#N/A
,,,,,,,#N/A
,,,,,,,#N/A
,,,,,,,#N/A
,,,,,,,
,,,,,,,
12197,Germany,2022,575HP,1385kg with driver,4.0l flat-6,RWD,80
12197,Germany,2022,575HP,1385kg with driver,4.0l flat-6,RWD,80
12197,Germany,2022,575HP,1385kg with driver,4.0l flat-6,RWD,80
12197,Germany,2022,575HP,1385kg with driver,4.0l flat-6,RWD,80
12197,Germany,2022,575HP,1385kg with driver,4.0l flat-6,RWD,80
12237,Germany,2021,545BHP,1385kg with driver,3.0l L6,RWD,80
12240,Germany,2019,585 BHP,1390kg with driver,6.3L V8,RWD,80
,,,,,,,
,,,,,,,#N/A
12163,Germany,2021,503 bhp @ 8400rpm,1260 Kg,4.0l flat-6,RWD,110
12163,Germany,2021,503 bhp @ 8400rpm,1260 Kg,4.0l flat-6,RWD,110
,,,,,,,
12163,Germany,2021,503 bhp @ 8400rpm,1260 Kg,4.0l flat-6,RWD,110
,,,,,,,#N/A
12163,Germany,2021,503 bhp @ 8400rpm,1260 Kg,4.0l flat-6,RWD,110
12163,Germany,2021,503 bhp @ 8400rpm,1260 Kg,4.0l flat-6,RWD,110
,,,,,,,#N/A
12090,Germany,2022,575HP,1385kg with driver,4.0l flat-6,RWD,80
,,,,,,,
Grand Prix,UK,,56,"5,141",Europe,,TC
12237,Germany,2021,545BHP,1385kg with driver,3.0l L6,RWD,80
12237,Germany,2021,545BHP,1385kg with driver,3.0l L6,RWD,80
12240,Germany,2019,585 BHP,1390kg with driver,6.3L V8,RWD,80
,,,,,,,
,,,,,,,
12240,Germany,2019,585 BHP,1390kg with driver,6.3L V8,RWD,80
12240,Germany,2019,585 BHP,1390kg with driver,6.3L V8,RWD,80
12163,Germany,2021,503 bhp @ 8400rpm,1260 Kg,4.0l flat-6,RWD,110
12163,Germany,2021,503 bhp @ 8400rpm,1260 Kg,4.0l flat-6,RWD,110
,,,,,,,#N/A
12240,Germany,2019,585 BHP,1390kg with driver,6.3L V8,RWD,80
12240,Germany,2019,585 BHP,1390kg with driver,6.3L V8,RWD,80
,,,,,,,
12163,Germany,2021,503 bhp @ 8400rpm,1260 Kg,4.0l flat-6,RWD,110
,,,,,,,
12163,Germany,2021,503 bhp @ 8400rpm,1260 Kg,4.0l flat-6,RWD,110
,,,,,,,#N/A
,,,,,,,
,,,,,,,#N/A
,,,,,,,#N/A
12163,Germany,2021,503 bhp @ 8400rpm,1260 Kg,4.0l flat-6,RWD,110
,,,,,,,
12163,Germany,2021,503 bhp @ 8400rpm,1260 Kg,4.0l flat-6,RWD,110
,,,,,,,
,,,,,,,#N/A
,,,,,,,
12012,Germany,2021,503 bhp @ 8400rpm,1260 kg,4.0l flat-6,RWD,104
,,,,,,,
,,,,,,,#N/A
12012,Germany,2021,503 bhp @ 8400rpm,1260 kg,4.0l flat-6,RWD,104
,,,,,,,
,,,,,,,#N/A
12012,Germany,2021,503 bhp @ 8400rpm,1260 kg,4.0l flat-6,RWD,104
12012,,2021,503 bhp @ 8400rpm,1260 kg,4.0l flat-6,RWD,104
,,,,,,,
,,,,,,,
12012,Germany,2021,503 bhp @ 8400rpm,1260 kg,4.0l flat-6,RWD,104
,,,,,,,
,,,,,,,#N/A
12012,Germany,2021,503 bhp @ 8400rpm,1260 kg,4.0l flat-6,RWD,104
,,,,,,,
,,,,,,,#N/A
12012,Germany,2021,503 bhp @ 8400rpm,1260 kg,4.0l flat-6,RWD,104
,,,,,,,
12012,Germany,2021,503 bhp @ 8400rpm,1260 kg,4.0l flat-6,RWD,104
12012,Germany,2021,503 bhp @ 8400rpm,1260 kg,4.0l flat-6,RWD,104
,,,,,,,#N/A
12090,Germany,2022,575HP,1385kg with driver,4.0l flat-6,RWD,80
,,,,,,,
Tanque,Portugal,,34,"4,182",Europe,,TC
12319,Germany,2022,570BHP,1390kg with driver,5.2L V57,RWD,80
,,,,,,,#N/A
12319,Germany,2022,570BHP,1390kg with driver,5.2L V57,RWD,80
,,,,,,,
,,,,,,,
,,,,,,,
,,,,,,,
,,,,,,,
,,,,,,,
,,,,,,,
,,,,,,,
,,,,,,,
,,,,,,,
,,,,,,,
,,,,,,,
,,,,,,,
,,,,,,,
,,,,,,,
,,,,,,,
,,,,,,,
,,,,,,,
,,,,,,,
,,,,,,,
,,,,,,,
,,,,,,,#N/A
,,,,,,,
,,,,,,,
,,,,,,,
,,,,,,,
,,,,,,,
,,,,,,,
,,,,,,,
,,,,,,,
12352,Germany,2022,570BHP,1390kg with driver,5.2L V57,RWD,80
,,,,,,,#N/A
12352,Germany,2022,570BHP,1390kg with driver,5.2L V57,RWD,80
12319,Germany,2022,570BHP,1390kg with driver,5.2L V57,RWD,80
12352,Germany,2022,570BHP,1390kg with driver,5.2L V57,RWD,80
,,,,,,,#N/A
12352,Germany,2022,570BHP,1390kg with driver,5.2L V57,RWD,80
,,,,,,,#N/A
12352,Germany,2022,570BHP,1390kg with driver,5.2L V57,RWD,80
12352,Germany,2022,570BHP,1390kg with driver,5.2L V57,RWD,80
,,,,,,,
,,,,,,,#N/A
8115,Germany,2009,570 BHP,895,"3,4L V8",RWD,55
,,,,,,,
,,,,,,,
,,,,,,,#N/A
,,,,,,,#N/A
,,,,,,,
,,,,,,,#N/A
,,,,,,,
,,,,,,,
,,,,,,,#N/A
,,,,,,,#N/A
,,,,,,,
12237,Germany,2021,545BHP,1385kg with driver,3.0l L6,RWD,80
,,,,,,,#N/A
9603,Germany,2019,585 BHP,1390kg with driver,6.3L V8,RWD,80
,,,,,,,#N/A
8115,Germany,2009,570 BHP,895,"3,4L V8",RWD,55
,,,,,,,
,,,,,,,
,,,,,,,
,,,,,,,
12090,Germany,2022,575HP,1385kg with driver,4.0l flat-6,RWD,80
,,,,,,,
,,,,,,,#N/A
10599,Germany,2021,450BHP,1620kg with driver,3L-Inline6,RWD,186
National,UK,,56,"2,638",Europe,,TC
Short,UK,,56,"3,619",Europe,,TC
,,,,,,,
10599,Germany,2021,450BHP,1620kg with driver,3L-Inline6,RWD,186
,,,,,,,
,,,,,,,
Full Circuit,Germany,,36,"2,720",Europe,,TC
,,,,,,,
,,,,,,,#N/A
10599,Germany,2021,450BHP,1620kg with driver,3L-Inline6,RWD,186
,,,,,,,
,,,,,,,
10599,Germany,2021,450BHP,1620kg with driver,3L-Inline6,RWD,186
10599,Germany,2021,450BHP,1620kg with driver,3L-Inline6,RWD,186
,,,,,,,#N/A
,,,,,,,
12405,Italy,2022,545BHP,1390kg with driver,2.9L V6,RWD,80
,,,,,,,#N/A
12405,Italy,2022,545BHP,1390kg with driver,2.9L V6,RWD,80
,,,,,,,
,,,,,,,
,,,,,,,
10599,Germany,2021,450BHP,1620kg with driver,3L-Inline6,RWD,186
,,,,,,,
12319,Germany,2022,570BHP,1390kg with driver,5.2L V57,RWD,80
12319,Germany,2022,570BHP,1390kg with driver,5.2L V57,RWD,80
12319,Germany,2022,570BHP,1390kg with driver,5.2L V57,RWD,80
,,,,,,,#N/A
10599,Germany,2021,450BHP,1620kg with driver,3L-Inline6,RWD,186
,,,,,,,
,,,,,,,
1998,Germany,,36,"2,660",Europe,,#N/A
12421,Italy,2022,545BHP,1390kg with driver,2.9L V6,RWD,80
,,,,,,,#N/A
12421,Italy,2022,545BHP,1390kg with driver,2.9L V6,RWD,80
12421,Italy,2022,545BHP,1390kg with driver,2.9L V6,RWD,80
,,,,,,,
,,,,,,,
,,,,,,,
12319,Germany,2022,570BHP,1390kg with driver,5.2L V57,RWD,80
12319,Germany,2022,570BHP,1390kg with driver,5.2L V57,RWD,80
12430,Germany,2018,592BHP,1335kg with driver,V8 twin turbo 4.0L,RWD,66
,,,,,,,#N/A
12430,Germany,2018,592BHP,1335kg with driver,V8 twin turbo 4.0L,RWD,66
,,,,,,,
,,,,,,,#N/A
,,,,,,,#N/A
,,,,,,,#N/A
,,,,,,,#N/A
,,,,,,,#N/A
,,,,,,,#N/A
,,,,,,,#N/A
,,,,,,,#N/A
,,,,,,,#N/A
,,,,,,,#N/A
,,,,,,,
12319,Germany,2022,570BHP,1390kg with driver,5.2L V57,RWD,80
12319,Germany,2022,570BHP,1390kg with driver,5.2L V57,RWD,80
12319,Germany,2022,570BHP,1390kg with driver,5.2L V57,RWD,80
12319,Germany,2022,570BHP,1390kg with driver,5.2L V57,RWD,80
12319,Germany,2022,570BHP,1390kg with driver,5.2L V57,RWD,80
,,,,,,,#N/A
12319,Germany,2022,570BHP,1390kg with driver,5.2L V57,RWD,80
,,,,,,,#N/A
,,,,,,,#N/A
12319,Germany,2022,570BHP,1390kg with driver,5.2L V57,RWD,80
12319,Germany,2022,570BHP,1390kg with driver,5.2L V57,RWD,80
,,,,,,,
12319,Germany,2022,570BHP,1390kg with driver,5.2L V57,RWD,80
,,,,,,,
12319,Germany,2022,570BHP,1390kg with driver,5.2L V57,RWD,80
,,,,,,,#N/A
,,,,,,,
,,,,,,,
,,,,,,,
,,,,,,,
10599,Germany,2021,450BHP,1620kg with driver,3L-Inline6,RWD,186
10599,Germany,2021,450BHP,1620kg with driver,3L-Inline6,RWD,186
,,,,,,,#N/A
,,,,,,,
,,,,,,,#N/A
,,,,,,,
12405,Italy,2022,545BHP,1390kg with driver,2.9L V6,RWD,80
12405,Italy,2022,545BHP,1390kg with driver,2.9L V6,RWD,80
12405,Italy,2022,545BHP,1390kg with driver,2.9L V6,RWD,80
,,,,,,,#N/A
,,,,,,,#N/A
,,,,,,,#N/A
12405,Italy,2022,545BHP,1390kg with driver,2.9L V6,RWD,80
,,,,,,,
12405,Italy,2022,545BHP,1390kg with driver,2.9L V6,RWD,80
,,,,,,,#N/A
12405,Italy,2022,545BHP,1390kg with driver,2.9L V6,RWD,80
,,,,,,,#N/A
,,,,,,,
12405,Italy,2022,545BHP,1390kg with driver,2.9L V6,RWD,80
,,,,,,,#N/A
,,,,,,,
,,,,,,,
,,,,,,,
,,,,,,,
,,,,,,,
,,,,,,,
12405,Italy,2022,545BHP,1390kg with driver,2.9L V6,RWD,80
12405,Italy,2022,545BHP,1390kg with driver,2.9L V6,RWD,80
12405,Italy,2022,545BHP,1390kg with driver,2.9L V6,RWD,80
12430,Germany,2018,592BHP,1335kg with driver,V8 twin turbo 4.0L,RWD,66
,,,,,,,#N/A
12430,Germany,2018,592BHP,1335kg with driver,V8 twin turbo 4.0L,RWD,66
12430,Germany,2018,592BHP,1335kg with driver,V8 twin turbo 4.0L,RWD,66
12430,Germany,2018,592BHP,1335kg with driver,V8 twin turbo 4.0L,RWD,66
1994,Germany,,36,"2,639",Europe,,#N/A
12430,Germany,2018,592BHP,1335kg with driver,V8 twin turbo 4.0L,RWD,66
,,,,,,,
,,,,,,,
,,,,,,,
,,,,,,,
Grand Prix,Germany,,36,"3,668",Europe,,TC
,,,,,,,#N/A
12405,Italy,2022,545BHP,1390kg with driver,2.9L V6,RWD,80
12509,Germany,2023,550BHP,1585kg with driver,3.0-liter inline-6 turbocharged,RWD,165
,,,,,,,#N/A
12509,Germany,2023,550BHP,1585kg with driver,3.0-liter inline-6 turbocharged,RWD,165
12430,Germany,2018,592BHP,1335kg with driver,V8 twin turbo 4.0L,RWD,66
,,,,,,,#N/A
,,,,,,,#N/A
12509,Germany,2023,550BHP,1585kg with driver,3.0-liter inline-6 turbocharged,RWD,165
,,,,,,,
,,,,,,,#N/A
12509,Germany,2023,550BHP,1585kg with driver,3.0-liter inline-6 turbocharged,RWD,165
12509,Germany,2023,550BHP,1585kg with driver,3.0-liter inline-6 turbocharged,RWD,165
,,,,,,,#N/A
12509,Germany,2023,550BHP,1585kg with driver,3.0-liter inline-6 turbocharged,RWD,165
,,,,,,,
,,,,,,,#N/A
12509,Germany,2023,550BHP,1585kg with driver,3.0-liter inline-6 turbocharged,RWD,165
,,,,,,,
,,,,,,,#N/A
12509,Germany,2023,550BHP,1585kg with driver,3.0-liter inline-6 turbocharged,RWD,165
,,,,,,,#N/A
12509,Germany,2023,550BHP,1585kg with driver,3.0-liter inline-6 turbocharged,RWD,165
,,,,,,,
12509,Germany,2023,550BHP,1585kg with driver,3.0-liter inline-6 turbocharged,RWD,165
,,,,,,,#N/A
12509,Germany,2023,550BHP,1585kg with driver,3.0-liter inline-6 turbocharged,RWD,165
,,,,,,,
,,,,,,,#N/A
12509,Germany,2023,550BHP,1585kg with driver,3.0-liter inline-6 turbocharged,RWD,165
12537,,,,,,,
,,,,,,,#N/A
12537,,,,,,,
12509,Germany,2023,550BHP,1585kg with driver,3.0-liter inline-6 turbocharged,RWD,165
12509,Germany,2023,550BHP,1585kg with driver,3.0-liter inline-6 turbocharged,RWD,165
,,,,,,,#N/A
12090,Germany,2022,575HP,1385kg with driver,4.0l flat-6,RWD,80
,,,,,,,#N/A
12405,Italy,2022,545BHP,1390kg with driver,2.9L V6,RWD,80
,,,,,,,
,,,,,,,#N/A
,,,,,,,
,,,,,,,
12405,Italy,2022,545BHP,1390kg with driver,2.9L V6,RWD,80
12405,Italy,2022,545BHP,1390kg with driver,2.9L V6,RWD,80
12405,Italy,2022,545BHP,1390kg with driver,2.9L V6,RWD,80
12405,Italy,2022,545BHP,1390kg with driver,2.9L V6,RWD,80
,,,,,,,
,,,,,,,
12556,Germany,1996,300BHP,1055Kg with Driver,2-Litre 4-Cylinder,RWD,161
,,,,,,,#N/A
12556,Germany,1996,300BHP,1080Kg with Driver,2-Litre 4-Cylinder,RWD,161
12405,Italy,2022,545BHP,1390kg with driver,2.9L V6,RWD,80
,,,,,,,
12561,Germany,1998,305BHP,1120 with Driver,2-Litre 4-Cylinder,4WD,161
,,,,,,,#N/A
12561,Germany,1998,305BHP,1120 with Driver,2-Litre 4-Cylinder,4WD,161
,,,,,,,
,,,,,,,#N/A
,,,,,,,
,,,,,,,#N/A
10721,Spain,2020,335HP,1310kg,L4,FWD,
12405,Italy,2022,545BHP,1390kg with driver,2.9L V6,RWD,80
,,,,,,,#N/A
Alternate,Germany,,36,"3,696",Europe,,TC
Short,Germany,,36,"2,600",Europe,,TC
Moto Circuit,France,,36,"1,576",Europe,,TC
,,,,,,,
,,,,,,,
,,,,,,,
,,,,,,,
,,,,,,,
,,,,,,,
,,,,,,,#N/A
12561,Germany,1998,305BHP,1120 with Driver,2-Litre 4-Cylinder,4WD,161
,,,,,,,
,,,,,,,#N/A
12561,Germany,1998,305BHP,1120 with Driver,2-Litre 4-Cylinder,4WD,161
,,,,,,,#N/A
12561,Germany,1998,305BHP,1120 with Driver,2-Litre 4-Cylinder,4WD,161
,,,,,,,
,,,,,,,#N/A
12561,Germany,1998,305BHP,1120 with Driver,2-Litre 4-Cylinder,4WD,161
,,,,,,,#N/A
,,,,,,,#N/A
12561,Germany,1998,305BHP,1120 with Driver,2-Litre 4-Cylinder,4WD,161
12561,Germany,1998,305BHP,1120 with Driver,2-Litre 4-Cylinder,4WD,161
,,,,,,,
,,,,,,,#N/A
12561,Germany,1998,305BHP,1120 with Driver,2-Litre 4-Cylinder,4WD,161
,,,,,,,#N/A
,,,,,,,
,,,,,,,#N/A
12556,Germany,1996,300BHP,1080Kg with Driver,2-Litre 4-Cylinder,RWD,161
,,,,,,,#N/A
,,,,,,,
,,,,,,,#N/A
12556,Germany,1996,300BHP,1080Kg with Driver,2-Litre 4-Cylinder,RWD,161
,,,,,,,#N/A
12556,Germany,1996,300BHP,1080Kg with Driver,2-Litre 4-Cylinder,RWD,161
,,,,,,,
,,,,,,,
,,,,,,,#N/A
12556,Germany,1996,300BHP,1080Kg with Driver,2-Litre 4-Cylinder,RWD,161
,,,,,,,
,,,,,,,#N/A
12556,Germany,1996,300BHP,1080Kg with Driver,2-Litre 4-Cylinder,RWD,161
12556,Germany,1996,300BHP,1080Kg with Driver,2-Litre 4-Cylinder,RWD,161
,,,,,,,
12556,Germany,1996,300BHP,1080Kg with Driver,2-Litre 4-Cylinder,RWD,161
,,,,,,,
,,,,,,,#N/A
12556,Germany,1996,300BHP,1080Kg with Driver,2-Litre 4-Cylinder,RWD,161
,,,,,,,#N/A
12556,Germany,1996,300BHP,1080Kg with Driver,2-Litre 4-Cylinder,RWD,161
,,,,,,,
,,,,,,,#N/A
12556,Germany,1996,300BHP,1080Kg with Driver,2-Litre 4-Cylinder,RWD,161
,,,,,,,
,,,,,,,#N/A
12556,Germany,1996,300BHP,1080Kg with Driver,2-Litre 4-Cylinder,RWD,161
,,,,,,,
,,,,,,,#N/A
12556,Germany,1996,300BHP,1080Kg with Driver,2-Litre 4-Cylinder,RWD,161
12556,Germany,1996,300BHP,1080Kg with Driver,2-Litre 4-Cylinder,RWD,161
,,,,,,,#N/A
12319,Germany,2022,570BHP,1390kg with driver,5.2L V57,RWD,80
,,,,,,,
,,,,,,,
,,,,,,,#N/A
,,,,,,,
12405,Italy,2022,545BHP,1390kg with driver,2.9L V6,RWD,80
,,,,,,,
,,,,,,,
,,,,,,,
,,,,,,,
,,,,,,,
,,,,,,,#N/A
,,,,,,,
12556,Germany,1996,300BHP,1080Kg with Driver,2-Litre 4-Cylinder,RWD,161
12556,Germany,1996,300BHP,1055Kg with Driver,2-Litre 4-Cylinder,RWD,161
12561,Germany,1998,305BHP,1120 with Driver,2-Litre 4-Cylinder,4WD,161
,,,,,,,#N/A
,,,,,,,#N/A
12561,Germany,1998,305BHP,1120 with Driver,2-Litre 4-Cylinder,4WD,161
12652,Sweden,1996,300BHP,1055 with Driver,2-Litre 5-Cylinder,FWD,161
,,,,,,,#N/A
12652,Sweden,1996,300BHP,1055 with Driver,2-Litre 5-Cylinder,FWD,161
,,,,,,,
,,,,,,,#N/A
12561,Germany,1998,305BHP,1120 with Driver,2-Litre 4-Cylinder,4WD,161
,,,,,,,
12561,Germany,1998,305BHP,1120 with Driver,2-Litre 4-Cylinder,4WD,161
,,,,,,,#N/A
12561,Germany,1998,305BHP,1120 with Driver,2-Litre 4-Cylinder,4WD,161
,,,,,,,
,,,,,,,
12652,Sweden,1996,300BHP,1055 with Driver,2-Litre 5-Cylinder,FWD,161
,,,,,,,#N/A
12652,Sweden,1996,300BHP,1055 with Driver,2-Litre 5-Cylinder,FWD,161
,,,,,,,#N/A
12652,Sweden,1996,300BHP,1055 with Driver,2-Litre 5-Cylinder,FWD,161
12652,Sweden,1996,300BHP,1055 with Driver,2-Litre 5-Cylinder,FWD,161
,,,,,,,
,,,,,,,#N/A
12652,Sweden,1996,300BHP,1055 with Driver,2-Litre 5-Cylinder,FWD,161
12652,Sweden,1996,300BHP,1055 with Driver,2-Litre 5-Cylinder,FWD,161
,,,,,,,#N/A
12652,Sweden,1996,300BHP,1055 with Driver,2-Litre 5-Cylinder,FWD,161
,,,,,,,
,,,,,,,
,,,,,,,
,,,,,,,#N/A
,,,,,,,
10599,Germany,2021,450BHP,1620kg with driver,3L-Inline6,RWD,186
,,,,,,,
,,,,,,,#N/A
10599,Germany,2021,450BHP,1620kg with driver,3L-Inline6,RWD,186
,,,,,,,
,,,,,,,#N/A
10599,Germany,2021,450BHP,1620kg with driver,3L-Inline6,RWD,186
,,,,,,,
10599,Germany,2021,450BHP,1620kg with driver,3L-Inline6,RWD,186
,,,,,,,
,,,,,,,#N/A
10599,Germany,2021,450BHP,1620kg with driver,3L-Inline6,RWD,186
,,,,,,,
10599,Germany,2021,450BHP,1620kg with driver,3L-Inline6,RWD,186
,,,,,,,
10599,Germany,2021,450BHP,1620kg with driver,3L-Inline6,RWD,186
,,,,,,,
,,,,,,,#N/A
10599,Germany,2021,450BHP,1620kg with driver,3L-Inline6,RWD,186
,,,,,,,
,,,,,,,#N/A
,,,,,,,#N/A
10599,Germany,2021,450BHP,1620kg with driver,3L-Inline6,RWD,186
,,,,,,,
10599,Germany,2021,450BHP,1620kg with driver,3L-Inline6,RWD,186
,,,,,,,
10599,Germany,2021,450BHP,1620kg with driver,3L-Inline6,RWD,186
,,,,,,,
10599,Germany,2021,450BHP,1620kg with driver,3L-Inline6,RWD,186
,,,,,,,#N/A
,,,,,,,
10599,Germany,2021,450BHP,1620kg with driver,3L-Inline6,RWD,186
,,,,,,,
,,,,,,,
,,,,,,,
,,,,,,,
,,,,,,,
,,,,,,,
,,,,,,,
,,,,,,,
,,,,,,,
,,,,,,,
,,,,,,,
,,,,,,,
,,,,,,,
,,,,,,,
,,,,,,,
,,,,,,,
,,,,,,,
,,,,,,,
,,,,,,,
10599,Germany,2021,450BHP,1620kg with driver,3L-Inline6,RWD,186
,,,,,,,
,,,,,,,
10599,Germany,2021,450BHP,1620kg with driver,3L-Inline6,RWD,186
,,,,,,,
10599,Germany,2021,450BHP,1620kg with driver,3L-Inline6,RWD,186
,,,,,,,#N/A
,,,,,,,
10599,Germany,2021,450BHP,1620kg with driver,3L-Inline6,RWD,186
,,,,,,,
10599,Germany,2021,450BHP,1620kg with driver,3L-Inline6,RWD,186
9761,Germany,2018,600,,V8,RWD,210
,,,,,,,
,,,,,,,#N/A
12509,Germany,2023,550BHP,1585kg with driver,3.0-liter inline-6 turbocharged,RWD,165
,,,,,,,
,,,,,,,#N/A
10599,Germany,2021,450BHP,1620kg with driver,3L-Inline6,RWD,186
,,,,,,,#N/A
10599,Germany,2021,450BHP,1620kg with driver,3L-Inline6,RWD,186
,,,,,,,
,,,,,,,#N/A
,,,,,,,#N/A
,,,,,,,
12561,Germany,1998,305BHP,1120 with Driver,2-Litre 4-Cylinder,4WD,161
,,,,,,,
,,,,,,,#N/A
12509,Germany,2023,550BHP,1585kg with driver,3.0-liter inline-6 turbocharged,RWD,165
,,,,,,,
,,,,,,,
12509,Germany,2023,550BHP,1585kg with driver,3.0-liter inline-6 turbocharged,RWD,165
,,,,,,,
,,,,,,,#N/A
12509,Germany,2023,550BHP,1585kg with driver,3.0-liter inline-6 turbocharged,RWD,165
,,,,,,,
,,,,,,,#N/A
8201,Germany,2019,420 BHP,1435kg with driver,3.8l flat 6,RWD,165
,,,,,,,
,,,,,,,80
12771,Italy,2023,570BHP,1380kg with driver,5.2L V10,RWD,80
,,,,,,,#N/A
12771,Italy,2023,570BHP,1380kg with driver,5.2L V10,RWD,80
,,,,,,,#N/A
,,,,,,,#N/A
,,,,,,,#N/A
,,,,,,,
,,,,,,,#N/A
,,,,,,,
,,,,,,,#N/A
12509,Germany,2023,550BHP,1585kg with driver,3.0-liter inline-6 turbocharged,RWD,165
12430,Germany,2018,592BHP,1335kg with driver,V8 twin turbo 4.0L,RWD,66
12430,Germany,2018,592BHP,1335kg with driver,V8 twin turbo 4.0L,RWD,66
12430,Germany,2018,592BHP,1335kg with driver,V8 twin turbo 4.0L,RWD,66
12430,Germany,2018,592BHP,1335kg with driver,V8 twin turbo 4.0L,RWD,66
,,,,,,,
12430,Germany,2018,592BHP,1335kg with driver,V8 twin turbo 4.0L,RWD,66
12788,Germany,2022,570BHP,1390kg with driver,5.2L V57,RWD,80
,,,,,,,#N/A
12790,Germany,2021,545BHP,1385kg with driver,3.0l L6,RWD,80
,,,,,,,#N/A
12792,Italy,2022,545BHP,1390kg with driver,2.9L V6,RWD,80
,,,,,,,#N/A
12790,Germany,2021,545BHP,1385kg with driver,3.0l L6,RWD,80
12795,Italy,2023,570BHP,1380kg with driver,5.2L V10,RWD,80
,,,,,,,#N/A
,,,,,,,#N/A
,,,,,,,#N/A
12788,Germany,2022,570BHP,1390kg with driver,5.2L V58,RWD,80
12800,Germany,2019,585 BHP,1390kg with driver,6.3L V8,RWD,80
12788,Germany,2022,570BHP,1390kg with driver,5.2L V59,RWD,80
,,,,,,,#N/A
,,,,,,,#N/A
,,,,,,,#N/A
,,,,,,,
,,,,,,,
12807,Germany,2022,575HP,1385kg with driver,4.0l flat-6,RWD,80
,,,,,,,#N/A
12792,Italy,2022,545BHP,1390kg with driver,2.9L V6,RWD,80
12795,Italy,2023,570BHP,1380kg with driver,5.2L V10,RWD,80
12800,Germany,2019,585 BHP,1390kg with driver,6.3L V8,RWD,80
12807,Germany,2022,575HP,1385kg with driver,4.0l flat-6,RWD,80
,,,,,,,
,,,,,,,#N/A
12815,United Kingdom,2021,575 BHP,1390kg with driver,4.0L V8,RWD,80
,,,,,,,#N/A
12815,United Kingdom,2021,575 BHP,1390kg with driver,4.0L V8,RWD,80
,,,,,,,
,,,,,,,
,,,,,,,#N/A
12800,Germany,2019,585 BHP,1390kg with driver,6.3L V8,RWD,80
,,,,,,,
12790,Germany,2021,545BHP,1385kg with driver,3.0l L6,RWD,80
,,,,,,,#N/A
,,,,,,,
12807,Germany,2022,575HP,1385kg with driver,4.0l flat-6,RWD,80
12561,Germany,1998,305BHP,1120 with Driver,2-Litre 4-Cylinder,4WD,161
,,,,,,,
12829,Sweden,1999,302BHP,1055 with Driver,2-Litre 5-Cylinder,FWD,161
,,,,,,,#N/A
12829,Sweden,1999,302BHP,1055 with Driver,2-Litre 5-Cylinder,FWD,161
12790,Germany,2021,545BHP,1385kg with driver,3.0l L6,RWD,80
12800,Germany,2019,585 BHP,1390kg with driver,6.3L V8,RWD,80
12800,Germany,2019,585 BHP,1390kg with driver,6.3L V8,RWD,80
,,,,,,,
12795,Italy,2023,570BHP,1380kg with driver,5.2L V10,RWD,80
12829,Sweden,1999,302BHP,1055 with Driver,2-Litre 5-Cylinder,FWD,161
12829,Sweden,1999,302BHP,1055 with Driver,2-Litre 5-Cylinder,FWD,161
12839,Germany,1995,494 BHP,1160 with Driver,V6,4WD,95
,,,,,,,#N/A
12839,Germany,1995,494 BHP,1160 with Driver,V6,4WD,95
12795,Italy,2023,570BHP,1380kg with driver,5.2L V10,RWD,80
12795,Italy,2023,570BHP,1380kg with driver,5.2L V10,RWD,80
12792,Italy,2022,545BHP,1390kg with driver,2.9L V6,RWD,80
12795,Italy,2023,570BHP,1380kg with driver,5.2L V10,RWD,80
12815,United Kingdom,2021,575 BHP,1390kg with driver,4.0L V8,RWD,80
,,,,,,,
,,,,,,,
,,,,,,,
12850,Italy,1995,490 BHP,1160 Kg,V6,Four Wheel,95
,,,,,,,#N/A
12850,Italy,1995,490 BHP,1160 Kg,V6,Four Wheel,95
,,,,,,,#N/A
,,,,,,,
12839,Germany,1995,494 BHP,1160 with Driver,V6,4WD,95
,,,,,,,#N/A
,,,,,,,#N/A
,,,,,,,#N/A
12839,Germany,1995,494 BHP,1160 with Driver,V6,4WD,95
12839,Germany,1995,494 BHP,1160 with Driver,V6,4WD,95
12839,Germany,1995,494 BHP,1160 with Driver,V6,4WD,95
,,,,,,,
,,,,,,,
12839,Germany,1995,494 BHP,1160 with Driver,V6,4WD,95
12850,Italy,1995,490 BHP,1160 Kg,V6,Four Wheel,95
12850,Italy,1995,490 BHP,1160 Kg,V6,Four Wheel,95
12850,Italy,1995,490 BHP,1160 Kg,V6,Four Wheel,95
12850,Italy,1995,490 BHP,1160 Kg,V6,Four Wheel,95
,,,,,,,#N/A
,,,,,,,
12850,Italy,1995,490 BHP,1160 Kg,V6,Four Wheel,95
,,,,,,,
,,,,,,,
,,,,,,,
,,,,,,,
12850,Italy,1995,490 BHP,1160 Kg,V6,Four Wheel,95
,,,,,,,
12850,Italy,1995,490 BHP,1160 Kg,V6,Four Wheel,95
,,,,,,,
12850,Italy,1995,490 BHP,1160 Kg,V6,Four Wheel,95
,,,,,,,
12850,Italy,1995,490 BHP,1160 Kg,V6,Four Wheel,95
12850,Italy,1995,490 BHP,1160 Kg,V6,Four Wheel,95
,,,,,,,
,,,,,,,
12850,Italy,1995,490 BHP,1160 Kg,V6,Four Wheel,95
12850,Italy,1995,490 BHP,1160 Kg,V6,Four Wheel,95
12850,Italy,1995,490 BHP,1160 Kg,V6,Four Wheel,95
12850,Italy,1995,490 BHP,1160 Kg,V6,Four Wheel,95
,,,,,,,
,,,,,,,
12850,Italy,1995,490 BHP,1160 Kg,V6,Four Wheel,95
12850,Italy,1995,490 BHP,1160 Kg,V6,Four Wheel,95
,,,,,,,
,,,,,,,
,,,,,,,
,,,,,,,#N/A
,,,,,,,#N/A
9761,Germany,2018,600,,V8,RWD,210
,,,,,,,
12090,Germany,2022,575HP,1385kg with driver,4.0l flat-6,RWD,80
,,,,,,,
,,,,,,,
,,,,,,,
,,,,,,,
,,,,,,,
,,,,,,,
,,,,,,,#N/A
,,,,,,,#N/A
12090,Germany,2022,575HP,1385kg with driver,4.0l flat-6,RWD,80
,,,,,,,
,,,,,,,
,,,,,,,#N/A
,,,,,,,#N/A
,,,,,,,#N/A
,,,,,,,#N/A
,,,,,,,
,,,,,,,
,,,,,,,
12829,Sweden,1999,302BHP,1055 with Driver,2-Litre 5-Cylinder,FWD,161
12829,Sweden,1999,302BHP,1055 with Driver,2-Litre 5-Cylinder,FWD,161
12829,Sweden,1999,302BHP,1055 with Driver,2-Litre 5-Cylinder,FWD,161
12829,Sweden,1999,302BHP,1055 with Driver,2-Litre 5-Cylinder,FWD,161
12829,Sweden,1999,302BHP,1055 with Driver,2-Litre 5-Cylinder,FWD,161
,,,,,,,#N/A
,,,,,,,#N/A
,,,,,,,#N/A
,,,,,,,
,,,,,,,
,,,,,,,#N/A
8645,Japan,1997,310BHP,1080Kg with Driver,2-Litre 4-Cylinder,FWD,161
,,,,,,,#N/A
8645,Japan,1997,310BHP,1080Kg with Driver,2-Litre 4-Cylinder,FWD,161
,,,,,,,
,,,,,,,#N/A
,,,,,,,
,,,,,,,
Full Circuit,Germany,,36,"2,784",Europe,,#N/A
,,,,,,,#N/A
,,,,,,,
,,,,,,,
12942,Germany,2021,503 bhp @ 8400rpm,1260 Kg,4.0l flat-6,RWD,110
,,,,,,,#N/A
,,,,,,,#N/A
,,,,,,,#N/A
,,,,,,,#N/A
,,,,,,,#N/A
,,,,,,,#N/A
12942,Germany,2021,503 bhp @ 8400rpm,1260 Kg,4.0l flat-6,RWD,110
,,,,,,,
,,,,,,,
,,,,,,,
12942,Germany,2021,503 bhp @ 8400rpm,1260 Kg,4.0l flat-6,RWD,110
,,,,,,,
,,,,,,,#N/A
12942,Germany,2021,503 bhp @ 8400rpm,1260 Kg,4.0l flat-6,RWD,110
12942,Germany,2021,503 bhp @ 8400rpm,1260 Kg,4.0l flat-6,RWD,110
,,,,,,,
12942,Germany,2021,503 bhp @ 8400rpm,1260 Kg,4.0l flat-6,RWD,110
,,,,,,,#N/A
,,,,,,,
12942,Germany,2021,503 bhp @ 8400rpm,1260 Kg,4.0l flat-6,RWD,110
12942,Germany,2021,503 bhp @ 8400rpm,1260 Kg,4.0l flat-6,RWD,110
,,,,,,,
12942,Germany,2021,503 bhp @ 8400rpm,1260 Kg,4.0l flat-6,RWD,110
,,,,,,,#N/A
12942,Germany,2021,503 bhp @ 8400rpm,1260 Kg,4.0l flat-6,RWD,110
,,,,,,,
,,,,,,,110
,,,,,,,
12942,Germany,2021,503 bhp @ 8400rpm,1260 Kg,4.0l flat-6,RWD,110
,,,,,,,
12942,Germany,2021,503 bhp @ 8400rpm,1260 Kg,4.0l flat-6,RWD,110
,,,,,,,
12942,Germany,2021,503 bhp @ 8400rpm,1260 Kg,4.0l flat-6,RWD,110
,,,,,,,
,,,,,,,#N/A
12942,Germany,2021,503 bhp @ 8400rpm,1260 Kg,4.0l flat-6,RWD,110
,,,,,,,
12942,Germany,2021,503 bhp @ 8400rpm,1260 Kg,4.0l flat-6,RWD,110
12942,Germany,2021,503 bhp @ 8400rpm,1260 Kg,4.0l flat-6,RWD,110
,,,,,,,
12942,Germany,2021,503 bhp @ 8400rpm,1260 Kg,4.0l flat-6,RWD,110
,,,,,,,
12942,Germany,2021,503 bhp @ 8400rpm,1260 Kg,4.0l flat-6,RWD,110
,,,,,,,
12942,Germany,2021,503 bhp @ 8400rpm,1260 Kg,4.0l flat-6,RWD,110
,,,,,,,#N/A
12942,Germany,2021,503 bhp @ 8400rpm,1260 Kg,4.0l flat-6,RWD,110
,,,,,,,#N/A
,,,,,,,
12942,Germany,2021,503 bhp @ 8400rpm,1260 Kg,4.0l flat-6,RWD,110
,,,,,,,
12942,Germany,2021,503 bhp @ 8400rpm,1260 Kg,4.0l flat-6,RWD,110
,,,,,,,
12942,Germany,2021,503 bhp @ 8400rpm,1260 Kg,4.0l flat-6,RWD,110
,,,,,,,
12942,Germany,2021,503 bhp @ 8400rpm,1260 Kg,4.0l flat-6,RWD,110
,,,,,,,
12942,Germany,2021,503 bhp @ 8400rpm,1260 Kg,4.0l flat-6,RWD,110
,,,,,,,
12942,Germany,2021,503 bhp @ 8400rpm,1260 Kg,4.0l flat-6,RWD,110
,,,,,,,
12942,Germany,2021,503 bhp @ 8400rpm,1260 Kg,4.0l flat-6,RWD,110
,,,,,,,
12942,Germany,2021,503 bhp @ 8400rpm,1260 Kg,4.0l flat-6,RWD,110
,,,,,,,
12942,Germany,2021,503 bhp @ 8400rpm,1260 Kg,4.0l flat-6,RWD,110
,,,,,,,
12942,Germany,2021,503 bhp @ 8400rpm,1260 Kg,4.0l flat-6,RWD,110
,,,,,,,
12942,Germany,2021,503 bhp @ 8400rpm,1260 Kg,4.0l flat-6,RWD,110
,,,,,,,
,,,,,,,#N/A
12942,Germany,2021,503 bhp @ 8400rpm,1260 Kg,4.0l flat-6,RWD,110
,,,,,,,
12942,Germany,2021,503 bhp @ 8400rpm,1260 Kg,4.0l flat-6,RWD,110
,,,,,,,
12942,Germany,2021,503 bhp @ 8400rpm,1260 Kg,4.0l flat-6,RWD,110
,,,,,,,
12942,Germany,2021,503 bhp @ 8400rpm,1260 Kg,4.0l flat-6,RWD,110
,,,,,,,
12942,Germany,2021,503 bhp @ 8400rpm,1260 Kg,4.0l flat-6,RWD,110
12942,Germany,2021,503 bhp @ 8400rpm,1260 Kg,4.0l flat-6,RWD,110
,,,,,,,
,,,,,,,#N/A
12942,Germany,2021,503 bhp @ 8400rpm,1260 Kg,4.0l flat-6,RWD,110
12942,Germany,2021,503 bhp @ 8400rpm,1260 Kg,4.0l flat-6,RWD,110
,,,,,,,
12942,Germany,2021,503 bhp @ 8400rpm,1260 Kg,4.0l flat-6,RWD,110
,,,,,,,
12942,Germany,2021,503 bhp @ 8400rpm,1260 Kg,4.0l flat-6,RWD,110
,,,,,,,
12942,Germany,2021,503 bhp @ 8400rpm,1260 Kg,4.0l flat-6,RWD,110
,,,,,,,#N/A
,,,,,,,
12942,Germany,2021,503 bhp @ 8400rpm,1260 Kg,4.0l flat-6,RWD,110
,,,,,,,
13039,Spain,,400HP,,,,
,,,,,,,#N/A
13039,Spain,,400HP,,,,
,,,,,,,#N/A
9761,Germany,2018,600,,V8,RWD,210
,,,,,,,#N/A
10604,Germany,2021,600,,V8,RWD,210
,,,,,,,
,,,,,,,
,,,,,,,#N/A
13049,Italy,1998,300BHP,1055 with Driver,2-Litre 4-Cylinder,FWD,161
,,,,,,,#N/A
13049,Italy,1998,300BHP,1056 with Driver,2-Litre 4-Cylinder,FWD,161
12771,Italy,2023,570BHP,1380kg with driver,5.2L V10,RWD,80
,,,,,,,#N/A
12771,Italy,2023,570BHP,1380kg with driver,5.2L V10,RWD,80
,,,,,,,
,,,,,,,#N/A
12771,Italy,2023,570BHP,1380kg with driver,5.2L V10,RWD,80
,,,,,,,
12771,Italy,2023,570BHP,1380kg with driver,5.2L V10,RWD,80
12771,Italy,2023,570BHP,1380kg with driver,5.2L V10,RWD,80
,,,,,,,#N/A
12771,Italy,2023,570BHP,1380kg with driver,5.2L V10,RWD,80
,,,,,,,#N/A
12771,Italy,2023,570BHP,1380kg with driver,5.2L V10,RWD,80
13065,Germany,1998,300BHP,1055 with Driver,2-Litre 4-Cylinder,FWD,161
,,,,,,,#N/A
13065,Germany,1998,300BHP,1055 with Driver,2-Litre 4-Cylinder,FWD,161
,,,,,,,
,,,,,,,#N/A
12771,Italy,2023,570BHP,1380kg with driver,5.2L V10,RWD,80
,,,,,,,#N/A
12771,Italy,2023,570BHP,1380kg with driver,5.2L V10,RWD,80
,,,,,,,#N/A
12771,Italy,2023,570BHP,1380kg with driver,5.2L V10,RWD,80
,,,,,,,#N/A
12771,Italy,2023,570BHP,1380kg with driver,5.2L V10,RWD,80
,,,,,,,#N/A
,,,,,,,
,,,,,,,
13049,Italy,1998,300BHP,1057 with Driver,2-Litre 4-Cylinder,FWD,161
13049,Italy,1998,300BHP,1058 with Driver,2-Litre 4-Cylinder,FWD,161
,,,,,,,#N/A
,,,,,,,
,,,,,,,
13049,Italy,1998,300BHP,1059 with Driver,2-Litre 4-Cylinder,FWD,161
13049,Italy,1998,300BHP,1060 with Driver,2-Litre 4-Cylinder,FWD,161
,,,,,,,
,,,,,,,#N/A
12771,Italy,2023,570BHP,1380kg with driver,5.2L V10,RWD,80
,,,,,,,#N/A
13049,Italy,1998,300BHP,1061 with Driver,2-Litre 4-Cylinder,FWD,161
,,,,,,,#N/A
13049,Italy,1998,300BHP,1062 with Driver,2-Litre 4-Cylinder,FWD,161
13049,Italy,1998,300BHP,1063 with Driver,2-Litre 4-Cylinder,FWD,161
,,,,,,,
,,,,,,,
,,,,,,,
,,,,,,,
,,,,,,,#N/A
7282,Germany,1976,485HP,1190kg with driver,3.0L flat-6,RWD,199
,,,,,,,#N/A
12090,Germany,2022,575HP,1385kg with driver,4.0l flat-6,RWD,80
,,,,,,,
13065,Germany,1998,300BHP,1055 with Driver,2-Litre 4-Cylinder,FWD,161
,,,,,,,#N/A
,,,,,,,#N/A
,,,,,,,
13065,Germany,1998,300BHP,1055 with Driver,2-Litre 4-Cylinder,FWD,161
,,,,,,,#N/A
13065,Germany,1998,300BHP,1055 with Driver,2-Litre 4-Cylinder,FWD,161
,,,,,,,#N/A
13065,Germany,1998,300BHP,1055 with Driver,2-Litre 4-Cylinder,FWD,161
,,,,,,,#N/A
13065,Germany,1998,300BHP,1055 with Driver,2-Litre 4-Cylinder,FWD,161
,,,,,,,#N/A
,,,,,,,
13065,Germany,1998,300BHP,1055 with Driver,2-Litre 4-Cylinder,FWD,161
13065,Germany,1998,300BHP,1055 with Driver,2-Litre 4-Cylinder,FWD,161
,,,,,,,
,,,,,,,
,,,,,,,
,,,,,,,
12561,Germany,1998,305BHP,1120 with Driver,2-Litre 4-Cylinder,4WD,161
,,,,,,,#N/A
,,,,,,,
13126,Germany,2025,671BHP,1116kg with driver,4.0L V8,RWD,29
,,,,,,,#N/A
13126,Germany,2025,671BHP,1116kg with driver,4.0L V8,RWD,29
,,,,,,,29
,,,,,,,
,,,,,,,
,,,,,,,#N/A
,,,,,,,#N/A
13065,Germany,1998,300BHP,1055 with Driver,2-Litre 4-Cylinder,FWD,161
13065,Germany,1998,300BHP,1055 with Driver,2-Litre 4-Cylinder,FWD,161
,,,,,,,80
13137,Italy,2025,671BHP,1116kg with driver,3.8L V8,RWD,29
,,,,,,,#N/A
13137,Italy,2025,671BHP,1116kg with driver,3.8L V8,RWD,29
,,,,,,,
13141,Italy,2022,545BHP,1390kg with driver,2.9L V6,RWD,80
,,,,,,,#N/A
13141,Italy,2022,545BHP,1390kg with driver,2.9L V6,RWD,80
13141,Italy,2022,545BHP,1390kg with driver,2.9L V6,RWD,80
13141,Italy,2022,545BHP,1390kg with driver,2.9L V6,RWD,80
12771,Italy,2023,570BHP,1380kg with driver,5.2L V10,RWD,80
,,,,,,,#N/A
,,,,,,,#N/A
13065,Germany,1998,300BHP,1055 with Driver,2-Litre 4-Cylinder,FWD,161
13150,Germany,2022,575HP,1385kg with driver,4.0l flat-6,RWD,80
,,,,,,,#N/A
13150,Germany,2022,575HP,1385kg with driver,4.0l flat-6,RWD,80
13150,Germany,2022,575HP,1385kg with driver,4.0l flat-6,RWD,80
,,,,,,,
,,,,,,,
,,,,,,,
,,,,,,,
13150,Germany,2022,575HP,1385kg with driver,4.0l flat-6,RWD,80
,,,,,,,#N/A
13160,Italy,2023,570BHP,1380kg with driver,5.2L V10,RWD,80
,,,,,,,#N/A
13160,Italy,2023,570BHP,1380kg with driver,5.2L V10,RWD,80
13160,Italy,2023,570BHP,1380kg with driver,5.2L V10,RWD,80
13164,Germany,2019,585 BHP,1390kg with driver,6.3L V8,RWD,80
,,,,,,,#N/A
13164,Germany,2019,585 BHP,1390kg with driver,6.3L V8,RWD,80
,,,,,,,#N/A
13164,Germany,2019,585 BHP,1390kg with driver,6.3L V8,RWD,80
13169,Germany,2025,671BHP,1116kg with driver,4.6L V8,RWD,29
,,,,,,,#N/A
13169,Germany,2025,671BHP,1116kg with driver,4.6L V8,RWD,29
13172,Germany,2021,545BHP,1385kg with driver,3.0l L6,RWD,80
,,,,,,,#N/A
13174,United Kingdom,2021,575 BHP,1390kg with driver,4.0L V8,RWD,80
,,,,,,,#N/A
13172,Germany,2021,545BHP,1385kg with driver,3.0l L6,RWD,80
13172,Germany,2021,545BHP,1385kg with driver,3.0l L6,RWD,80
13174,United Kingdom,2021,575 BHP,1390kg with driver,4.0L V8,RWD,80
13174,United Kingdom,2021,575 BHP,1390kg with driver,4.0L V8,RWD,80
13164,Germany,2019,585 BHP,1390kg with driver,6.3L V8,RWD,80
,,,,,,,#N/A
,,,,,,,#N/A
13183,France,1998,298BHP,1080Kg with Driver,2.0L 4-Cylinder,FWD,161
,,,,,,,#N/A
13183,France,1998,298BHP,1080Kg with Driver,2.0L 4-Cylinder,FWD,161
,,,,,,,
International,Italy,,37,4.085 km,Europe,,TC
12771,Italy,2023,570BHP,1380kg with driver,5.2L V10,RWD,80
12771,Italy,2023,570BHP,1380kg with driver,5.2L V10,RWD,80
13190,Germany,2022,570BHP,1390kg with driver,5.2L V60,RWD,80
,,,,,,,#N/A
13190,Germany,2022,570BHP,1390kg with driver,5.2L V61,RWD,80
,,,,,,,#N/A
13160,Italy,2023,570BHP,1380kg with driver,5.2L V10,RWD,80
4299,Germany,2011,365 BHP,1100,Inline-5,FWD,140
,,,,,,,#N/A
,,,,,,,#N/A
13160,Italy,2023,570BHP,1380kg with driver,5.2L V10,RWD,80
13137,Italy,2025,671BHP,1116kg with driver,3.8L V8,RWD,29
13160,Italy,2023,570BHP,1380kg with driver,5.2L V10,RWD,80
13164,Germany,2019,585 BHP,1390kg with driver,6.3L V8,RWD,80
,,,,,,,#N/A
12090,Germany,2022,575HP,1385kg with driver,4.0l flat-6,RWD,80
12090,Germany,2022,575HP,1385kg with driver,4.0l flat-6,RWD,80
,,,,,,,
,,,,,,,#N/A
13126,Germany,2025,671BHP,1116kg with driver,4.0L V8,RWD,29
13126,Germany,2025,671BHP,1116kg with driver,4.0L V8,RWD,29
,,,,,,,#N/A
13137,Italy,2025,671BHP,1116kg with driver,3.8L V8,RWD,29
13137,Italy,2025,671BHP,1116kg with driver,3.8L V8,RWD,29
12090,Germany,2022,575HP,1385kg with driver,4.0l flat-6,RWD,80
,,,,,,,#N/A
,,,,,,,#N/A
,,,,,,,#N/A
13169,Germany,2025,671BHP,1116kg with driver,4.6L V8,RWD,29
13169,Germany,2025,671BHP,1116kg with driver,4.6L V8,RWD,29
13169,Germany,2025,671BHP,1116kg with driver,4.6L V8,RWD,29
13169,Germany,2025,671BHP,1116kg with driver,4.6L V8,RWD,29
13169,Germany,2025,671BHP,1116kg with driver,4.6L V8,RWD,29
,,,,,,,#N/A
,,,,,,,#N/A
,,,,,,,
13169,Germany,2025,671BHP,1116kg with driver,4.6L V8,RWD,29
13169,Germany,2025,671BHP,1116kg with driver,4.6L V8,RWD,29
13169,Germany,2025,671BHP,1116kg with driver,4.6L V8,RWD,29
,,,,,,,#N/A
13126,Germany,2025,671BHP,1116kg with driver,4.0L V8,RWD,29
,,,,,,,#N/A
13169,Germany,2025,671BHP,1116kg with driver,4.6L V8,RWD,29
13126,Germany,2025,671BHP,1116kg with driver,4.0L V8,RWD,29
,,,,,,,#N/A
,,,,,,,#N/A
,,,,,,,#N/A
13183,France,1998,298BHP,1080Kg with Driver,2.0L 4-Cylinder,FWD,161
,,,,,,,#N/A
,,,,,,,#N/A
13183,France,1998,298BHP,1080Kg with Driver,2.0L 4-Cylinder,FWD,161
,,,,,,,
,,,,,,,#N/A
13137,Italy,2025,671BHP,1116kg with driver,3.8L V8,RWD,29
,,,,,,,#N/A
,,,,,,,#N/A
13183,France,1998,298BHP,1080Kg with Driver,2.0L 4-Cylinder,FWD,161
13183,France,1998,298BHP,1080Kg with Driver,2.0L 4-Cylinder,FWD,161
,,,,,,,#N/A
,,,,,,,#N/A
13183,France,1998,298BHP,1080Kg with Driver,2.0L 4-Cylinder,FWD,161
13183,France,1998,298BHP,1080Kg with Driver,2.0L 4-Cylinder,FWD,161
13183,France,1998,298BHP,1080Kg with Driver,2.0L 4-Cylinder,FWD,161
,,,,,,,#N/A
13183,France,1998,298BHP,1080Kg with Driver,2.0L 4-Cylinder,FWD,161
13183,France,1998,298BHP,1080Kg with Driver,2.0L 4-Cylinder,FWD,161
13190,Germany,2022,570BHP,1390kg with driver,5.2L V60,RWD,80
,,,,,,,
Grand Prix,Belgium,,56,7.004 km,Europe,,TC
,,,,,,,
,,,,,,,
,,,,,,,#N/A
12652,Sweden,1996,300BHP,1055 with Driver,2-Litre 5-Cylinder,FWD,161
,,,,,,,#N/A
,,,,,,,
,,,,,,,
,,,,,,,
13265,Germany,2002,460HP,1080kg with driver,4L-V8,RWD,51
,,,,,,,#N/A
13265,Germany,2002,460HP,1080kg with driver,4L-V8,RWD,51
,,,,,,,
,,,,,,,
,,,,,,,
,,,,,,,
,,,,,,,
,,,,,,,
,,,,,,,
,,,,,,,
,,,,,,,
,,,,,,,
,,,,,,,
,,,,,,,
,,,,,,,
,,,,,,,
,,,,,,,
,,,,,,,
,,,,,,,
,,,,,,,
,,,,,,,
,,,,,,,
,,,,,,,
,,,,,,,
,,,,,,,
,,,,,,,
,,,,,,,
,,,,,,,
,,,,,,,
,,,,,,,
,,,,,,,
,,,,,,,
,,,,,,,
,,,,,,,
,,,,,,,#N/A
,,,,,,,#N/A
,,,,,,,#N/A
13265,Germany,2002,460HP,1080kg with driver,4L-V8,RWD,51
13265,Germany,2002,460HP,1080kg with driver,4L-V8,RWD,51
13265,Germany,2002,460HP,1080kg with driver,4L-V8,RWD,51
13265,Germany,2002,460HP,1080kg with driver,4L-V8,RWD,51
13265,Germany,2002,460HP,1080kg with driver,4L-V8,RWD,51
13265,Germany,2002,460HP,1080kg with driver,4L-V8,RWD,51
13265,Germany,2002,460HP,1080kg with driver,4L-V8,RWD,51
13265,Germany,2002,460HP,1080kg with driver,4L-V8,RWD,51
13265,Germany,2002,460HP,1080kg with driver,4L-V8,RWD,51
13312,Germany,2002,460HP,1080kg with driver,4L-V8,RWD,51
,,,,,,,#N/A
13312,Germany,2002,460HP,1080kg with driver,4L-V8,RWD,51
,,,,,,,#N/A
,,,,,,,#N/A
,,,,,,,#N/A
,,,,,,,#N/A
13312,Germany,2002,460HP,1080kg with driver,4L-V8,RWD,51
13312,Germany,2002,460HP,1080kg with driver,4L-V8,RWD,51
13312,Germany,2002,460HP,1080kg with driver,4L-V8,RWD,51
13312,Germany,2002,460HP,1080kg with driver,4L-V8,RWD,51
13323,Germany,2002,462BHP bei 6750U/min,1080 kg,4L-V8,RWD,51
,,,,,,,#N/A
13323,Germany,2002,462BHP bei 6750U/min,1080 kg,4L-V8,RWD,51
,,,,,,,#N/A
,,,,,,,#N/A
,,,,,,,#N/A
13323,Germany,2002,462BHP bei 6750U/min,1080 kg,4L-V8,RWD,51
,,,,,,,
,,,,,,,
,,,,,,,
13323,Germany,2002,462BHP bei 6750U/min,1080 kg,4L-V8,RWD,51
13323,Germany,2002,462BHP bei 6750U/min,1080 kg,4L-V8,RWD,51
13323,Germany,2002,462BHP bei 6750U/min,1080 kg,4L-V8,RWD,51
13323,Germany,2002,462BHP bei 6750U/min,1080 kg,4L-V8,RWD,51
13323,Germany,2002,462BHP bei 6750U/min,1080 kg,4L-V8,RWD,51
Short,Italy,,37,1.684 km,Europe,,#N/A
Chicane,Italy,,37,3.213 km,Europe,,#N/A
Classic,Italy,,37,3.226 km,Europe,,#N/A
13323,Germany,2002,462BHP bei 6750U/min,1080 kg,4L-V8,RWD,51
13323,Germany,2002,462BHP bei 6750U/min,1080 kg,4L-V8,RWD,51
,,,,,,,#N/A
,,,,,,,#N/A
,,,,,,,#N/A
,,,,,,,#N/A
13265,Germany,2002,460HP,1080kg with driver,4L-V8,RWD,51
,,,,,,,
,,,,,,,
,,,,,,,
,,,,,,,
"""Full Circuit",Italy,,36,2.702 km,Europe,,TC
,,,,,,,#N/A
10018,,,,,,,4
13355,Sweden,2023,226HP,1233kg with driver,Electric,,211
,,,,,,,#N/A
13355,Sweden,2023,226HP,1233kg with driver,Electric,,211
,,,,,,,
,,,,,,,
13355,Sweden,2023,226HP,1233kg with driver,Electric,,211
13355,Sweden,2023,226HP,1233kg with driver,Electric,,211
13355,Sweden,2023,226HP,1233kg with driver,Electric,,211
,,,,,,,
,,,,,,,
,,,,,,,
,,,,,,,
,,,,,,,
Classic,Belgium,,56,7.004 km,Europe,,TC
Combined,Belgium,,100,7.004 km,Europe,,TC
13355,Sweden,2023,226HP,1233kg with driver,Electric,,211
13355,Sweden,2023,226HP,1233kg with driver,Electric,,211
,,,,,,,
13355,Sweden,2023,226HP,1233kg with driver,Electric,,211
,,,,,,,
,,,,,,,
13355,Sweden,2023,226HP,1233kg with driver,Electric,,211
,,,,,,,
13355,Sweden,2023,226HP,1233kg with driver,Electric,,211
,,,,,,,
13355,Sweden,2023,226HP,1233kg with driver,Electric,,211
,,,,,,,
13355,Sweden,2023,226HP,1233kg with driver,Electric,,211
13355,Sweden,2023,226HP,1233kg with driver,Electric,,211
,,,,,,,
13355,Sweden,2023,226HP,1233kg with driver,Electric,,211
,,,,,,,
13355,Sweden,2023,226HP,1233kg with driver,Electric,,211
,,,,,,,
13355,Sweden,2023,226HP,1233kg with driver,Electric,,211
,,,,,,,
,,,,,,,
,,,,,,,
13355,Sweden,2023,226HP,1233kg with driver,Electric,,211
13394,France,2025,280HP,1135kg with driver,1.8L 4-cylinder,RWD,166
,,,,,,,
13394,France,2025,280HP,1135kg with driver,1.8L 4-cylinder,RWD,166
,,,,,,,
13398,France,2025,341 HP,1255kg including driver,1.8L 4-cylinder,RWD,165
,,,,,,,
13398,France,2025,341 HP,1255kg including driver,1.8L 4-cylinder,RWD,165
,,,,,,,
,,,,,,,
,,,,,,,
13355,Sweden,2023,226HP,1233kg with driver,Electric,,211
13355,Sweden,2023,226HP,1233kg with driver,Electric,,211
13355,Sweden,2023,226HP,1233kg with driver,Electric,,211
,,,,,,,
13394,France,2025,280HP,1135kg with driver,1.8L 4-cylinder,RWD,166
,,,,,,,
,,,,,,,
13355,Sweden,2023,226HP,1233kg with driver,Electric,,211
13355,Sweden,2023,226HP,1233kg with driver,Electric,,211
,,,,,,,
,,,,,,,
,,,,,,,
,,,,,,,
,,,,,,,
,,,,,,,
13355,Sweden,2023,226HP,1233kg with driver,Electric,,211
,,,,,,,
,,,,,,,
,,,,,,,
,,,,,,,
,,,,,,,
Full Circuit,Italy,,36,"3,745 km",Europe,,TC
,,,,,,,
,,,,,,,
,,,,,,,
12012,Germany,2021,503 bhp @ 8400rpm,1260 Kg,4.0l flat-6,RWD,104
,,,,,,,
,,,,,,,
,,,,,,,
,,,,,,,
,,,,,,,
,,,,,,,
,,,,,,,
,,,,,,,
,,,,,,,
,,,,,,,
13394,France,2025,280HP,1135kg with driver,1.8L 4-cylinder,RWD,166
,,,,,,,
13394,France,2025,280HP,1135kg with driver,1.8L 4-cylinder,RWD,166
,,,,,,,
13394,France,2025,280HP,1135kg with driver,1.8L 4-cylinder,RWD,166
,,,,,,,
13394,France,2025,280HP,1135kg with driver,1.8L 4-cylinder,RWD,166
,,,,,,,
13394,France,2025,280HP,1135kg with driver,1.8L 4-cylinder,RWD,166
,,,,,,,
13394,France,2025,280HP,1135kg with driver,1.8L 4-cylinder,RWD,166
,,,,,,,
13394,France,2025,280HP,1135kg with driver,1.8L 4-cylinder,RWD,166
,,,,,,,
13394,France,2025,280HP,1135kg with driver,1.8L 4-cylinder,RWD,166
,,,,,,,
13394,France,2025,280HP,1135kg with driver,1.8L 4-cylinder,RWD,166
,,,,,,,
13394,France,2025,280HP,1135kg with driver,1.8L 4-cylinder,RWD,166
,,,,,,,
13394,France,2025,280HP,1135kg with driver,1.8L 4-cylinder,RWD,166
,,,,,,,
13394,France,2025,280HP,1135kg with driver,1.8L 4-cylinder,RWD,166
,,,,,,,
13394,France,2025,280HP,1135kg with driver,1.8L 4-cylinder,RWD,166
,,,,,,,
13394,France,2025,280HP,1135kg with driver,1.8L 4-cylinder,RWD,166
Moto,Belgium,,56,7004,Europe,,TC
,,,,,,,
13394,France,2025,280HP,1135kg with driver,1.8L 4-cylinder,RWD,166
,,,,,,,
,,,,,,,
13394,France,2025,280HP,1135kg with driver,1.8L 4-cylinder,RWD,166
,,,,,,,
13394,France,2025,280HP,1135kg with driver,1.8L 4-cylinder,RWD,166
13394,France,2025,280HP,1135kg with driver,1.8L 4-cylinder,RWD,166
,,,,,,,
13394,France,2025,280HP,1135kg with driver,1.8L 4-cylinder,RWD,166
,,,,,,,
13394,France,2025,280HP,1135kg with driver,1.8L 4-cylinder,RWD,166
,,,,,,,
13394,France,2025,280HP,1135kg with driver,1.8L 4-cylinder,RWD,166
13398,France,2025,341 HP,1255kg including driver,1.8L 4-cylinder,RWD,165
13398,France,2025,341 HP,1255kg including driver,1.8L 4-cylinder,RWD,165
13398,France,2025,341 HP,1255kg including driver,1.8L 4-cylinder,RWD,165
,,,,,,,
13355,Sweden,2023,226HP,1233kg with driver,Electric,,211
13355,Sweden,2023,226HP,1233kg with driver,Electric,,211
,,,,,,,
13355,Sweden,2023,226HP,1233kg with driver,Electric,,211
,,,,,,,
,,,,,,,
,,,,,,,
13355,Sweden,2023,226HP,1233kg with driver,Electric,,211
,,,,,,,
,,,,,,,
13355,Sweden,2023,226HP,1233kg with driver,Electric,,211
,,,,,,,
,,,,,,,
,,,,,,,
,,,,,,,
,,,,,,,
,,,,,,,
,,,,,,,
13398,France,2025,341 HP,1255kg including driver,1.8L 4-cylinder,RWD,165
,,,,,,,
,,,,,,,
,,,,,,,
13398,France,2025,341 HP,1255kg including driver,1.8L 4-cylinder,RWD,165
,,,,,,,
13398,France,2025,341 HP,1255kg including driver,1.8L 4-cylinder,,165
13398,France,2025,341 HP,1255kg including driver,1.8L 4-cylinder,RWD,165
,,,,,,,
13398,France,2025,341 HP,1255kg including driver,1.8L 4-cylinder,RWD,165
,,,,,,,
,,,,,,,
,,,,,,,
12090,Germany,2022,575HP,1385kg with driver,4.0l flat-6,RWD,80
,,,,,,,#N/A
13398,France,2025,341 HP,1255kg including driver,1.8L 4-cylinder,RWD,165
,,,,,,,#N/A
,,,,,,,
,,,,,,,
,,,,,,,
13524,Germany,2022,575HP,1385kg with driver,4.0l flat-6,RWD,80
,,,,,,,#N/A
13524,Germany,2022,575HP,1385kg with driver,4.0l flat-6,RWD,80
13355,Sweden,2023,226HP,1233kg with driver,Electric,,211
13355,Sweden,2023,226HP,1233kg with driver,Electric,,211
,,,,,,,
,,,,,,,#N/A
12012,Germany,2021,503 bhp @ 8400rpm,1260 Kg,4.0l flat-6,RWD,104
,,,,,,,
,,,,,,,
,,,,,,,
,,,,,,,
,,,,,,,
,,,,,,,#N/A
6168,Germany,2019,585 BHP,1390kg with driver,6.3L V8,RWD,80
,,,,,,,
,,,,,,,
,,,,,,,
,,,,,,,
,,,,,,,
,,,,,,,
,,,,,,,
,,,,,,,
,,,,,,,
,,,,,,,
,,,,,,,
,,,,,,,
,,,,,,,
,,,,,,,
,,,,,,,#N/A
1741,Sweden,2010,415,1035,Inline-5,RWD,170
1741,Sweden,2010,415,1035,Inline-5,RWD,170
1741,Sweden,2010,415,1035,Inline-5,RWD,170
1741,Sweden,2010,415,1035,Inline-5,RWD,170
1741,Sweden,2010,415,1035,Inline-5,RWD,170
1741,Sweden,2010,415,1035,Inline-5,RWD,170
,,,,,,,
,,,,,,,
,,,,,,,
,,,,,,,#N/A
,,,,,,,#N/A
13524,Germany,2022,575HP,1385kg with driver,4.0l flat-6,RWD,80
13524,Germany,2022,575HP,1385kg with driver,4.0l flat-6,RWD,80
,,,,,,,
,,,,,,,#N/A
,,,,,,,#N/A
13524,Germany,2022,575HP,1385kg with driver,4.0l flat-6,RWD,80
,,,,,,,
13572,Germany,2026,575HP,1385kg with driver,4.0l flat-6,RWD,80
,,,,,,,#N/A
13572,Germany,2026,575HP,1385kg with driver,4.0l flat-6,RWD,80
,,,,,,,#N/A
13524,Germany,2022,575HP,1385kg with driver,4.0l flat-6,RWD,80
,,,,,,,#N/A
,,,,,,,#N/A
,,,,,,,#N/A
,,,,,,,#N/A
,,,,,,,#N/A
,,,,,,,#N/A
,,,,,,,#N/A
,,,,,,,#N/A
12771,Italy,2023,570BHP,1380kg with driver,5.2L V10,RWD,80
12771,Italy,2023,570BHP,1380kg with driver,5.2L V10,RWD,80
,,,,,,,
,,,,,,,
,,,,,,,
,,,,,,,
13591,United States,2026,550,1405kg with driver,,RWD,80
,,,,,,,#N/A
13591,United States,2026,550,1405kg with driver,,RWD,80
13594,Italy,2025,550,1405kg with driver,4.0L V8,RWD,80
,,,,,,,#N/A
13594,Italy,2025,550,1405kg with driver,4.0L V8,RWD,80
13597,Germany,2019,584 BHP,1390kg with driver,6.3L V8,RWD,80
,,,,,,,#N/A
13597,Germany,2019,585 BHP,1390kg with driver,6.3L V8,RWD,80
,,,,,,,#N/A
13572,Germany,2026,575HP,1385kg with driver,4.0l flat-6,RWD,80
13572,Germany,2026,575HP,1385kg with driver,4.0l flat-6,RWD,80
13603,United Kingdom,2025,545hp,1390g with driver,4.0L V8,RWD,80
,,,,,,,#N/A
13603,United Kingdom,2025,545hp,1390g with driver,4.0L V8,RWD,80
,,,,,,,
,,,,,,,#N/A
13597,Germany,2019,585 BHP,1390kg with driver,6.3L V8,RWD,80
13594,Italy,2025,550,1405kg with driver,4.0L V8,RWD,80
,,,,,,,
,,,,,,,#N/A
13597,Germany,2019,585 BHP,1390kg with driver,6.3L V8,RWD,80
,,,,,,,#N/A
13594,Italy,2025,550,1405kg with driver,4.0L V8,RWD,80
13594,Italy,2025,550,1405kg with driver,4.0L V8,RWD,80
13597,Germany,2019,585 BHP,1390kg with driver,6.3L V8,RWD,80
13617,Germany,2025,545bhp,1390Kg with driver,3.0l L6,RWD,80
,,,,,,,#N/A
13617,Germany,2025,545bhp,1390Kg with driver,3.0l L6,RWD,80
13620,United Kingdom,2021,575 BHP,1390kg with driver,4.0L V8,RWD,80
,,,,,,,#N/A
13620,United Kingdom,2021,575 BHP,1390kg with driver,4.0L V8,RWD,80
13617,Germany,2025,545bhp,1390Kg with driver,3.0l L6,RWD,80
13603,United Kingdom,2025,545hp,1390g with driver,4.0L V8,RWD,80
,,,,,,,
13591,United States,2026,550,1405kg with driver,,RWD,80
13620,United Kingdom,2021,575 BHP,1390kg with driver,4.0L V8,RWD,80
,,,,,,,
,,,,,,,
,,,,,,,
,,,,,,,
,,,,,,,
,,,,,,,#N/A
,,,,,,,
,,,,,,,
,,,,,,,
,,,,,,,
,,,,,,,
,,,,,,,
,,,,,,,
,,,,,,,
,,,,,,,
,,,,,,,
,,,,,,,
,,,,,,,
,,,,,,,
,,,,,,,
,,,,,,,
,,,,,,,
,,,,,,,
,,,,,,,
,,,,,,,
,,,,,,,
,,,,,,,
,,,,,,,
,,,,,,,
258,Germany,2013,570 BHP,860 KG,"3,4L V8",RWD,55